battle_id,battle_date,venue_id,battle_format,trainer_home_id,trainer_away_id,home_team_size,away_team_size,trainer_winner_id,trainer_loser_id,winning_side,battle_turns,winning_margin,title_match_flag,weather_condition,attendance
B000001,2025-07-11,V030,singles,T0123,T0127,1,1,T0123,T0127,home,5,84.68,0,Sunny,537
B000002,2025-12-03,V053,singles,T0027,T0164,1,1,T0027,T0164,home,8,112.76,0,Rain,518
B000003,2024-01-10,V008,singles,T0100,T0129,1,1,T0129,T0100,away,10,68.61,0,High Winds,231
B000004,2025-08-01,V003,triples,T0171,T0150,3,2,T0171,T0150,home,18,414.57,1,Breezy,586
B000005,2025-01-26,V007,triples,T0147,T0076,3,3,T0147,T0076,home,14,639.52,0,High Winds,1300
B000006,2025-04-24,V001,triples,T0115,T0167,3,3,T0167,T0115,away,24,112.72,1,Breezy,674
B000007,2025-01-23,V054,doubles,T0086,T0042,2,2,T0086,T0042,home,8,363.17,0,Rain,661
B000008,2024-06-13,V026,doubles,T0038,T0041,2,2,T0041,T0038,away,16,72.14,0,Fog,547
B000009,2026-02-19,V014,triples,T0144,T0173,3,3,T0144,T0173,home,15,405.66,0,Glittering,1618
B000010,2024-02-13,V014,triples,T0090,T0042,3,3,T0042,T0090,away,16,53.92,0,Glittering,1519
B000011,2025-08-13,V027,singles,T0082,T0126,1,1,T0126,T0082,away,8,236.19,0,Fog,746
B000012,2024-09-22,V005,doubles,T0013,T0124,2,2,T0013,T0124,home,10,385.71,0,Moonless,1308
B000013,2025-06-01,V030,singles,T0059,T0093,1,1,T0059,T0093,home,10,56.72,0,Sunny,628
B000014,2025-12-21,V042,triples,T0096,T0082,3,2,T0096,T0082,home,17,325.09,0,Smog,580
B000015,2025-03-22,V042,singles,T0004,T0136,1,1,T0136,T0004,away,9,242.18,0,Smog,786
B000016,2026-01-11,V016,triples,T0144,T0123,3,3,T0123,T0144,away,23,67.46,1,Clear,236
B000017,2024-05-22,V043,singles,T0024,T0087,1,1,T0024,T0087,home,15,72.16,0,Odd Aura,935
B000018,2024-12-15,V054,doubles,T0028,T0036,2,2,T0036,T0028,away,21,388.37,1,Rain,667
B000019,2024-06-04,V011,singles,T0163,T0091,1,1,T0163,T0091,home,10,138.8,0,Thunderstorm,92
B000020,2025-11-24,V006,triples,T0028,T0052,3,3,T0028,T0052,home,16,345.3,0,Moonless,578
B000021,2024-12-09,V012,singles,T0179,T0176,1,1,T0176,T0179,away,9,111.77,0,Thunderstorm,887
B000022,2024-03-16,V012,doubles,T0010,T0080,2,1,T0010,T0080,home,13,63.24,0,Thunderstorm,1129
B000023,2025-04-14,V048,doubles,T0066,T0027,2,2,T0066,T0027,home,11,253.08,0,Sandstorm,2301
B000024,2024-09-05,V048,doubles,T0119,T0176,2,2,T0119,T0176,home,8,438.52,0,Sandstorm,2017
B000025,2024-03-11,V004,doubles,T0060,T0118,2,2,T0060,T0118,home,14,178.6,0,Moonless,745
B000026,2025-12-27,V051,triples,T0126,T0068,3,3,T0126,T0068,home,22,274.35,1,Overcast,411
B000027,2024-12-08,V033,doubles,T0137,T0013,2,2,T0013,T0137,away,20,440.76,1,Dusty,1810
B000028,2024-02-21,V013,doubles,T0147,T0180,2,2,T0180,T0147,away,7,264.96,0,Glittering,1693
B000029,2024-06-24,V009,triples,T0068,T0147,3,3,T0147,T0068,away,14,39.71,0,High Winds,2048
B000030,2024-03-27,V039,doubles,T0040,T0096,2,2,T0040,T0096,home,11,873.14,0,Clear,586
B000031,2025-12-10,V001,singles,T0166,T0123,1,1,T0123,T0166,away,10,152.16,0,Breezy,736
B000032,2025-08-27,V017,doubles,T0094,T0050,2,2,T0050,T0094,away,9,500.18,0,Clear,761
B000033,2024-07-12,V038,singles,T0026,T0173,1,1,T0173,T0026,away,12,66.12,0,Clear,570
B000034,2024-11-08,V035,doubles,T0135,T0164,2,2,T0135,T0164,home,17,211.24,0,Hail,320
B000035,2025-02-23,V043,doubles,T0123,T0148,2,2,T0148,T0123,away,12,204.73,0,Odd Aura,1087
B000036,2024-08-01,V039,doubles,T0065,T0134,2,2,T0065,T0134,home,11,245.92,0,Clear,670
B000037,2025-03-30,V045,singles,T0020,T0152,1,1,T0020,T0152,home,11,240.02,0,Odd Aura,556
B000038,2024-11-01,V010,singles,T0030,T0035,1,1,T0035,T0030,away,5,117.98,0,Thunderstorm,803
B000039,2025-02-18,V038,singles,T0030,T0139,1,1,T0030,T0139,home,6,169.18,0,Clear,953
B000040,2024-08-18,V048,triples,T0018,T0082,3,3,T0018,T0082,home,19,358.31,1,Sandstorm,2023
B000041,2025-02-11,V026,doubles,T0033,T0028,2,2,T0028,T0033,away,11,150.9,0,Fog,788
B000042,2025-04-14,V008,singles,T0025,T0053,1,1,T0053,T0025,away,14,42.1,0,High Winds,291
B000043,2024-09-10,V024,singles,T0164,T0070,1,1,T0070,T0164,away,7,85.64,0,Windy,1067
B000044,2024-04-21,V012,triples,T0148,T0146,3,3,T0148,T0146,home,19,122.63,1,Thunderstorm,941
B000045,2025-09-12,V020,singles,T0004,T0008,1,1,T0004,T0008,home,11,25.02,0,Harsh Sun,1634
B000046,2024-08-11,V009,singles,T0168,T0092,1,1,T0168,T0092,home,8,227.38,0,High Winds,1829
B000047,2025-09-03,V018,singles,T0026,T0008,1,1,T0008,T0026,away,11,14.98,0,Clear,1428
B000048,2025-07-18,V028,doubles,T0026,T0093,2,2,T0093,T0026,away,21,35.04,1,Sunny,889
B000049,2024-09-16,V025,singles,T0165,T0163,1,1,T0163,T0165,away,4,12.37,0,Fog,1384
B000050,2024-06-07,V040,singles,T0159,T0102,1,1,T0159,T0102,home,7,68.43,0,Smog,263
B000051,2026-02-09,V025,doubles,T0126,T0095,2,2,T0126,T0095,home,14,63.19,0,Fog,1158
B000052,2026-01-20,V030,doubles,T0078,T0138,2,2,T0078,T0138,home,23,227.05,1,Sunny,1114
B000053,2026-01-07,V023,singles,T0139,T0020,1,1,T0020,T0139,away,13,41.86,0,Windy,1306
B000054,2024-03-02,V048,singles,T0145,T0112,1,1,T0112,T0145,away,10,1.08,0,Sandstorm,1770
B000055,2025-11-15,V009,triples,T0006,T0153,3,3,T0006,T0153,home,21,354.06,1,High Winds,1901
B000056,2024-06-27,V035,doubles,T0027,T0054,2,2,T0054,T0027,away,13,124.71,0,Hail,349
B000057,2025-08-20,V017,singles,T0125,T0129,1,1,T0129,T0125,away,6,264.95,0,Clear,753
B000058,2025-09-14,V008,doubles,T0058,T0046,2,2,T0058,T0046,home,19,47.49,0,High Winds,354
B000059,2024-02-18,V041,triples,T0168,T0174,3,3,T0174,T0168,away,16,88.11,0,Smog,611
B000060,2025-05-19,V022,singles,T0068,T0084,1,1,T0084,T0068,away,10,97.12,0,Windy,1228
B000061,2025-06-24,V021,singles,T0040,T0177,1,1,T0177,T0040,away,16,205.96,0,Harsh Sun,256
B000062,2024-09-15,V014,doubles,T0076,T0086,2,2,T0076,T0086,home,17,415.73,1,Glittering,1078
B000063,2025-08-21,V039,singles,T0049,T0112,1,1,T0112,T0049,away,9,11.32,0,Clear,694
B000064,2024-04-06,V024,singles,T0144,T0036,1,1,T0144,T0036,home,6,159.8,0,Windy,997
B000065,2024-12-10,V028,singles,T0071,T0091,1,1,T0071,T0091,home,10,201.07,0,Sunny,842
B000066,2025-05-23,V036,singles,T0172,T0049,1,1,T0049,T0172,away,12,203.99,0,Hail,764
B000067,2024-08-02,V014,singles,T0090,T0145,1,1,T0090,T0145,home,8,148.23,0,Glittering,1522
B000068,2024-12-24,V037,doubles,T0083,T0179,2,2,T0083,T0179,home,15,48.83,0,Clear,1127
B000069,2025-11-12,V042,doubles,T0120,T0071,2,2,T0071,T0120,away,12,207.51,0,Smog,901
B000070,2024-04-27,V035,triples,T0029,T0111,3,3,T0111,T0029,away,14,480.34,0,Hail,425
B000071,2025-08-16,V040,doubles,T0079,T0041,2,2,T0041,T0079,away,16,165.73,0,Smog,255
B000072,2025-07-13,V033,doubles,T0013,T0149,2,2,T0013,T0149,home,10,343.48,0,Dusty,1942
B000073,2024-01-01,V015,triples,T0086,T0149,3,3,T0149,T0086,away,17,110.26,0,Glittering,165
B000074,2025-08-25,V020,triples,T0016,T0051,3,3,T0016,T0051,home,18,221.34,1,Harsh Sun,1502
B000075,2024-02-19,V005,doubles,T0092,T0060,2,2,T0092,T0060,home,11,77.79,0,Moonless,939
B000076,2025-02-13,V036,singles,T0170,T0109,1,1,T0170,T0109,home,12,407.32,0,Hail,680
B000077,2025-08-21,V008,triples,T0147,T0156,3,3,T0147,T0156,home,24,275.26,1,High Winds,247
B000078,2025-03-22,V020,doubles,T0087,T0070,2,2,T0087,T0070,home,12,66.03,0,Harsh Sun,1694
B000079,2024-04-11,V024,doubles,T0165,T0040,2,2,T0040,T0165,away,14,225.39,1,Windy,1164
B000080,2024-11-06,V045,doubles,T0008,T0073,2,2,T0008,T0073,home,10,141.34,0,Odd Aura,575
B000081,2025-11-02,V047,triples,T0082,T0118,3,3,T0082,T0118,home,17,388.69,0,Sandstorm,273
B000082,2025-07-31,V009,singles,T0144,T0048,1,1,T0144,T0048,home,10,40.27,0,High Winds,2046
B000083,2025-09-27,V033,singles,T0094,T0068,1,1,T0068,T0094,away,7,136.8,0,Dusty,2068
B000084,2026-03-19,V014,doubles,T0058,T0026,2,2,T0058,T0026,home,10,72.17,0,Glittering,1067
B000085,2024-07-09,V041,singles,T0143,T0015,1,1,T0015,T0143,away,9,20.77,0,Smog,615
B000086,2024-01-12,V043,doubles,T0041,T0019,2,2,T0041,T0019,home,8,301.85,0,Odd Aura,1249
B000087,2024-03-09,V049,triples,T0170,T0031,3,3,T0170,T0031,home,10,242.62,0,Overcast,648
B000088,2024-09-15,V050,singles,T0160,T0103,1,1,T0103,T0160,away,7,8.96,0,Overcast,223
B000089,2025-08-18,V028,singles,T0041,T0135,1,1,T0041,T0135,home,6,87.77,0,Sunny,897
B000090,2025-10-30,V010,singles,T0107,T0053,1,1,T0107,T0053,home,15,202.48,0,Thunderstorm,598
B000091,2025-01-20,V044,singles,T0007,T0163,1,1,T0007,T0163,home,14,73.15,0,Odd Aura,1557
B000092,2024-01-21,V053,doubles,T0142,T0069,2,2,T0142,T0069,home,8,276.04,0,Rain,443
B000093,2024-04-01,V042,singles,T0146,T0091,1,1,T0091,T0146,away,12,150.58,0,Smog,517
B000094,2024-03-20,V012,doubles,T0122,T0074,2,2,T0122,T0074,home,12,290.21,0,Thunderstorm,1034
B000095,2025-03-10,V006,singles,T0116,T0161,1,1,T0161,T0116,away,14,158.73,0,Moonless,456
B000096,2024-12-18,V026,singles,T0119,T0129,1,1,T0119,T0129,home,13,192.99,0,Fog,710
B000097,2025-01-19,V018,singles,T0028,T0004,1,1,T0028,T0004,home,9,244.69,0,Clear,1203
B000098,2024-09-06,V048,singles,T0061,T0177,1,1,T0061,T0177,home,9,127.39,0,Sandstorm,1935
B000099,2025-03-01,V013,triples,T0089,T0132,3,3,T0089,T0132,home,11,174.23,0,Glittering,1835
B000100,2025-06-27,V025,doubles,T0114,T0117,2,2,T0117,T0114,away,13,324.66,0,Fog,1064
B000101,2024-03-11,V029,doubles,T0063,T0078,2,2,T0063,T0078,home,24,62.15,1,Sunny,465
B000102,2024-03-13,V053,singles,T0116,T0087,1,1,T0087,T0116,away,12,140.64,0,Rain,450
B000103,2026-01-25,V017,doubles,T0121,T0131,2,2,T0131,T0121,away,11,251.55,0,Clear,675
B000104,2024-05-21,V018,triples,T0076,T0130,3,3,T0130,T0076,away,24,239.78,1,Clear,1386
B000105,2026-03-15,V005,doubles,T0149,T0012,2,2,T0012,T0149,away,15,174.58,0,Moonless,1101
B000106,2026-02-23,V014,singles,T0089,T0050,1,1,T0089,T0050,home,13,34.12,0,Glittering,1908
B000107,2024-09-30,V012,doubles,T0030,T0176,2,2,T0176,T0030,away,10,25.05,0,Thunderstorm,1108
B000108,2024-08-11,V049,doubles,T0170,T0144,2,2,T0170,T0144,home,14,234.7,0,Overcast,845
B000109,2025-10-25,V014,singles,T0089,T0086,1,1,T0086,T0089,away,4,92.1,0,Glittering,1698
B000110,2024-12-18,V041,doubles,T0179,T0154,2,2,T0179,T0154,home,10,446.73,0,Smog,501
B000111,2024-05-28,V036,doubles,T0069,T0155,2,2,T0155,T0069,away,12,50.65,0,Hail,779
B000112,2025-12-25,V054,doubles,T0133,T0045,2,2,T0045,T0133,away,19,174.48,1,Rain,577
B000113,2024-06-01,V026,singles,T0134,T0040,1,1,T0134,T0040,home,10,192.08,0,Fog,652
B000114,2024-10-20,V047,singles,T0157,T0018,1,1,T0018,T0157,away,12,75.03,0,Sandstorm,139
B000115,2026-01-14,V033,doubles,T0153,T0052,2,2,T0052,T0153,away,22,304.0,1,Dusty,1633
B000116,2025-09-23,V035,singles,T0067,T0020,1,1,T0020,T0067,away,10,44.06,0,Hail,319
B000117,2025-12-12,V028,doubles,T0007,T0144,2,2,T0144,T0007,away,13,81.18,0,Sunny,929
B000118,2025-07-12,V013,doubles,T0147,T0043,2,2,T0147,T0043,home,14,231.03,0,Glittering,1677
B000119,2024-06-05,V020,doubles,T0060,T0101,2,2,T0101,T0060,away,7,13.9,0,Harsh Sun,1799
B000120,2024-01-05,V039,singles,T0068,T0092,1,1,T0068,T0092,home,12,14.85,0,Clear,631
B000121,2025-05-22,V004,doubles,T0128,T0084,2,2,T0128,T0084,home,12,187.88,0,Moonless,913
B000122,2024-03-04,V002,triples,T0115,T0129,3,3,T0129,T0115,away,13,241.45,0,Breezy,1174
B000123,2025-06-22,V054,singles,T0111,T0058,1,1,T0111,T0058,home,11,64.99,0,Rain,480
B000124,2026-01-29,V022,doubles,T0083,T0088,2,2,T0083,T0088,home,11,417.85,0,Windy,1294
B000125,2024-08-28,V009,singles,T0006,T0141,1,1,T0006,T0141,home,8,162.12,0,High Winds,1942
B000126,2024-02-29,V044,triples,T0168,T0121,3,3,T0121,T0168,away,13,155.33,0,Odd Aura,1641
B000127,2025-11-18,V009,singles,T0175,T0129,1,1,T0129,T0175,away,11,283.49,0,High Winds,2065
B000128,2025-04-14,V031,doubles,T0078,T0061,2,2,T0078,T0061,home,14,193.79,0,Dusty,426
B000129,2024-09-18,V004,doubles,T0161,T0031,2,2,T0031,T0161,away,18,317.81,0,Moonless,677
B000130,2024-07-10,V018,singles,T0104,T0064,1,1,T0104,T0064,home,13,155.35,0,Clear,1573
B000131,2024-11-11,V016,doubles,T0103,T0146,2,2,T0103,T0146,home,7,423.23,0,Clear,193
B000132,2024-12-04,V019,triples,T0057,T0106,3,3,T0057,T0106,home,15,732.65,0,Harsh Sun,1346
B000133,2025-06-13,V043,triples,T0041,T0014,3,3,T0041,T0014,home,16,687.33,0,Odd Aura,957
B000134,2025-10-24,V011,doubles,T0060,T0173,2,3,T0173,T0060,away,13,99.16,0,Thunderstorm,200
B000135,2024-11-01,V024,singles,T0070,T0086,1,1,T0086,T0070,away,10,227.8,0,Windy,1195
B000136,2024-07-07,V031,singles,T0098,T0138,1,1,T0138,T0098,away,14,175.78,0,Dusty,404
B000137,2026-01-21,V005,triples,T0115,T0124,3,3,T0124,T0115,away,17,292.2,0,Moonless,1214
B000138,2024-11-17,V002,singles,T0083,T0077,1,1,T0077,T0083,away,11,192.1,0,Breezy,1332
B000139,2024-03-08,V050,triples,T0089,T0158,3,3,T0089,T0158,home,13,555.06,0,Overcast,155
B000140,2025-11-06,V006,doubles,T0125,T0071,2,2,T0125,T0071,home,12,116.59,0,Moonless,441
B000141,2025-07-06,V019,singles,T0165,T0135,1,1,T0165,T0135,home,14,165.03,0,Harsh Sun,1139
B000142,2025-07-05,V029,singles,T0153,T0079,1,1,T0153,T0079,home,8,223.39,0,Sunny,431
B000143,2025-07-08,V023,doubles,T0111,T0061,2,2,T0111,T0061,home,13,221.84,0,Windy,1267
B000144,2025-04-29,V048,singles,T0119,T0176,1,1,T0176,T0119,away,13,125.78,0,Sandstorm,1938
B000145,2026-02-23,V020,doubles,T0031,T0153,2,2,T0031,T0153,home,14,233.34,0,Harsh Sun,1676
B000146,2024-08-12,V013,doubles,T0088,T0079,2,2,T0088,T0079,home,11,279.79,0,Glittering,1929
B000147,2024-01-21,V020,triples,T0148,T0023,3,3,T0148,T0023,home,17,43.88,0,Harsh Sun,1798
B000148,2026-01-09,V027,singles,T0149,T0112,1,1,T0112,T0149,away,10,3.93,0,Fog,715
B000149,2024-04-27,V030,triples,T0051,T0066,3,3,T0051,T0066,home,12,158.7,0,Sunny,821
B000150,2025-10-23,V025,triples,T0069,T0073,3,3,T0069,T0073,home,14,116.48,0,Fog,1250
B000151,2025-07-03,V044,triples,T0080,T0075,3,3,T0080,T0075,home,17,668.47,0,Odd Aura,1480
B000152,2024-09-09,V001,triples,T0013,T0046,3,3,T0013,T0046,home,17,265.67,0,Breezy,744
B000153,2024-06-17,V053,doubles,T0084,T0161,2,2,T0084,T0161,home,20,66.45,1,Rain,413
B000154,2024-03-28,V031,singles,T0101,T0109,1,1,T0101,T0109,home,9,146.72,0,Dusty,446
B000155,2025-02-23,V028,doubles,T0116,T0096,2,2,T0096,T0116,away,4,251.45,0,Sunny,546
B000156,2026-02-23,V037,singles,T0022,T0062,1,1,T0062,T0022,away,15,142.51,0,Clear,1036
B000157,2024-01-30,V001,triples,T0147,T0043,3,3,T0147,T0043,home,12,172.87,0,Breezy,783
B000158,2026-01-07,V021,triples,T0166,T0129,3,3,T0166,T0129,home,16,191.35,0,Harsh Sun,262
B000159,2025-07-29,V036,singles,T0050,T0093,1,1,T0093,T0050,away,12,58.59,0,Hail,799
B000160,2024-12-20,V046,triples,T0120,T0055,3,3,T0055,T0120,away,15,497.65,1,Sandstorm,580
B000161,2024-08-02,V053,doubles,T0069,T0007,2,2,T0069,T0007,home,15,132.15,0,Rain,469
B000162,2024-03-21,V014,triples,T0138,T0167,3,3,T0167,T0138,away,11,217.43,0,Glittering,1135
B000163,2024-07-02,V020,triples,T0024,T0109,3,3,T0024,T0109,home,13,567.87,0,Harsh Sun,1681
B000164,2024-08-18,V037,doubles,T0117,T0028,2,2,T0117,T0028,home,8,476.03,0,Clear,1039
B000165,2026-02-11,V014,doubles,T0053,T0156,2,2,T0053,T0156,home,13,108.26,0,Glittering,1793
B000166,2026-02-01,V047,doubles,T0134,T0089,2,3,T0089,T0134,away,11,536.13,0,Sandstorm,334
B000167,2025-11-23,V023,singles,T0105,T0056,1,1,T0056,T0105,away,8,138.36,0,Windy,1475
B000168,2025-07-08,V022,doubles,T0028,T0077,2,1,T0028,T0077,home,15,138.6,0,Windy,1176
B000169,2024-04-18,V038,doubles,T0111,T0055,2,2,T0111,T0055,home,13,20.54,0,Clear,939
B000170,2024-06-29,V015,singles,T0079,T0180,1,1,T0180,T0079,away,10,269.4,0,Glittering,162
B000171,2025-02-25,V011,singles,T0174,T0019,1,1,T0019,T0174,away,11,122.86,0,Thunderstorm,157
B000172,2024-07-02,V051,doubles,T0069,T0064,2,2,T0069,T0064,home,7,543.4,0,Overcast,552
B000173,2025-01-19,V025,doubles,T0004,T0168,2,1,T0004,T0168,home,12,344.4,0,Fog,1136
B000174,2025-03-26,V039,triples,T0109,T0136,3,3,T0136,T0109,away,19,43.24,0,Clear,725
B000175,2024-11-06,V050,singles,T0158,T0130,1,1,T0130,T0158,away,9,78.56,0,Overcast,190
B000176,2024-03-24,V038,doubles,T0109,T0088,2,2,T0088,T0109,away,12,327.15,0,Clear,887
B000177,2024-03-01,V049,singles,T0167,T0004,1,1,T0004,T0167,away,6,176.35,0,Overcast,776
B000178,2025-01-03,V053,triples,T0112,T0061,3,3,T0112,T0061,home,12,320.36,0,Rain,443
B000179,2024-12-25,V043,doubles,T0043,T0172,2,2,T0172,T0043,away,13,191.97,0,Odd Aura,1157
B000180,2024-04-15,V044,doubles,T0022,T0165,2,2,T0165,T0022,away,6,256.97,0,Odd Aura,1418
B000181,2025-08-03,V044,doubles,T0018,T0056,2,2,T0018,T0056,home,11,493.76,0,Odd Aura,1486
B000182,2026-02-10,V031,triples,T0015,T0023,3,3,T0015,T0023,home,8,363.1,0,Dusty,456
B000183,2024-07-15,V006,triples,T0066,T0098,3,3,T0098,T0066,away,10,483.78,0,Moonless,546
B000184,2024-11-09,V053,singles,T0053,T0018,1,1,T0053,T0018,home,7,175.82,0,Rain,496
B000185,2024-07-07,V036,doubles,T0115,T0018,2,2,T0018,T0115,away,12,82.46,0,Hail,673
B000186,2026-01-16,V004,doubles,T0069,T0119,2,2,T0119,T0069,away,4,123.44,0,Moonless,835
B000187,2026-01-05,V002,doubles,T0146,T0010,2,2,T0010,T0146,away,18,57.32,0,Breezy,1071
B000188,2024-01-15,V026,doubles,T0077,T0063,2,2,T0063,T0077,away,13,32.33,0,Fog,705
B000189,2024-01-02,V051,doubles,T0074,T0057,2,2,T0057,T0074,away,8,263.37,0,Overcast,468
B000190,2025-10-02,V016,doubles,T0044,T0059,2,2,T0044,T0059,home,17,21.98,0,Clear,156
B000191,2024-02-26,V048,singles,T0020,T0141,1,1,T0020,T0141,home,15,26.15,0,Sandstorm,2396
B000192,2026-03-21,V040,singles,T0134,T0020,1,1,T0134,T0020,home,12,250.08,0,Smog,249
B000193,2025-04-10,V046,doubles,T0036,T0075,2,2,T0036,T0075,home,21,340.8,1,Sandstorm,476
B000194,2026-02-20,V016,doubles,T0131,T0024,2,2,T0131,T0024,home,11,200.51,0,Clear,218
B000195,2025-04-26,V012,triples,T0030,T0057,3,3,T0030,T0057,home,17,257.95,0,Thunderstorm,785
B000196,2024-10-27,V022,doubles,T0082,T0045,2,3,T0045,T0082,away,17,333.26,1,Windy,656
B000197,2025-12-27,V047,singles,T0014,T0020,1,1,T0014,T0020,home,8,126.13,0,Sandstorm,353
B000198,2024-07-03,V026,doubles,T0159,T0068,2,2,T0068,T0159,away,11,249.63,0,Fog,691
B000199,2025-08-13,V030,singles,T0009,T0087,1,1,T0087,T0009,away,11,127.47,0,Sunny,483
B000200,2025-01-23,V052,doubles,T0086,T0085,2,2,T0086,T0085,home,16,333.19,0,Rain,669
B000201,2026-03-12,V053,doubles,T0071,T0149,2,2,T0149,T0071,away,14,34.69,0,Rain,384
B000202,2025-10-10,V027,doubles,T0169,T0098,2,2,T0098,T0169,away,10,278.84,0,Fog,729
B000203,2025-08-03,V039,triples,T0084,T0114,3,3,T0084,T0114,home,15,291.23,0,Clear,662
B000204,2024-06-23,V011,doubles,T0149,T0158,2,2,T0149,T0158,home,15,55.46,1,Thunderstorm,161
B000205,2024-04-20,V033,triples,T0006,T0050,3,3,T0006,T0050,home,15,6.6,0,Dusty,1869
B000206,2025-07-10,V012,singles,T0079,T0112,1,1,T0112,T0079,away,7,301.4,0,Thunderstorm,822
B000207,2025-04-19,V036,singles,T0067,T0016,1,1,T0016,T0067,away,13,138.99,0,Hail,727
B000208,2025-06-25,V044,singles,T0041,T0073,1,1,T0073,T0041,away,11,39.21,0,Odd Aura,1483
B000209,2026-02-24,V027,doubles,T0128,T0092,2,2,T0128,T0092,home,12,233.55,0,Fog,752
B000210,2024-04-27,V017,doubles,T0044,T0050,2,2,T0050,T0044,away,11,253.41,0,Clear,717
B000211,2024-02-28,V039,singles,T0141,T0035,1,1,T0035,T0141,away,10,201.92,0,Clear,717
B000212,2024-06-15,V012,triples,T0088,T0154,3,3,T0088,T0154,home,12,217.31,0,Thunderstorm,1028
B000213,2026-03-04,V021,doubles,T0134,T0027,2,2,T0027,T0134,away,14,275.51,0,Harsh Sun,135
B000214,2025-03-12,V041,triples,T0063,T0160,3,3,T0063,T0160,home,24,400.44,1,Smog,556
B000215,2024-03-28,V048,triples,T0119,T0056,3,3,T0119,T0056,home,15,247.41,0,Sandstorm,2107
B000216,2024-12-14,V028,singles,T0031,T0082,1,1,T0082,T0031,away,6,286.75,0,Sunny,843
B000217,2024-03-14,V018,singles,T0173,T0178,1,1,T0178,T0173,away,8,395.14,0,Clear,1792
B000218,2025-04-05,V034,triples,T0101,T0038,3,3,T0038,T0101,away,15,320.7,0,Hail,1738
B000219,2025-10-23,V021,doubles,T0178,T0139,2,2,T0139,T0178,away,16,38.19,0,Harsh Sun,260
B000220,2025-09-05,V034,singles,T0020,T0168,1,1,T0020,T0168,home,9,32.44,0,Hail,1634
B000221,2024-08-13,V029,doubles,T0127,T0068,2,2,T0127,T0068,home,14,246.78,0,Sunny,566
B000222,2025-05-06,V012,doubles,T0080,T0151,2,2,T0080,T0151,home,10,210.77,0,Thunderstorm,989
B000223,2024-02-03,V036,singles,T0119,T0009,1,1,T0009,T0119,away,5,54.54,0,Hail,686
B000224,2026-03-06,V031,doubles,T0142,T0127,2,2,T0142,T0127,home,24,480.52,1,Dusty,483
B000225,2025-09-10,V007,doubles,T0016,T0054,2,2,T0054,T0016,away,11,81.1,0,High Winds,1494
B000226,2024-11-11,V021,doubles,T0052,T0023,2,2,T0052,T0023,home,13,551.45,0,Harsh Sun,234
B000227,2025-01-22,V048,doubles,T0012,T0064,2,2,T0012,T0064,home,8,118.42,0,Sandstorm,2191
B000228,2025-05-09,V017,doubles,T0149,T0031,2,2,T0031,T0149,away,8,246.45,0,Clear,564
B000229,2025-09-22,V036,doubles,T0050,T0159,2,2,T0050,T0159,home,7,83.86,0,Hail,702
B000230,2024-04-01,V047,triples,T0111,T0055,3,3,T0055,T0111,away,5,6.11,0,Sandstorm,357
B000231,2025-06-23,V002,triples,T0105,T0163,3,3,T0105,T0163,home,15,91.84,0,Breezy,961
B000232,2025-05-05,V015,doubles,T0099,T0142,2,2,T0099,T0142,home,12,12.71,0,Glittering,123
B000233,2025-03-01,V050,singles,T0148,T0135,1,1,T0135,T0148,away,10,40.97,0,Overcast,222
B000234,2024-07-15,V040,triples,T0096,T0154,3,3,T0096,T0154,home,13,571.87,0,Smog,281
B000235,2024-03-05,V029,singles,T0080,T0018,1,1,T0080,T0018,home,12,130.76,0,Sunny,436
B000236,2026-03-14,V024,singles,T0071,T0176,1,1,T0176,T0071,away,11,322.91,0,Windy,1006
B000237,2025-07-23,V013,singles,T0015,T0055,1,1,T0015,T0055,home,4,40.13,0,Glittering,1562
B000238,2026-03-24,V037,singles,T0042,T0167,1,1,T0167,T0042,away,13,2.8,0,Clear,1186
B000239,2024-08-04,V047,doubles,T0064,T0099,2,2,T0099,T0064,away,9,84.53,0,Sandstorm,370
B000240,2025-11-29,V007,doubles,T0084,T0060,2,2,T0060,T0084,away,14,37.7,0,High Winds,1510
B000241,2024-04-21,V054,doubles,T0027,T0017,2,2,T0017,T0027,away,15,151.33,0,Rain,610
B000242,2025-12-29,V032,singles,T0037,T0174,1,1,T0037,T0174,home,9,301.48,0,Dusty,1258
B000243,2025-12-15,V027,doubles,T0043,T0003,2,2,T0043,T0003,home,13,203.21,0,Fog,794
B000244,2025-01-15,V042,singles,T0103,T0089,1,1,T0089,T0103,away,12,393.88,0,Smog,761
B000245,2026-02-04,V036,singles,T0057,T0135,1,1,T0135,T0057,away,11,145.19,0,Hail,799
B000246,2025-08-14,V013,doubles,T0035,T0116,2,2,T0035,T0116,home,6,129.93,0,Glittering,1612
B000247,2024-01-23,V028,triples,T0151,T0120,3,3,T0151,T0120,home,18,337.77,0,Sunny,615
B000248,2025-04-28,V025,singles,T0088,T0014,1,1,T0088,T0014,home,14,210.07,0,Fog,1255
B000249,2025-11-04,V025,singles,T0089,T0086,1,1,T0089,T0086,home,10,390.5,0,Fog,1043
B000250,2025-10-27,V015,doubles,T0032,T0004,2,2,T0032,T0004,home,5,700.02,0,Glittering,202
B000251,2025-09-02,V010,doubles,T0090,T0027,2,2,T0090,T0027,home,11,98.7,0,Thunderstorm,743
B000252,2025-10-09,V041,triples,T0168,T0025,3,3,T0168,T0025,home,22,4.19,1,Smog,547
B000253,2024-07-04,V016,singles,T0131,T0096,1,1,T0131,T0096,home,9,41.45,0,Clear,140
B000254,2024-08-31,V037,singles,T0121,T0155,1,1,T0121,T0155,home,7,130.86,0,Clear,1139
B000255,2024-10-23,V047,doubles,T0020,T0116,2,2,T0116,T0020,away,15,109.14,0,Sandstorm,313
B000256,2025-09-30,V047,singles,T0069,T0002,1,1,T0069,T0002,home,6,9.53,0,Sandstorm,314
B000257,2025-12-01,V039,doubles,T0079,T0056,2,2,T0079,T0056,home,12,298.44,0,Clear,684
B000258,2025-06-09,V036,doubles,T0085,T0057,2,2,T0057,T0085,away,13,136.72,0,Hail,786
B000259,2025-06-08,V052,doubles,T0133,T0168,2,1,T0133,T0168,home,15,321.88,0,Rain,678
B000260,2025-05-18,V042,doubles,T0045,T0091,2,2,T0091,T0045,away,7,333.44,0,Smog,722
B000261,2024-11-22,V044,singles,T0163,T0016,1,1,T0016,T0163,away,7,35.87,0,Odd Aura,1528
B000262,2024-08-24,V028,singles,T0029,T0138,1,1,T0138,T0029,away,8,8.32,0,Sunny,814
B000263,2024-03-09,V052,triples,T0007,T0120,3,3,T0007,T0120,home,19,325.85,0,Rain,843
B000264,2025-11-11,V017,doubles,T0011,T0008,2,1,T0011,T0008,home,14,325.83,1,Clear,805
B000265,2026-01-18,V003,singles,T0117,T0005,1,1,T0117,T0005,home,13,90.35,0,Breezy,386
B000266,2024-08-12,V003,triples,T0038,T0009,3,3,T0038,T0009,home,19,88.23,0,Breezy,607
B000267,2024-05-19,V009,doubles,T0043,T0154,2,2,T0043,T0154,home,11,205.9,0,High Winds,1940
B000268,2025-05-19,V008,triples,T0014,T0070,3,3,T0014,T0070,home,11,172.2,0,High Winds,405
B000269,2024-02-27,V053,doubles,T0053,T0005,2,2,T0053,T0005,home,6,45.99,0,Rain,510
B000270,2024-05-17,V029,singles,T0053,T0033,1,1,T0053,T0033,home,8,196.0,0,Sunny,446
B000271,2025-04-22,V013,triples,T0168,T0083,3,2,T0168,T0083,home,12,742.12,0,Glittering,1370
B000272,2026-02-25,V012,triples,T0098,T0061,3,3,T0061,T0098,away,18,341.91,0,Thunderstorm,1100
B000273,2025-01-24,V051,doubles,T0012,T0089,2,2,T0089,T0012,away,23,113.8,1,Overcast,493
B000274,2024-08-29,V038,doubles,T0062,T0147,2,2,T0062,T0147,home,12,339.2,0,Clear,805
B000275,2025-09-20,V010,triples,T0003,T0167,3,3,T0003,T0167,home,14,146.35,0,Thunderstorm,524
B000276,2026-03-29,V022,triples,T0172,T0013,3,3,T0013,T0172,away,8,80.3,0,Windy,985
B000277,2024-07-09,V046,singles,T0030,T0012,1,1,T0012,T0030,away,10,80.87,0,Sandstorm,313
B000278,2025-09-28,V025,triples,T0082,T0153,3,3,T0082,T0153,home,17,53.97,0,Fog,1171
B000279,2024-07-19,V010,doubles,T0042,T0066,2,2,T0066,T0042,away,16,284.94,0,Thunderstorm,600
B000280,2025-03-11,V006,singles,T0169,T0149,1,1,T0169,T0149,home,8,171.26,0,Moonless,353
B000281,2025-11-26,V044,doubles,T0054,T0121,2,3,T0121,T0054,away,13,451.0,0,Odd Aura,1691
B000282,2024-07-26,V015,singles,T0032,T0158,1,1,T0032,T0158,home,9,17.59,0,Glittering,160
B000283,2024-04-13,V016,doubles,T0001,T0057,2,2,T0057,T0001,away,19,55.82,1,Clear,224
B000284,2025-08-02,V051,doubles,T0167,T0114,2,2,T0167,T0114,home,7,235.48,0,Overcast,596
B000285,2024-02-08,V048,triples,T0151,T0034,3,3,T0034,T0151,away,15,31.54,0,Sandstorm,1872
B000286,2025-11-09,V012,doubles,T0031,T0092,2,2,T0092,T0031,away,9,33.44,0,Thunderstorm,1068
B000287,2026-01-02,V046,doubles,T0162,T0105,2,2,T0162,T0105,home,11,123.75,0,Sandstorm,556
B000288,2024-07-26,V034,doubles,T0069,T0088,2,2,T0069,T0088,home,10,58.2,0,Hail,1609
B000289,2024-03-03,V005,doubles,T0050,T0022,2,2,T0050,T0022,home,21,134.79,1,Moonless,1051
B000290,2025-11-09,V016,doubles,T0131,T0132,2,2,T0131,T0132,home,7,284.63,0,Clear,185
B000291,2024-08-08,V018,triples,T0148,T0143,3,3,T0148,T0143,home,16,290.43,0,Clear,1330
B000292,2025-03-27,V006,singles,T0022,T0083,1,1,T0022,T0083,home,11,17.3,0,Moonless,479
B000293,2025-12-21,V009,triples,T0088,T0155,3,3,T0088,T0155,home,14,343.03,0,High Winds,1967
B000294,2024-08-09,V013,triples,T0034,T0067,3,3,T0034,T0067,home,19,554.23,0,Glittering,1617
B000295,2025-04-07,V010,singles,T0099,T0109,1,1,T0099,T0109,home,13,195.38,0,Thunderstorm,578
B000296,2026-02-20,V042,triples,T0013,T0053,3,3,T0013,T0053,home,14,587.29,0,Smog,758
B000297,2025-07-23,V039,singles,T0174,T0168,1,1,T0174,T0168,home,9,168.19,0,Clear,675
B000298,2024-02-27,V007,doubles,T0138,T0144,2,2,T0144,T0138,away,12,21.79,0,High Winds,1387
B000299,2025-11-01,V005,triples,T0017,T0050,3,3,T0050,T0017,away,14,464.24,0,Moonless,1160
B000300,2025-10-27,V054,triples,T0177,T0027,3,3,T0027,T0177,away,14,84.32,0,Rain,625
B000301,2025-03-07,V005,doubles,T0129,T0117,2,2,T0117,T0129,away,19,40.51,1,Moonless,1014
B000302,2025-06-08,V030,doubles,T0013,T0159,2,1,T0013,T0159,home,15,634.41,0,Sunny,586
B000303,2024-12-29,V022,triples,T0164,T0108,3,3,T0108,T0164,away,14,210.93,0,Windy,1239
B000304,2026-01-07,V036,doubles,T0050,T0072,2,2,T0050,T0072,home,14,403.1,0,Hail,731
B000305,2025-12-14,V029,triples,T0162,T0002,3,3,T0002,T0162,away,20,195.76,0,Sunny,524
B000306,2025-05-28,V042,doubles,T0073,T0081,2,2,T0073,T0081,home,13,197.12,0,Smog,651
B000307,2025-08-04,V021,singles,T0112,T0086,1,2,T0086,T0112,away,18,684.84,0,Harsh Sun,200
B000308,2024-02-18,V017,singles,T0030,T0051,1,1,T0030,T0051,home,9,203.49,0,Clear,654
B000309,2025-07-19,V008,singles,T0028,T0168,1,1,T0168,T0028,away,9,222.25,0,High Winds,530
B000310,2025-12-07,V032,triples,T0165,T0118,3,3,T0165,T0118,home,14,469.03,0,Dusty,1346
B000311,2025-08-21,V029,doubles,T0052,T0086,2,2,T0052,T0086,home,15,113.53,0,Sunny,444
B000312,2026-02-15,V054,singles,T0048,T0069,1,2,T0069,T0048,away,9,322.77,0,Rain,537
B000313,2024-08-17,V009,singles,T0029,T0007,1,1,T0007,T0029,away,11,267.69,0,High Winds,1855
B000314,2024-10-27,V046,doubles,T0130,T0099,2,2,T0130,T0099,home,15,614.86,0,Sandstorm,516
B000315,2024-12-01,V047,doubles,T0049,T0035,2,2,T0035,T0049,away,4,118.62,0,Sandstorm,265
B000316,2024-10-19,V006,doubles,T0004,T0098,2,2,T0098,T0004,away,13,34.09,0,Moonless,571
B000317,2025-05-15,V023,triples,T0035,T0161,3,3,T0035,T0161,home,17,157.85,1,Windy,1353
B000318,2026-01-17,V006,doubles,T0064,T0118,2,2,T0118,T0064,away,15,491.43,0,Moonless,287
B000319,2025-06-02,V039,singles,T0175,T0025,1,1,T0175,T0025,home,12,3.69,0,Clear,684
B000320,2025-08-19,V031,doubles,T0108,T0153,2,2,T0108,T0153,home,11,62.67,0,Dusty,467
B000321,2025-01-11,V052,singles,T0092,T0082,1,1,T0092,T0082,home,13,10.56,0,Rain,734
B000322,2025-12-16,V053,singles,T0003,T0052,1,1,T0052,T0003,away,12,49.66,0,Rain,430
B000323,2024-12-28,V018,triples,T0030,T0096,3,3,T0030,T0096,home,19,187.86,0,Clear,1210
B000324,2025-07-24,V009,singles,T0006,T0049,1,1,T0006,T0049,home,10,74.55,0,High Winds,1731
B000325,2025-12-01,V048,singles,T0058,T0019,1,1,T0019,T0058,away,12,122.34,0,Sandstorm,1995
B000326,2025-07-27,V006,doubles,T0133,T0067,2,2,T0133,T0067,home,19,266.48,1,Moonless,417
B000327,2024-06-22,V015,singles,T0060,T0100,1,1,T0100,T0060,away,8,215.46,0,Glittering,120
B000328,2024-04-18,V014,doubles,T0085,T0098,2,2,T0098,T0085,away,13,218.54,0,Glittering,1529
B000329,2024-11-08,V008,doubles,T0156,T0060,2,2,T0060,T0156,away,10,148.23,0,High Winds,313
B000330,2025-05-05,V005,singles,T0024,T0074,1,1,T0024,T0074,home,10,221.34,0,Moonless,993
B000331,2024-02-01,V049,doubles,T0041,T0002,2,2,T0041,T0002,home,9,22.96,0,Overcast,704
B000332,2025-12-13,V007,singles,T0089,T0119,1,1,T0089,T0119,home,7,189.54,0,High Winds,1653
B000333,2025-08-26,V004,triples,T0023,T0035,3,3,T0023,T0035,home,16,355.64,0,Moonless,920
B000334,2025-07-29,V008,doubles,T0028,T0119,2,2,T0119,T0028,away,15,14.67,0,High Winds,255
B000335,2025-08-19,V024,triples,T0139,T0056,3,3,T0139,T0056,home,10,329.37,0,Windy,769
B000336,2024-07-06,V007,triples,T0103,T0143,3,3,T0143,T0103,away,12,131.61,0,High Winds,1211
B000337,2024-09-20,V037,doubles,T0062,T0090,2,2,T0090,T0062,away,23,47.47,1,Clear,995
B000338,2024-04-13,V020,singles,T0139,T0157,1,1,T0139,T0157,home,6,63.14,0,Harsh Sun,1531
B000339,2024-10-29,V031,singles,T0060,T0061,1,1,T0060,T0061,home,13,552.36,0,Dusty,478
B000340,2026-03-14,V049,triples,T0127,T0123,3,3,T0123,T0127,away,15,769.01,0,Overcast,689
B000341,2024-04-02,V025,doubles,T0107,T0018,2,2,T0107,T0018,home,11,292.12,0,Fog,1201
B000342,2025-12-22,V005,singles,T0118,T0176,1,1,T0176,T0118,away,8,239.81,0,Moonless,1230
B000343,2024-08-11,V033,singles,T0084,T0150,1,1,T0084,T0150,home,14,41.16,0,Dusty,1615
B000344,2024-04-15,V014,doubles,T0168,T0127,2,2,T0168,T0127,home,17,196.76,0,Glittering,1488
B000345,2025-05-08,V044,singles,T0152,T0157,1,1,T0157,T0152,away,10,37.8,0,Odd Aura,1776
B000346,2024-04-28,V033,doubles,T0142,T0024,2,2,T0142,T0024,home,22,266.52,1,Dusty,2068
B000347,2024-01-29,V032,singles,T0047,T0030,1,1,T0047,T0030,home,8,79.17,0,Dusty,1371
B000348,2026-02-07,V014,triples,T0144,T0046,3,3,T0144,T0046,home,14,49.8,0,Glittering,1309
B000349,2024-02-12,V018,singles,T0008,T0009,1,1,T0009,T0008,away,5,85.11,0,Clear,1536
B000350,2025-06-28,V004,singles,T0147,T0139,1,1,T0147,T0139,home,5,108.28,0,Moonless,579
B000351,2025-08-03,V029,doubles,T0030,T0058,2,2,T0058,T0030,away,13,57.65,0,Sunny,574
B000352,2025-11-08,V021,singles,T0064,T0084,1,1,T0084,T0064,away,8,126.4,0,Harsh Sun,215
B000353,2026-02-01,V049,singles,T0134,T0176,1,1,T0134,T0176,home,9,269.55,0,Overcast,743
B000354,2025-12-04,V018,doubles,T0028,T0140,2,1,T0028,T0140,home,9,591.47,0,Clear,1522
B000355,2024-04-25,V018,doubles,T0061,T0168,2,2,T0061,T0168,home,12,57.04,0,Clear,1302
B000356,2024-12-31,V049,doubles,T0152,T0178,2,2,T0178,T0152,away,10,122.53,0,Overcast,820
B000357,2026-01-31,V038,singles,T0075,T0082,1,1,T0082,T0075,away,10,155.82,0,Clear,1010
B000358,2025-03-13,V014,singles,T0119,T0163,1,1,T0163,T0119,away,12,33.33,0,Glittering,1233
B000359,2024-08-14,V022,singles,T0162,T0174,1,1,T0162,T0174,home,9,56.15,0,Windy,928
B000360,2025-07-27,V029,doubles,T0177,T0061,2,1,T0177,T0061,home,12,362.43,0,Sunny,498
B000361,2025-12-22,V037,singles,T0079,T0106,1,1,T0079,T0106,home,15,107.61,0,Clear,1246
B000362,2024-04-01,V016,doubles,T0131,T0106,2,2,T0131,T0106,home,11,71.32,0,Clear,135
B000363,2026-02-28,V022,singles,T0105,T0051,1,1,T0105,T0051,home,9,46.44,0,Windy,971
B000364,2024-09-23,V021,doubles,T0026,T0051,2,2,T0051,T0026,away,12,275.37,0,Harsh Sun,266
B000365,2025-03-28,V022,singles,T0091,T0178,1,1,T0178,T0091,away,14,90.14,0,Windy,1178
B000366,2024-10-22,V041,triples,T0016,T0106,3,3,T0016,T0106,home,16,147.66,0,Smog,841
B000367,2024-09-15,V046,triples,T0006,T0026,3,3,T0006,T0026,home,17,504.28,0,Sandstorm,585
B000368,2026-01-22,V018,triples,T0092,T0052,3,3,T0092,T0052,home,10,279.93,0,Clear,1443
B000369,2026-03-11,V054,doubles,T0030,T0067,2,2,T0030,T0067,home,10,343.87,0,Rain,634
B000370,2024-10-13,V052,doubles,T0034,T0094,2,2,T0094,T0034,away,16,148.01,0,Rain,431
B000371,2025-10-13,V031,doubles,T0165,T0032,2,2,T0165,T0032,home,10,80.52,0,Dusty,413
B000372,2025-04-02,V041,doubles,T0030,T0094,2,3,T0030,T0094,home,14,7.9,0,Smog,612
B000373,2024-10-25,V015,singles,T0084,T0176,1,1,T0084,T0176,home,12,61.56,0,Glittering,196
B000374,2024-05-18,V049,doubles,T0136,T0022,2,2,T0136,T0022,home,11,257.51,0,Overcast,755
B000375,2025-07-29,V042,doubles,T0105,T0021,2,2,T0021,T0105,away,23,150.92,1,Smog,752
B000376,2024-07-02,V017,doubles,T0113,T0075,2,2,T0113,T0075,home,12,500.64,0,Clear,709
B000377,2024-05-13,V040,singles,T0046,T0056,1,1,T0056,T0046,away,14,21.55,0,Smog,255
B000378,2025-08-18,V015,singles,T0032,T0027,1,1,T0032,T0027,home,8,544.54,0,Glittering,142
B000379,2024-06-29,V048,singles,T0017,T0099,1,1,T0099,T0017,away,7,43.68,0,Sandstorm,2152
B000380,2026-01-06,V014,doubles,T0054,T0075,2,2,T0054,T0075,home,23,390.63,1,Glittering,1909
B000381,2026-01-26,V043,doubles,T0037,T0105,2,2,T0105,T0037,away,12,174.65,0,Odd Aura,1088
B000382,2026-03-09,V007,singles,T0168,T0087,1,1,T0168,T0087,home,10,37.85,0,High Winds,1161
B000383,2025-01-29,V004,singles,T0045,T0097,1,1,T0045,T0097,home,12,172.12,0,Moonless,904
B000384,2026-02-14,V020,triples,T0042,T0089,3,2,T0089,T0042,away,12,27.57,0,Harsh Sun,1441
B000385,2026-01-11,V039,triples,T0169,T0026,3,3,T0169,T0026,home,15,235.79,0,Clear,682
B000386,2024-09-08,V010,singles,T0161,T0012,1,1,T0012,T0161,away,11,76.46,0,Thunderstorm,568
B000387,2025-09-25,V003,doubles,T0117,T0007,2,2,T0117,T0007,home,6,305.32,0,Breezy,491
B000388,2024-12-19,V009,doubles,T0047,T0113,2,2,T0047,T0113,home,12,312.08,0,High Winds,2257
B000389,2024-12-09,V030,triples,T0036,T0055,3,3,T0055,T0036,away,19,38.24,0,Sunny,860
B000390,2025-04-14,V042,triples,T0126,T0142,3,3,T0142,T0126,away,22,226.3,1,Smog,600
B000391,2024-07-29,V039,doubles,T0125,T0031,2,2,T0125,T0031,home,15,204.91,0,Clear,296
B000392,2025-03-03,V017,triples,T0121,T0095,3,3,T0121,T0095,home,18,179.42,1,Clear,787
B000393,2025-12-01,V003,doubles,T0011,T0072,2,2,T0072,T0011,away,10,176.81,0,Breezy,470
B000394,2024-10-19,V013,doubles,T0127,T0124,2,2,T0124,T0127,away,20,416.51,1,Glittering,1693
B000395,2025-05-17,V050,singles,T0100,T0135,1,1,T0135,T0100,away,10,303.41,0,Overcast,239
B000396,2025-11-03,V007,singles,T0104,T0089,1,1,T0089,T0104,away,9,292.4,0,High Winds,1204
B000397,2024-05-23,V033,singles,T0004,T0011,1,1,T0004,T0011,home,9,84.77,0,Dusty,1483
B000398,2025-06-26,V021,singles,T0117,T0179,1,1,T0117,T0179,home,9,170.41,0,Harsh Sun,248
B000399,2024-12-07,V042,singles,T0105,T0064,1,1,T0105,T0064,home,12,138.02,0,Smog,744
B000400,2024-06-10,V029,triples,T0137,T0142,3,3,T0142,T0137,away,20,588.29,1,Sunny,449
B000401,2024-05-24,V016,triples,T0094,T0167,3,3,T0167,T0094,away,14,83.41,0,Clear,166
B000402,2024-05-26,V002,doubles,T0027,T0037,2,2,T0027,T0037,home,24,73.79,1,Breezy,1315
B000403,2024-03-15,V036,singles,T0094,T0031,1,1,T0094,T0031,home,10,60.37,0,Hail,648
B000404,2026-02-06,V047,singles,T0083,T0051,1,1,T0051,T0083,away,9,114.02,0,Sandstorm,288
B000405,2026-03-21,V024,singles,T0165,T0057,1,1,T0057,T0165,away,16,148.29,0,Windy,1099
B000406,2024-01-05,V005,singles,T0003,T0018,1,1,T0003,T0018,home,8,58.79,0,Moonless,1012
B000407,2024-08-05,V044,triples,T0138,T0108,3,3,T0108,T0138,away,24,143.38,1,Odd Aura,1670
B000408,2024-09-24,V019,triples,T0079,T0148,3,3,T0148,T0079,away,10,337.95,0,Harsh Sun,1177
B000409,2024-03-11,V038,doubles,T0068,T0006,2,2,T0006,T0068,away,16,43.81,0,Clear,933
B000410,2025-09-28,V016,triples,T0038,T0162,3,3,T0038,T0162,home,15,118.74,0,Clear,184
B000411,2025-03-21,V051,triples,T0115,T0169,3,3,T0169,T0115,away,24,135.34,1,Overcast,553
B000412,2024-10-09,V045,doubles,T0134,T0099,2,2,T0134,T0099,home,14,160.71,0,Odd Aura,496
B000413,2025-08-23,V027,singles,T0015,T0126,1,1,T0126,T0015,away,9,557.25,0,Fog,768
B000414,2026-02-12,V018,triples,T0129,T0019,3,3,T0129,T0019,home,23,553.84,1,Clear,1465
B000415,2025-12-06,V017,doubles,T0040,T0068,2,2,T0040,T0068,home,22,225.67,1,Clear,549
B000416,2025-03-27,V051,triples,T0104,T0156,3,3,T0156,T0104,away,14,202.4,0,Overcast,586
B000417,2024-02-17,V030,doubles,T0148,T0128,2,2,T0148,T0128,home,10,10.01,0,Sunny,742
B000418,2024-09-16,V038,singles,T0160,T0029,1,1,T0160,T0029,home,5,29.01,0,Clear,569
B000419,2024-05-26,V015,singles,T0043,T0047,1,1,T0043,T0047,home,7,207.08,0,Glittering,139
B000420,2025-02-20,V050,triples,T0076,T0094,3,3,T0076,T0094,home,24,12.53,1,Overcast,171
B000421,2026-01-21,V007,triples,T0166,T0144,3,2,T0166,T0144,home,18,458.68,0,High Winds,1378
B000422,2024-11-21,V029,doubles,T0110,T0089,2,2,T0089,T0110,away,8,48.51,0,Sunny,399
B000423,2026-01-11,V033,singles,T0068,T0001,1,1,T0068,T0001,home,6,88.1,0,Dusty,1649
B000424,2025-04-04,V015,singles,T0156,T0087,1,1,T0087,T0156,away,4,291.36,0,Glittering,162
B000425,2026-03-06,V038,triples,T0109,T0032,3,3,T0109,T0032,home,14,91.26,0,Clear,756
B000426,2024-09-19,V040,singles,T0052,T0068,1,1,T0068,T0052,away,4,274.14,0,Smog,267
B000427,2024-05-25,V037,doubles,T0080,T0032,2,2,T0032,T0080,away,10,186.5,0,Clear,1127
B000428,2025-05-02,V036,singles,T0050,T0081,1,2,T0081,T0050,away,13,490.01,0,Hail,739
B000429,2025-11-26,V001,singles,T0044,T0091,1,1,T0091,T0044,away,5,108.29,0,Breezy,639
B000430,2024-11-28,V004,doubles,T0129,T0167,2,2,T0167,T0129,away,10,203.86,0,Moonless,582
B000431,2024-08-29,V036,doubles,T0071,T0114,2,2,T0114,T0071,away,15,38.71,0,Hail,773
B000432,2024-10-24,V020,doubles,T0045,T0077,2,2,T0045,T0077,home,11,180.25,0,Harsh Sun,1716
B000433,2025-03-10,V012,doubles,T0059,T0177,2,2,T0059,T0177,home,16,260.08,0,Thunderstorm,1052
B000434,2024-10-04,V007,doubles,T0166,T0148,2,2,T0166,T0148,home,21,291.07,1,High Winds,1391
B000435,2026-03-12,V038,singles,T0066,T0148,1,1,T0066,T0148,home,10,141.91,0,Clear,743
B000436,2024-09-23,V003,singles,T0162,T0119,1,1,T0162,T0119,home,6,195.85,0,Breezy,558
B000437,2024-05-17,V044,singles,T0048,T0074,1,1,T0048,T0074,home,5,192.04,0,Odd Aura,1532
B000438,2025-10-07,V053,doubles,T0071,T0051,2,2,T0051,T0071,away,14,121.81,0,Rain,455
B000439,2024-08-25,V028,singles,T0051,T0057,1,1,T0057,T0051,away,9,28.24,0,Sunny,726
B000440,2025-12-16,V013,doubles,T0151,T0067,2,2,T0151,T0067,home,10,186.74,0,Glittering,1990
B000441,2024-07-06,V036,singles,T0062,T0164,1,1,T0062,T0164,home,11,111.78,0,Hail,663
B000442,2026-01-21,V040,singles,T0117,T0075,1,1,T0117,T0075,home,9,87.7,0,Smog,208
B000443,2024-01-21,V016,triples,T0008,T0029,3,3,T0008,T0029,home,16,282.2,0,Clear,175
B000444,2024-01-07,V014,doubles,T0173,T0091,2,2,T0091,T0173,away,10,283.55,0,Glittering,1457
B000445,2024-01-03,V019,singles,T0084,T0047,1,1,T0084,T0047,home,6,173.01,0,Harsh Sun,909
B000446,2025-01-23,V014,singles,T0158,T0005,1,1,T0158,T0005,home,12,180.97,0,Glittering,1477
B000447,2025-07-21,V025,triples,T0114,T0131,3,3,T0131,T0114,away,14,552.43,0,Fog,1285
B000448,2024-04-15,V045,singles,T0009,T0079,1,1,T0009,T0079,home,14,295.32,0,Odd Aura,430
B000449,2024-04-21,V022,singles,T0162,T0099,1,1,T0162,T0099,home,6,95.0,0,Windy,1010
B000450,2025-12-14,V023,singles,T0149,T0159,1,1,T0159,T0149,away,11,68.7,0,Windy,1295
B000451,2024-03-19,V025,doubles,T0122,T0008,2,2,T0008,T0122,away,13,293.17,0,Fog,1165
B000452,2024-09-29,V042,doubles,T0097,T0011,2,2,T0097,T0011,home,12,207.78,0,Smog,733
B000453,2024-05-10,V021,singles,T0117,T0015,1,1,T0015,T0117,away,14,10.09,0,Harsh Sun,201
B000454,2024-01-27,V010,singles,T0059,T0141,1,1,T0141,T0059,away,6,77.28,0,Thunderstorm,342
B000455,2025-04-17,V047,doubles,T0173,T0166,2,2,T0166,T0173,away,13,138.89,0,Sandstorm,329
B000456,2025-03-26,V009,doubles,T0134,T0071,2,2,T0071,T0134,away,19,231.47,1,High Winds,1481
B000457,2024-01-12,V022,triples,T0087,T0158,3,3,T0158,T0087,away,21,101.64,1,Windy,1271
B000458,2024-12-12,V015,singles,T0027,T0095,1,1,T0095,T0027,away,4,79.26,0,Glittering,223
B000459,2025-08-04,V003,singles,T0128,T0165,1,1,T0128,T0165,home,4,90.54,0,Breezy,607
B000460,2024-11-15,V005,doubles,T0058,T0028,2,2,T0058,T0028,home,17,42.45,0,Moonless,997
B000461,2024-07-10,V021,doubles,T0178,T0042,2,2,T0042,T0178,away,11,36.03,0,Harsh Sun,188
B000462,2025-12-02,V042,doubles,T0105,T0166,2,2,T0166,T0105,away,12,105.79,0,Smog,567
B000463,2024-06-15,V009,doubles,T0070,T0091,2,2,T0091,T0070,away,15,167.28,0,High Winds,1968
B000464,2025-08-08,V043,singles,T0089,T0175,1,1,T0175,T0089,away,9,102.22,0,Odd Aura,993
B000465,2025-07-14,V013,triples,T0172,T0100,3,3,T0100,T0172,away,10,158.2,0,Glittering,1435
B000466,2025-05-17,V048,triples,T0104,T0078,3,3,T0104,T0078,home,13,16.97,0,Sandstorm,2161
B000467,2024-10-13,V032,doubles,T0176,T0109,2,2,T0176,T0109,home,22,794.11,1,Dusty,1360
B000468,2024-11-19,V037,singles,T0048,T0072,1,1,T0048,T0072,home,8,61.23,0,Clear,1069
B000469,2025-12-09,V001,singles,T0083,T0081,1,1,T0081,T0083,away,12,185.53,0,Breezy,769
B000470,2026-03-23,V048,triples,T0103,T0099,3,3,T0103,T0099,home,19,278.26,0,Sandstorm,2337
B000471,2026-02-20,V035,singles,T0011,T0117,1,1,T0117,T0011,away,4,120.95,0,Hail,303
B000472,2024-06-11,V035,triples,T0085,T0130,3,3,T0130,T0085,away,15,623.1,0,Hail,328
B000473,2025-04-03,V007,singles,T0178,T0008,1,1,T0178,T0008,home,12,213.16,0,High Winds,1549
B000474,2025-11-14,V050,doubles,T0139,T0164,2,2,T0139,T0164,home,21,265.99,1,Overcast,229
B000475,2025-03-21,V010,singles,T0042,T0028,1,1,T0028,T0042,away,4,212.3,0,Thunderstorm,488
B000476,2024-09-10,V001,singles,T0096,T0036,1,1,T0036,T0096,away,9,70.89,0,Breezy,775
B000477,2026-01-17,V042,doubles,T0130,T0119,2,2,T0119,T0130,away,11,49.46,0,Smog,667
B000478,2024-03-18,V044,singles,T0064,T0005,1,1,T0064,T0005,home,7,206.68,0,Odd Aura,1440
B000479,2025-08-11,V029,doubles,T0142,T0141,2,2,T0142,T0141,home,14,787.23,0,Sunny,393
B000480,2024-10-01,V046,triples,T0174,T0104,3,3,T0174,T0104,home,20,372.79,1,Sandstorm,526
B000481,2025-07-15,V030,triples,T0179,T0166,3,3,T0179,T0166,home,19,71.96,0,Sunny,770
B000482,2026-03-31,V049,singles,T0160,T0091,1,1,T0091,T0160,away,6,96.77,0,Overcast,816
B000483,2025-12-05,V014,doubles,T0077,T0019,2,2,T0077,T0019,home,13,85.14,0,Glittering,2051
B000484,2025-01-21,V013,doubles,T0068,T0032,2,2,T0068,T0032,home,13,68.72,0,Glittering,1932
B000485,2025-07-07,V019,doubles,T0118,T0004,2,2,T0118,T0004,home,12,173.06,0,Harsh Sun,967
B000486,2025-02-04,V010,doubles,T0162,T0113,2,2,T0113,T0162,away,12,65.11,0,Thunderstorm,785
B000487,2025-07-16,V009,triples,T0104,T0028,3,3,T0028,T0104,away,13,480.66,0,High Winds,1602
B000488,2025-10-16,V038,singles,T0109,T0163,1,1,T0109,T0163,home,12,41.41,0,Clear,1010
B000489,2025-12-23,V033,doubles,T0101,T0176,2,2,T0101,T0176,home,12,542.64,0,Dusty,1203
B000490,2025-11-01,V044,singles,T0126,T0119,1,1,T0126,T0119,home,7,211.88,0,Odd Aura,1775
B000491,2025-01-30,V053,singles,T0053,T0128,1,1,T0128,T0053,away,7,118.15,0,Rain,405
B000492,2024-08-16,V044,doubles,T0144,T0154,2,3,T0154,T0144,away,9,226.32,0,Odd Aura,1833
B000493,2025-06-06,V036,doubles,T0026,T0061,2,2,T0026,T0061,home,12,38.56,0,Hail,672
B000494,2025-11-30,V022,doubles,T0164,T0082,2,2,T0082,T0164,away,6,266.37,0,Windy,1478
B000495,2024-09-06,V049,triples,T0143,T0064,3,3,T0064,T0143,away,13,20.35,0,Overcast,660
B000496,2025-07-29,V016,triples,T0135,T0121,3,3,T0121,T0135,away,14,257.47,0,Clear,190
B000497,2024-10-10,V010,doubles,T0176,T0120,2,2,T0176,T0120,home,13,64.57,0,Thunderstorm,487
B000498,2024-10-28,V038,triples,T0098,T0074,3,3,T0098,T0074,home,21,515.87,1,Clear,830
B000499,2025-03-19,V034,doubles,T0167,T0110,2,2,T0110,T0167,away,12,112.41,0,Hail,1699
B000500,2024-09-29,V041,doubles,T0046,T0078,2,2,T0078,T0046,away,15,69.88,0,Smog,675
B000501,2024-01-05,V043,singles,T0117,T0150,1,1,T0117,T0150,home,4,194.96,0,Odd Aura,974
B000502,2025-11-08,V018,singles,T0085,T0012,1,1,T0085,T0012,home,12,135.96,0,Clear,1238
B000503,2026-01-05,V029,singles,T0108,T0167,1,1,T0108,T0167,home,15,212.75,0,Sunny,570
B000504,2024-06-03,V026,singles,T0154,T0130,1,1,T0154,T0130,home,9,39.69,0,Fog,557
B000505,2025-08-22,V020,singles,T0063,T0062,1,1,T0063,T0062,home,8,143.15,0,Harsh Sun,1810
B000506,2026-02-01,V037,doubles,T0092,T0130,2,2,T0130,T0092,away,12,21.45,0,Clear,962
B000507,2025-08-05,V026,singles,T0039,T0064,1,1,T0039,T0064,home,8,151.48,0,Fog,725
B000508,2025-08-13,V034,doubles,T0026,T0055,2,2,T0026,T0055,home,13,241.45,0,Hail,1287
B000509,2024-07-25,V007,triples,T0166,T0037,3,3,T0037,T0166,away,15,140.02,0,High Winds,1496
B000510,2024-12-15,V005,singles,T0071,T0024,1,1,T0024,T0071,away,4,7.66,0,Moonless,1191
B000511,2026-03-01,V051,doubles,T0035,T0131,2,2,T0035,T0131,home,22,18.62,0,Overcast,434
B000512,2025-09-02,V039,singles,T0055,T0108,1,1,T0055,T0108,home,9,145.03,0,Clear,597
B000513,2024-05-23,V009,doubles,T0118,T0154,2,2,T0118,T0154,home,14,176.13,0,High Winds,1911
B000514,2024-07-01,V045,doubles,T0009,T0049,2,2,T0009,T0049,home,20,72.34,1,Odd Aura,496
B000515,2025-08-13,V015,doubles,T0048,T0116,2,2,T0048,T0116,home,15,285.41,0,Glittering,206
B000516,2024-03-10,V051,doubles,T0121,T0009,2,2,T0121,T0009,home,19,29.03,1,Overcast,530
B000517,2025-12-26,V053,singles,T0070,T0057,1,1,T0057,T0070,away,12,263.71,0,Rain,438
B000518,2024-05-20,V012,doubles,T0030,T0162,2,2,T0030,T0162,home,7,629.61,0,Thunderstorm,1016
B000519,2024-12-03,V033,singles,T0159,T0074,1,1,T0159,T0074,home,11,224.89,0,Dusty,2074
B000520,2025-07-15,V007,doubles,T0121,T0012,2,2,T0121,T0012,home,15,73.41,0,High Winds,1120
B000521,2025-01-05,V030,singles,T0091,T0098,1,1,T0098,T0091,away,10,140.23,0,Sunny,648
B000522,2025-10-08,V010,triples,T0168,T0041,3,3,T0041,T0168,away,12,572.61,0,Thunderstorm,725
B000523,2024-04-19,V036,triples,T0098,T0104,3,3,T0098,T0104,home,14,353.73,0,Hail,821
B000524,2024-03-01,V027,triples,T0042,T0147,3,3,T0147,T0042,away,14,105.9,0,Fog,704
B000525,2025-10-12,V034,doubles,T0076,T0094,2,2,T0076,T0094,home,17,113.13,0,Hail,1722
B000526,2024-12-24,V018,singles,T0110,T0021,1,1,T0110,T0021,home,9,73.23,0,Clear,1611
B000527,2024-07-02,V048,singles,T0171,T0180,1,1,T0171,T0180,home,8,98.07,0,Sandstorm,2068
B000528,2024-03-09,V043,singles,T0008,T0020,1,1,T0020,T0008,away,15,91.97,0,Odd Aura,990
B000529,2025-09-08,V039,doubles,T0049,T0171,2,2,T0049,T0171,home,7,178.53,0,Clear,441
B000530,2025-10-03,V001,triples,T0067,T0145,3,3,T0067,T0145,home,16,78.56,0,Breezy,627
B000531,2024-07-23,V003,triples,T0121,T0132,3,3,T0121,T0132,home,12,348.21,0,Breezy,438
B000532,2026-02-25,V014,doubles,T0038,T0155,2,2,T0038,T0155,home,11,165.41,0,Glittering,1290
B000533,2025-05-18,V027,singles,T0094,T0143,1,1,T0143,T0094,away,9,39.44,0,Fog,730
B000534,2024-04-19,V054,triples,T0133,T0156,3,3,T0133,T0156,home,12,130.61,0,Rain,669
B000535,2024-05-25,V002,singles,T0129,T0155,1,1,T0129,T0155,home,6,92.19,0,Breezy,674
B000536,2025-04-16,V014,triples,T0128,T0091,3,3,T0091,T0128,away,18,26.93,0,Glittering,1465
B000537,2025-03-04,V017,triples,T0076,T0105,3,3,T0076,T0105,home,15,43.87,0,Clear,657
B000538,2025-07-25,V022,singles,T0118,T0171,1,1,T0118,T0171,home,5,13.98,0,Windy,701
B000539,2025-02-06,V025,doubles,T0080,T0063,2,2,T0063,T0080,away,13,244.39,0,Fog,1320
B000540,2026-03-01,V042,doubles,T0105,T0016,2,2,T0105,T0016,home,18,226.19,0,Smog,845
B000541,2025-07-09,V040,triples,T0084,T0105,3,3,T0084,T0105,home,19,209.49,1,Smog,290
B000542,2025-07-09,V023,triples,T0090,T0043,3,3,T0043,T0090,away,24,30.44,1,Windy,1439
B000543,2025-10-11,V049,doubles,T0172,T0074,2,2,T0074,T0172,away,13,155.5,0,Overcast,665
B000544,2024-11-02,V046,doubles,T0028,T0137,2,2,T0028,T0137,home,24,136.0,1,Sandstorm,634
B000545,2025-01-28,V003,singles,T0119,T0011,1,1,T0119,T0011,home,8,313.23,0,Breezy,496
B000546,2024-09-02,V025,singles,T0108,T0034,1,1,T0034,T0108,away,7,87.38,0,Fog,1033
B000547,2024-07-23,V002,singles,T0083,T0061,1,1,T0083,T0061,home,10,397.35,0,Breezy,1127
B000548,2025-06-28,V025,singles,T0157,T0110,1,1,T0157,T0110,home,9,285.0,0,Fog,1227
B000549,2024-09-01,V029,triples,T0109,T0021,3,3,T0109,T0021,home,24,96.94,1,Sunny,420
B000550,2026-03-20,V053,triples,T0010,T0113,3,3,T0113,T0010,away,15,307.12,0,Rain,444
B000551,2026-01-02,V025,singles,T0038,T0034,1,1,T0034,T0038,away,11,81.83,0,Fog,1173
B000552,2025-07-15,V027,singles,T0114,T0139,1,1,T0114,T0139,home,11,65.43,0,Fog,675
B000553,2024-06-23,V050,doubles,T0017,T0142,2,2,T0142,T0017,away,10,484.22,0,Overcast,153
B000554,2024-07-02,V025,triples,T0009,T0152,3,3,T0009,T0152,home,13,270.6,0,Fog,1113
B000555,2024-03-01,V011,singles,T0049,T0154,1,1,T0049,T0154,home,9,298.53,0,Thunderstorm,209
B000556,2024-03-23,V036,doubles,T0082,T0029,2,2,T0082,T0029,home,10,139.1,0,Hail,474
B000557,2025-09-11,V023,triples,T0148,T0067,3,3,T0148,T0067,home,8,462.4,0,Windy,1175
B000558,2024-01-09,V046,triples,T0033,T0052,3,2,T0033,T0052,home,17,542.37,0,Sandstorm,454
B000559,2025-01-22,V025,triples,T0033,T0045,3,3,T0045,T0033,away,21,248.19,1,Fog,1075
B000560,2024-07-14,V002,doubles,T0161,T0166,2,2,T0166,T0161,away,12,189.97,0,Breezy,1114
B000561,2024-09-06,V037,triples,T0177,T0137,3,3,T0137,T0177,away,14,80.0,0,Clear,1156
B000562,2024-10-18,V008,doubles,T0052,T0138,2,2,T0138,T0052,away,14,69.15,0,High Winds,327
B000563,2025-05-01,V037,doubles,T0178,T0082,2,2,T0082,T0178,away,15,301.91,0,Clear,1211
B000564,2025-10-24,V020,doubles,T0057,T0153,2,2,T0153,T0057,away,10,250.87,0,Harsh Sun,1399
B000565,2025-03-19,V007,triples,T0019,T0083,3,3,T0019,T0083,home,11,64.25,0,High Winds,1668
B000566,2025-10-25,V012,singles,T0125,T0105,1,1,T0125,T0105,home,8,71.66,0,Thunderstorm,954
B000567,2025-08-17,V030,triples,T0141,T0032,3,3,T0141,T0032,home,20,84.47,0,Sunny,867
B000568,2026-03-09,V014,singles,T0096,T0040,1,1,T0040,T0096,away,9,296.77,0,Glittering,1805
B000569,2024-12-23,V024,doubles,T0136,T0014,2,2,T0136,T0014,home,15,503.14,0,Windy,1017
B000570,2024-11-21,V034,triples,T0002,T0005,3,3,T0005,T0002,away,24,478.62,1,Hail,1786
B000571,2024-12-23,V010,singles,T0049,T0087,1,1,T0087,T0049,away,15,240.05,0,Thunderstorm,547
B000572,2024-05-27,V054,triples,T0058,T0077,3,3,T0077,T0058,away,18,37.75,0,Rain,500
B000573,2024-01-11,V036,triples,T0024,T0026,3,2,T0024,T0026,home,10,661.22,0,Hail,912
B000574,2024-07-29,V011,singles,T0114,T0026,1,1,T0026,T0114,away,4,114.29,0,Thunderstorm,166
B000575,2025-11-03,V031,singles,T0011,T0029,1,1,T0029,T0011,away,8,34.43,0,Dusty,420
B000576,2025-01-01,V017,doubles,T0153,T0169,2,2,T0169,T0153,away,12,36.71,0,Clear,589
B000577,2025-11-26,V022,singles,T0049,T0028,1,1,T0049,T0028,home,6,49.1,0,Windy,763
B000578,2025-10-31,V024,doubles,T0055,T0017,2,2,T0055,T0017,home,13,303.29,0,Windy,1041
B000579,2024-08-12,V044,doubles,T0134,T0079,2,2,T0079,T0134,away,12,168.68,0,Odd Aura,1559
B000580,2024-09-18,V012,doubles,T0095,T0051,2,2,T0051,T0095,away,16,132.78,0,Thunderstorm,906
B000581,2024-07-01,V039,doubles,T0169,T0039,2,1,T0169,T0039,home,11,560.62,0,Clear,754
B000582,2024-05-15,V038,singles,T0130,T0117,1,1,T0130,T0117,home,8,12.38,0,Clear,495
B000583,2025-04-18,V035,singles,T0005,T0034,1,1,T0034,T0005,away,4,320.32,0,Hail,392
B000584,2026-03-08,V030,singles,T0174,T0094,1,1,T0174,T0094,home,9,18.42,0,Sunny,924
B000585,2026-03-13,V053,singles,T0034,T0060,1,1,T0034,T0060,home,11,314.35,0,Rain,508
B000586,2024-09-14,V007,singles,T0115,T0075,1,1,T0115,T0075,home,10,243.74,0,High Winds,1508
B000587,2025-09-09,V003,singles,T0158,T0099,1,1,T0158,T0099,home,5,13.66,0,Breezy,508
B000588,2024-10-21,V004,triples,T0037,T0053,3,3,T0037,T0053,home,15,277.94,0,Moonless,572
B000589,2026-01-24,V027,doubles,T0103,T0061,2,2,T0103,T0061,home,17,287.59,0,Fog,796
B000590,2024-07-01,V050,triples,T0030,T0007,3,3,T0030,T0007,home,19,47.03,0,Overcast,206
B000591,2024-06-21,V013,singles,T0113,T0018,1,1,T0018,T0113,away,6,102.06,0,Glittering,1603
B000592,2024-11-05,V035,triples,T0005,T0060,3,3,T0005,T0060,home,12,93.79,0,Hail,390
B000593,2024-07-07,V032,singles,T0132,T0053,1,1,T0053,T0132,away,6,160.62,0,Dusty,1309
B000594,2026-02-10,V033,doubles,T0091,T0064,2,2,T0064,T0091,away,13,90.41,0,Dusty,1939
B000595,2024-04-03,V029,triples,T0126,T0173,3,3,T0126,T0173,home,22,450.68,1,Sunny,419
B000596,2026-02-02,V036,singles,T0078,T0014,1,1,T0078,T0014,home,6,326.38,0,Hail,716
B000597,2025-03-03,V053,doubles,T0002,T0089,2,2,T0089,T0002,away,11,195.23,0,Rain,435
B000598,2025-10-15,V005,singles,T0015,T0158,1,1,T0158,T0015,away,8,41.75,0,Moonless,1251
B000599,2025-04-26,V051,doubles,T0081,T0080,2,2,T0080,T0081,away,16,7.66,0,Overcast,489
B000600,2026-01-29,V038,doubles,T0117,T0147,2,2,T0147,T0117,away,10,48.05,0,Clear,807
B000601,2025-10-03,V037,doubles,T0173,T0061,2,2,T0061,T0173,away,17,65.3,0,Clear,1109
B000602,2024-12-05,V007,triples,T0179,T0118,3,3,T0118,T0179,away,20,271.76,0,High Winds,1802
B000603,2025-02-09,V035,singles,T0058,T0001,1,1,T0001,T0058,away,12,227.79,0,Hail,387
B000604,2025-11-05,V047,doubles,T0035,T0029,2,2,T0035,T0029,home,9,132.95,0,Sandstorm,339
B000605,2024-05-25,V034,singles,T0026,T0028,1,1,T0028,T0026,away,7,169.27,0,Hail,1510
B000606,2025-12-27,V054,triples,T0033,T0094,3,3,T0094,T0033,away,8,445.11,0,Rain,652
B000607,2025-04-04,V022,singles,T0040,T0166,1,1,T0040,T0166,home,8,300.85,0,Windy,921
B000608,2026-02-15,V020,doubles,T0016,T0002,2,2,T0016,T0002,home,13,11.66,0,Harsh Sun,1576
B000609,2024-11-16,V034,singles,T0152,T0004,1,1,T0004,T0152,away,10,36.23,0,Hail,1439
B000610,2025-04-21,V034,singles,T0131,T0075,1,1,T0131,T0075,home,9,234.97,0,Hail,1535
B000611,2026-03-24,V005,triples,T0167,T0028,3,3,T0028,T0167,away,13,115.31,0,Moonless,1041
B000612,2026-03-22,V007,singles,T0105,T0113,1,1,T0105,T0113,home,12,115.34,0,High Winds,1136
B000613,2024-09-28,V037,doubles,T0098,T0077,2,2,T0077,T0098,away,16,300.26,0,Clear,1142
B000614,2025-02-18,V031,doubles,T0147,T0083,2,2,T0147,T0083,home,10,383.95,0,Dusty,333
B000615,2024-06-30,V022,doubles,T0106,T0021,2,2,T0021,T0106,away,14,179.51,0,Windy,723
B000616,2024-07-13,V012,doubles,T0114,T0113,2,2,T0114,T0113,home,9,80.14,0,Thunderstorm,906
B000617,2024-04-18,V045,singles,T0075,T0107,1,2,T0107,T0075,away,14,685.95,0,Odd Aura,448
B000618,2026-02-28,V028,doubles,T0083,T0167,2,2,T0083,T0167,home,14,2.19,0,Sunny,1032
B000619,2025-07-01,V028,triples,T0084,T0047,3,3,T0047,T0084,away,13,531.37,0,Sunny,1074
B000620,2025-04-10,V047,doubles,T0073,T0017,2,2,T0073,T0017,home,12,15.47,0,Sandstorm,402
B000621,2024-11-06,V025,doubles,T0070,T0165,2,2,T0070,T0165,home,16,114.03,0,Fog,984
B000622,2024-03-19,V021,singles,T0130,T0118,1,1,T0118,T0130,away,5,50.23,0,Harsh Sun,270
B000623,2024-11-29,V044,triples,T0122,T0083,3,3,T0122,T0083,home,17,22.88,1,Odd Aura,1883
B000624,2025-12-07,V010,doubles,T0026,T0063,2,2,T0063,T0026,away,21,130.54,1,Thunderstorm,669
B000625,2025-01-30,V035,triples,T0114,T0014,3,3,T0014,T0114,away,16,142.46,0,Hail,414
B000626,2024-09-03,V030,singles,T0044,T0026,1,1,T0044,T0026,home,4,204.22,0,Sunny,639
B000627,2025-10-26,V042,triples,T0091,T0019,3,3,T0091,T0019,home,12,95.48,0,Smog,674
B000628,2024-09-26,V013,triples,T0133,T0119,3,3,T0119,T0133,away,8,363.65,0,Glittering,1869
B000629,2025-06-08,V035,triples,T0143,T0086,3,3,T0086,T0143,away,11,870.13,0,Hail,460
B000630,2025-10-15,V040,doubles,T0090,T0062,2,2,T0090,T0062,home,14,85.62,0,Smog,224
B000631,2026-01-10,V021,triples,T0078,T0010,3,3,T0078,T0010,home,24,230.72,1,Harsh Sun,333
B000632,2024-03-05,V044,doubles,T0087,T0123,2,2,T0123,T0087,away,11,77.25,0,Odd Aura,1377
B000633,2025-01-11,V032,singles,T0167,T0109,1,1,T0109,T0167,away,11,236.42,0,Dusty,1257
B000634,2025-10-06,V002,singles,T0092,T0155,1,1,T0092,T0155,home,12,62.02,0,Breezy,1219
B000635,2025-03-12,V010,triples,T0129,T0139,3,3,T0139,T0129,away,12,446.27,0,Thunderstorm,632
B000636,2024-11-14,V034,doubles,T0148,T0019,2,2,T0148,T0019,home,11,150.1,0,Hail,1405
B000637,2026-03-31,V012,doubles,T0109,T0131,2,2,T0131,T0109,away,7,120.74,0,Thunderstorm,988
B000638,2024-12-26,V034,singles,T0026,T0088,1,1,T0088,T0026,away,4,35.04,0,Hail,1470
B000639,2024-03-27,V011,singles,T0146,T0135,1,1,T0135,T0146,away,9,551.61,0,Thunderstorm,112
B000640,2025-08-12,V050,triples,T0073,T0175,3,3,T0073,T0175,home,12,160.87,0,Overcast,192
B000641,2024-12-14,V002,singles,T0084,T0065,1,1,T0084,T0065,home,10,130.9,0,Breezy,708
B000642,2025-06-17,V028,singles,T0153,T0137,1,1,T0153,T0137,home,13,331.43,0,Sunny,741
B000643,2024-12-16,V001,singles,T0074,T0090,1,1,T0074,T0090,home,10,35.76,0,Breezy,784
B000644,2025-11-30,V030,doubles,T0004,T0068,2,2,T0004,T0068,home,12,236.5,0,Sunny,835
B000645,2024-05-31,V012,singles,T0176,T0057,1,1,T0176,T0057,home,11,89.88,0,Thunderstorm,1004
B000646,2024-11-18,V005,doubles,T0037,T0148,2,2,T0148,T0037,away,13,120.9,0,Moonless,1155
B000647,2024-11-25,V001,singles,T0166,T0032,1,1,T0166,T0032,home,6,517.64,0,Breezy,702
B000648,2025-01-05,V031,singles,T0018,T0056,1,1,T0018,T0056,home,8,14.79,0,Dusty,419
B000649,2025-12-19,V043,doubles,T0077,T0105,2,3,T0105,T0077,away,20,786.09,1,Odd Aura,1036
B000650,2025-04-09,V050,doubles,T0036,T0068,2,2,T0036,T0068,home,12,60.69,0,Overcast,172
B000651,2025-11-01,V032,doubles,T0021,T0156,2,2,T0021,T0156,home,15,297.61,0,Dusty,1175
B000652,2025-06-27,V011,singles,T0096,T0140,1,1,T0096,T0140,home,12,238.84,0,Thunderstorm,186
B000653,2024-08-21,V004,doubles,T0004,T0032,2,2,T0032,T0004,away,10,348.55,0,Moonless,889
B000654,2026-01-08,V034,singles,T0039,T0031,1,1,T0039,T0031,home,7,212.73,0,Hail,1509
B000655,2024-02-17,V010,singles,T0116,T0114,1,1,T0114,T0116,away,8,189.62,0,Thunderstorm,395
B000656,2026-01-31,V006,singles,T0114,T0023,1,1,T0023,T0114,away,11,66.55,0,Moonless,448
B000657,2024-04-08,V035,triples,T0089,T0024,3,3,T0089,T0024,home,12,248.3,0,Hail,372
B000658,2025-11-14,V034,triples,T0152,T0110,3,3,T0110,T0152,away,24,197.74,1,Hail,1669
B000659,2025-11-16,V026,singles,T0164,T0095,1,1,T0095,T0164,away,6,275.12,0,Fog,634
B000660,2025-11-22,V049,doubles,T0117,T0029,2,2,T0117,T0029,home,16,478.13,0,Overcast,799
B000661,2025-12-03,V046,doubles,T0172,T0070,2,2,T0070,T0172,away,17,401.33,0,Sandstorm,491
B000662,2024-10-08,V030,doubles,T0078,T0018,2,2,T0078,T0018,home,17,179.82,1,Sunny,960
B000663,2024-04-13,V045,doubles,T0009,T0152,2,2,T0009,T0152,home,11,314.08,0,Odd Aura,615
B000664,2024-07-12,V010,triples,T0150,T0078,3,3,T0150,T0078,home,14,223.43,0,Thunderstorm,432
B000665,2026-02-27,V030,singles,T0036,T0006,1,1,T0036,T0006,home,11,87.71,0,Sunny,794
B000666,2026-01-31,V023,triples,T0082,T0038,3,3,T0082,T0038,home,14,183.51,0,Windy,1373
B000667,2025-11-02,V041,doubles,T0168,T0018,2,2,T0018,T0168,away,9,256.81,0,Smog,757
B000668,2026-01-16,V048,singles,T0058,T0057,1,1,T0057,T0058,away,13,1.98,0,Sandstorm,1948
B000669,2024-12-16,V018,doubles,T0101,T0159,2,2,T0101,T0159,home,11,35.95,0,Clear,1286
B000670,2024-03-03,V005,triples,T0033,T0017,3,3,T0017,T0033,away,20,287.13,0,Moonless,976
B000671,2025-01-23,V018,triples,T0157,T0079,3,3,T0157,T0079,home,21,238.41,1,Clear,1166
B000672,2025-07-26,V011,doubles,T0095,T0172,2,2,T0095,T0172,home,11,404.68,0,Thunderstorm,125
B000673,2024-08-09,V053,doubles,T0045,T0063,2,2,T0063,T0045,away,10,199.09,0,Rain,416
B000674,2025-08-23,V025,doubles,T0082,T0060,2,2,T0082,T0060,home,6,348.87,0,Fog,965
B000675,2025-04-27,V026,doubles,T0103,T0070,2,2,T0103,T0070,home,24,259.55,1,Fog,918
B000676,2025-08-22,V013,triples,T0133,T0093,3,3,T0133,T0093,home,16,176.23,0,Glittering,1648
B000677,2025-12-11,V029,singles,T0087,T0132,1,1,T0132,T0087,away,10,166.56,0,Sunny,423
B000678,2025-05-05,V004,singles,T0036,T0170,1,1,T0036,T0170,home,8,93.94,0,Moonless,610
B000679,2026-01-04,V044,doubles,T0179,T0055,2,2,T0055,T0179,away,15,98.19,0,Odd Aura,1489
B000680,2024-06-13,V054,doubles,T0037,T0136,2,2,T0037,T0136,home,14,193.66,0,Rain,766
B000681,2024-12-23,V004,doubles,T0133,T0020,2,2,T0020,T0133,away,14,136.81,0,Moonless,466
B000682,2025-10-14,V026,singles,T0085,T0118,1,1,T0085,T0118,home,10,341.14,0,Fog,666
B000683,2025-06-08,V005,singles,T0096,T0103,1,1,T0103,T0096,away,9,33.29,0,Moonless,1110
B000684,2024-05-22,V032,singles,T0060,T0021,1,1,T0060,T0021,home,7,9.86,0,Dusty,1286
B000685,2025-07-28,V022,doubles,T0067,T0116,2,2,T0116,T0067,away,10,102.32,0,Windy,1151
B000686,2024-06-26,V016,doubles,T0117,T0133,2,2,T0117,T0133,home,11,187.19,0,Clear,218
B000687,2025-04-14,V010,doubles,T0071,T0007,2,2,T0071,T0007,home,12,106.11,0,Thunderstorm,451
B000688,2025-01-02,V010,singles,T0103,T0055,1,1,T0055,T0103,away,8,135.69,0,Thunderstorm,548
B000689,2025-04-09,V044,singles,T0155,T0031,1,1,T0155,T0031,home,10,47.2,0,Odd Aura,1856
B000690,2024-01-30,V046,doubles,T0074,T0076,2,2,T0076,T0074,away,15,185.13,0,Sandstorm,528
B000691,2024-11-03,V019,singles,T0137,T0024,1,1,T0024,T0137,away,10,113.29,0,Harsh Sun,1019
B000692,2026-03-01,V013,singles,T0133,T0102,1,1,T0133,T0102,home,10,78.54,0,Glittering,1474
B000693,2024-03-15,V031,triples,T0145,T0048,3,3,T0145,T0048,home,18,20.63,1,Dusty,381
B000694,2026-03-06,V047,singles,T0140,T0136,1,1,T0136,T0140,away,18,154.26,0,Sandstorm,280
B000695,2026-03-27,V012,doubles,T0095,T0178,2,2,T0178,T0095,away,11,107.62,0,Thunderstorm,1025
B000696,2024-10-03,V016,singles,T0149,T0102,1,1,T0149,T0102,home,10,5.19,0,Clear,192
B000697,2025-09-21,V045,triples,T0048,T0092,3,3,T0048,T0092,home,10,124.79,0,Odd Aura,470
B000698,2025-11-12,V013,singles,T0116,T0073,1,1,T0073,T0116,away,7,30.67,0,Glittering,1700
B000699,2024-08-22,V046,singles,T0029,T0165,1,1,T0165,T0029,away,13,95.53,0,Sandstorm,524
B000700,2025-02-15,V033,triples,T0121,T0096,3,3,T0121,T0096,home,13,379.17,0,Dusty,1797
B000701,2025-08-13,V015,triples,T0003,T0088,3,3,T0088,T0003,away,15,88.6,0,Glittering,124
B000702,2024-05-05,V052,triples,T0065,T0129,3,3,T0065,T0129,home,14,211.53,0,Rain,512
B000703,2024-10-14,V001,doubles,T0013,T0024,2,2,T0013,T0024,home,12,256.51,0,Breezy,664
B000704,2025-10-17,V032,triples,T0003,T0049,3,3,T0049,T0003,away,15,213.23,0,Dusty,776
B000705,2025-11-08,V004,doubles,T0094,T0019,2,2,T0019,T0094,away,17,357.3,1,Moonless,815
B000706,2025-04-08,V046,doubles,T0105,T0011,2,3,T0011,T0105,away,15,352.93,0,Sandstorm,545
B000707,2024-05-03,V035,singles,T0096,T0076,1,1,T0076,T0096,away,5,181.29,0,Hail,386
B000708,2024-09-04,V049,singles,T0114,T0150,1,1,T0150,T0114,away,8,59.56,0,Overcast,672
B000709,2024-11-14,V004,singles,T0013,T0163,1,1,T0013,T0163,home,9,206.58,0,Moonless,646
B000710,2024-10-08,V012,triples,T0030,T0130,3,3,T0130,T0030,away,15,285.9,0,Thunderstorm,868
B000711,2024-09-01,V033,doubles,T0129,T0107,2,2,T0107,T0129,away,17,250.35,0,Dusty,1638
B000712,2024-07-31,V037,doubles,T0041,T0020,2,2,T0041,T0020,home,16,346.65,0,Clear,1172
B000713,2024-05-23,V051,triples,T0109,T0101,3,3,T0109,T0101,home,17,20.12,1,Overcast,532
B000714,2024-04-05,V041,doubles,T0039,T0126,2,2,T0126,T0039,away,9,504.51,0,Smog,769
B000715,2024-04-01,V029,doubles,T0002,T0043,2,2,T0002,T0043,home,16,247.3,0,Sunny,548
B000716,2026-02-03,V045,singles,T0154,T0160,1,1,T0154,T0160,home,14,193.08,0,Odd Aura,477
B000717,2024-07-06,V052,triples,T0086,T0135,3,3,T0086,T0135,home,23,329.06,1,Rain,490
B000718,2025-03-19,V042,singles,T0113,T0004,1,1,T0113,T0004,home,8,92.15,0,Smog,629
B000719,2024-12-29,V032,singles,T0060,T0073,1,1,T0073,T0060,away,8,107.89,0,Dusty,1294
B000720,2024-04-26,V039,doubles,T0176,T0061,2,2,T0176,T0061,home,15,150.68,0,Clear,324
B000721,2024-11-21,V024,singles,T0071,T0116,1,1,T0071,T0116,home,4,325.45,0,Windy,1135
B000722,2025-04-07,V021,doubles,T0035,T0062,2,2,T0062,T0035,away,11,38.97,0,Harsh Sun,217
B000723,2024-11-17,V004,doubles,T0114,T0085,2,2,T0114,T0085,home,8,134.12,0,Moonless,790
B000724,2025-08-03,V005,singles,T0160,T0003,1,1,T0003,T0160,away,7,100.59,0,Moonless,952
B000725,2025-05-11,V044,doubles,T0017,T0109,2,2,T0109,T0017,away,13,231.0,0,Odd Aura,1536
B000726,2024-07-27,V030,doubles,T0024,T0176,2,2,T0024,T0176,home,7,340.0,0,Sunny,647
B000727,2025-11-21,V052,doubles,T0167,T0026,2,2,T0167,T0026,home,6,218.19,0,Rain,780
B000728,2025-03-14,V046,singles,T0171,T0040,1,1,T0040,T0171,away,11,279.9,0,Sandstorm,474
B000729,2025-01-01,V031,singles,T0131,T0034,1,1,T0131,T0034,home,4,87.22,0,Dusty,458
B000730,2024-11-10,V003,doubles,T0038,T0065,2,1,T0038,T0065,home,10,756.39,0,Breezy,462
B000731,2025-04-12,V012,singles,T0030,T0011,1,1,T0011,T0030,away,9,94.24,0,Thunderstorm,1067
B000732,2025-01-09,V049,doubles,T0100,T0067,2,2,T0067,T0100,away,11,140.8,0,Overcast,667
B000733,2024-07-08,V033,doubles,T0177,T0108,2,2,T0108,T0177,away,13,188.14,0,Dusty,1898
B000734,2024-12-20,V001,doubles,T0091,T0112,2,2,T0091,T0112,home,14,74.44,0,Breezy,802
B000735,2024-08-13,V052,doubles,T0047,T0125,2,2,T0125,T0047,away,14,233.51,1,Rain,705
B000736,2024-09-08,V007,triples,T0166,T0146,3,3,T0166,T0146,home,11,722.48,0,High Winds,1042
B000737,2024-02-07,V007,singles,T0174,T0102,1,1,T0174,T0102,home,12,125.71,0,High Winds,1523
B000738,2025-05-10,V015,triples,T0009,T0047,3,3,T0047,T0009,away,17,11.94,0,Glittering,168
B000739,2025-12-07,V044,triples,T0141,T0049,3,2,T0141,T0049,home,16,411.4,0,Odd Aura,1388
B000740,2024-12-31,V028,singles,T0050,T0041,1,1,T0050,T0041,home,17,2.39,0,Sunny,1099
B000741,2024-05-15,V040,doubles,T0015,T0002,2,2,T0015,T0002,home,12,367.22,0,Smog,267
B000742,2024-06-16,V048,doubles,T0175,T0053,2,2,T0175,T0053,home,9,64.74,0,Sandstorm,2036
B000743,2025-01-29,V035,triples,T0005,T0061,3,3,T0005,T0061,home,23,298.54,1,Hail,337
B000744,2025-01-08,V046,doubles,T0124,T0040,2,2,T0040,T0124,away,24,79.2,1,Sandstorm,430
B000745,2024-11-18,V036,triples,T0124,T0031,3,3,T0031,T0124,away,11,99.72,0,Hail,850
B000746,2025-07-16,V004,triples,T0036,T0008,3,3,T0008,T0036,away,18,72.31,0,Moonless,804
B000747,2024-07-26,V033,singles,T0081,T0076,1,1,T0081,T0076,home,6,68.87,0,Dusty,1861
B000748,2024-07-23,V022,singles,T0002,T0024,1,1,T0002,T0024,home,6,127.04,0,Windy,1120
B000749,2024-04-11,V025,doubles,T0082,T0081,2,2,T0082,T0081,home,11,125.93,0,Fog,961
B000750,2024-04-19,V009,singles,T0001,T0040,1,1,T0001,T0040,home,13,232.09,0,High Winds,1733
B000751,2025-01-30,V007,doubles,T0053,T0104,2,2,T0104,T0053,away,9,160.22,0,High Winds,1433
B000752,2025-11-30,V053,triples,T0168,T0004,3,3,T0168,T0004,home,24,372.08,1,Rain,468
B000753,2025-01-09,V013,singles,T0061,T0158,1,1,T0061,T0158,home,9,92.57,0,Glittering,1996
B000754,2024-07-23,V043,singles,T0041,T0010,1,1,T0041,T0010,home,8,303.76,0,Odd Aura,889
B000755,2024-07-07,V046,singles,T0087,T0072,1,1,T0072,T0087,away,9,167.52,0,Sandstorm,544
B000756,2024-07-11,V052,singles,T0039,T0169,1,1,T0169,T0039,away,10,187.68,0,Rain,549
B000757,2024-10-06,V052,singles,T0031,T0170,1,1,T0170,T0031,away,10,114.51,0,Rain,722
B000758,2026-02-28,V018,doubles,T0037,T0178,2,2,T0037,T0178,home,20,237.24,1,Clear,1750
B000759,2025-03-23,V025,doubles,T0082,T0079,2,2,T0082,T0079,home,7,200.0,0,Fog,1156
B000760,2026-01-19,V037,singles,T0109,T0013,1,1,T0013,T0109,away,10,126.28,0,Clear,1186
B000761,2024-03-16,V035,singles,T0156,T0154,1,1,T0154,T0156,away,7,48.11,0,Hail,306
B000762,2024-08-02,V001,triples,T0090,T0013,3,2,T0090,T0013,home,15,379.19,0,Breezy,725
B000763,2024-04-08,V014,triples,T0145,T0179,3,3,T0145,T0179,home,16,575.7,0,Glittering,1756
B000764,2025-10-19,V052,doubles,T0154,T0158,2,2,T0154,T0158,home,5,106.37,0,Rain,700
B000765,2024-06-17,V022,doubles,T0171,T0027,2,2,T0171,T0027,home,11,286.3,0,Windy,1202
B000766,2025-08-22,V024,doubles,T0072,T0178,2,2,T0178,T0072,away,10,194.73,0,Windy,1193
B000767,2025-03-19,V014,triples,T0051,T0120,3,3,T0051,T0120,home,11,440.21,0,Glittering,1749
B000768,2025-11-24,V012,singles,T0030,T0113,1,1,T0030,T0113,home,10,139.96,0,Thunderstorm,952
B000769,2025-10-06,V001,singles,T0169,T0038,1,1,T0038,T0169,away,13,136.48,0,Breezy,691
B000770,2024-02-21,V021,singles,T0060,T0151,1,1,T0060,T0151,home,11,146.23,0,Harsh Sun,273
B000771,2025-08-30,V044,triples,T0166,T0169,3,3,T0166,T0169,home,10,137.95,0,Odd Aura,1470
B000772,2024-04-01,V052,triples,T0167,T0049,3,3,T0049,T0167,away,24,73.16,1,Rain,682
B000773,2025-05-12,V023,doubles,T0139,T0143,2,2,T0139,T0143,home,17,265.15,0,Windy,1127
B000774,2024-03-20,V039,doubles,T0036,T0079,2,2,T0079,T0036,away,23,137.64,1,Clear,774
B000775,2025-04-22,V045,doubles,T0114,T0012,2,2,T0114,T0012,home,14,136.17,1,Odd Aura,533
B000776,2024-06-02,V006,singles,T0108,T0130,1,1,T0108,T0130,home,4,63.33,0,Moonless,334
B000777,2025-12-23,V024,singles,T0018,T0099,1,1,T0018,T0099,home,10,145.03,0,Windy,1022
B000778,2024-07-14,V024,singles,T0166,T0061,1,1,T0166,T0061,home,13,351.38,0,Windy,1212
B000779,2024-06-20,V048,doubles,T0142,T0036,2,2,T0142,T0036,home,12,331.46,0,Sandstorm,2120
B000780,2024-10-12,V053,doubles,T0025,T0155,2,2,T0155,T0025,away,8,86.29,0,Rain,449
B000781,2026-01-16,V044,doubles,T0051,T0026,2,2,T0051,T0026,home,10,82.81,0,Odd Aura,1349
B000782,2025-08-13,V009,triples,T0055,T0083,3,3,T0055,T0083,home,11,135.56,0,High Winds,1760
B000783,2024-07-14,V005,singles,T0118,T0029,1,1,T0118,T0029,home,6,46.68,0,Moonless,1008
B000784,2025-09-19,V017,singles,T0147,T0176,1,1,T0176,T0147,away,5,262.36,0,Clear,732
B000785,2026-02-28,V045,triples,T0122,T0055,3,3,T0055,T0122,away,16,382.84,0,Odd Aura,400
B000786,2024-06-28,V013,doubles,T0133,T0030,2,2,T0030,T0133,away,14,213.08,0,Glittering,1586
B000787,2024-04-14,V030,triples,T0078,T0171,3,3,T0078,T0171,home,22,26.1,1,Sunny,1098
B000788,2026-02-19,V017,singles,T0158,T0141,1,1,T0158,T0141,home,9,57.47,0,Clear,651
B000789,2025-01-14,V036,doubles,T0036,T0112,2,2,T0112,T0036,away,18,339.18,0,Hail,762
B000790,2025-01-09,V008,singles,T0052,T0098,1,1,T0052,T0098,home,5,27.19,0,High Winds,324
B000791,2025-02-22,V005,doubles,T0013,T0166,2,2,T0013,T0166,home,10,307.38,0,Moonless,930
B000792,2025-11-14,V010,singles,T0137,T0013,1,1,T0013,T0137,away,11,155.13,0,Thunderstorm,381
B000793,2025-07-26,V045,doubles,T0044,T0091,2,2,T0091,T0044,away,9,82.54,0,Odd Aura,534
B000794,2025-01-14,V005,singles,T0013,T0102,1,1,T0013,T0102,home,8,273.35,0,Moonless,1105
B000795,2025-10-13,V051,singles,T0054,T0153,1,1,T0054,T0153,home,11,11.22,0,Overcast,520
B000796,2025-03-19,V041,singles,T0126,T0102,1,1,T0102,T0126,away,8,83.82,0,Smog,437
B000797,2025-09-25,V039,triples,T0009,T0102,3,3,T0009,T0102,home,13,313.89,0,Clear,728
B000798,2026-03-05,V012,triples,T0127,T0037,3,3,T0037,T0127,away,17,350.79,0,Thunderstorm,1049
B000799,2025-03-03,V008,doubles,T0164,T0126,2,2,T0126,T0164,away,12,288.91,0,High Winds,343
B000800,2024-10-25,V049,singles,T0063,T0004,1,1,T0063,T0004,home,18,442.1,0,Overcast,681
B000801,2025-06-25,V046,doubles,T0070,T0138,2,2,T0070,T0138,home,6,229.87,0,Sandstorm,526
B000802,2024-04-16,V033,triples,T0050,T0137,3,3,T0050,T0137,home,15,460.81,0,Dusty,1638
B000803,2025-11-27,V041,triples,T0094,T0079,3,3,T0094,T0079,home,24,392.62,1,Smog,600
B000804,2025-10-14,V019,triples,T0009,T0128,3,3,T0009,T0128,home,14,145.63,0,Harsh Sun,1014
B000805,2024-06-28,V025,doubles,T0020,T0038,2,2,T0020,T0038,home,23,299.89,1,Fog,982
B000806,2025-03-13,V008,triples,T0052,T0012,3,3,T0052,T0012,home,11,243.35,0,High Winds,323
B000807,2025-08-19,V022,triples,T0040,T0011,3,3,T0040,T0011,home,13,790.1,0,Windy,1080
B000808,2025-02-02,V044,singles,T0072,T0083,1,2,T0083,T0072,away,8,402.74,0,Odd Aura,1450
B000809,2025-02-20,V054,triples,T0178,T0002,3,3,T0178,T0002,home,11,313.89,0,Rain,699
B000810,2024-01-01,V039,doubles,T0016,T0037,2,2,T0016,T0037,home,13,61.21,0,Clear,655
B000811,2024-05-02,V049,doubles,T0002,T0160,2,2,T0002,T0160,home,9,82.82,0,Overcast,669
B000812,2024-06-14,V005,doubles,T0118,T0067,2,2,T0067,T0118,away,16,46.87,1,Moonless,1057
B000813,2025-10-30,V031,doubles,T0137,T0033,2,2,T0137,T0033,home,11,0.2,0,Dusty,349
B000814,2025-06-08,V006,triples,T0159,T0061,3,3,T0159,T0061,home,14,169.62,0,Moonless,522
B000815,2025-11-05,V001,doubles,T0166,T0098,2,2,T0166,T0098,home,14,838.38,0,Breezy,652
B000816,2024-04-18,V046,triples,T0168,T0009,3,3,T0168,T0009,home,15,11.26,0,Sandstorm,615
B000817,2024-09-24,V016,doubles,T0105,T0043,2,2,T0105,T0043,home,10,191.0,0,Clear,189
B000818,2026-03-29,V033,singles,T0154,T0111,1,1,T0111,T0154,away,9,253.17,0,Dusty,1753
B000819,2025-09-08,V008,doubles,T0128,T0042,2,2,T0128,T0042,home,19,416.21,1,High Winds,224
B000820,2025-04-11,V050,doubles,T0100,T0152,2,2,T0152,T0100,away,9,206.41,0,Overcast,264
B000821,2025-03-24,V025,doubles,T0082,T0007,2,2,T0082,T0007,home,16,156.39,1,Fog,1217
B000822,2025-10-26,V023,singles,T0045,T0170,1,1,T0170,T0045,away,8,101.9,0,Windy,1334
B000823,2024-04-30,V041,singles,T0035,T0043,1,1,T0043,T0035,away,15,181.89,0,Smog,647
B000824,2024-02-14,V004,singles,T0074,T0013,1,1,T0013,T0074,away,14,310.22,0,Moonless,649
B000825,2025-04-12,V017,triples,T0094,T0039,3,3,T0094,T0039,home,13,209.92,0,Clear,573
B000826,2024-12-12,V007,singles,T0118,T0129,1,1,T0118,T0129,home,10,22.07,0,High Winds,1294
B000827,2025-08-28,V024,doubles,T0136,T0013,2,2,T0136,T0013,home,15,56.91,0,Windy,824
B000828,2025-05-06,V007,singles,T0050,T0071,1,1,T0050,T0071,home,6,239.52,0,High Winds,1267
B000829,2025-07-14,V022,doubles,T0164,T0097,2,2,T0164,T0097,home,8,99.95,0,Windy,949
B000830,2024-05-01,V004,doubles,T0117,T0018,2,2,T0117,T0018,home,8,480.87,0,Moonless,682
B000831,2024-05-06,V054,singles,T0063,T0150,1,1,T0150,T0063,away,9,7.2,0,Rain,701
B000832,2025-09-02,V048,doubles,T0146,T0108,2,2,T0108,T0146,away,15,509.02,0,Sandstorm,2217
B000833,2025-08-14,V019,singles,T0073,T0173,1,1,T0073,T0173,home,14,119.35,0,Harsh Sun,1128
B000834,2026-02-14,V045,singles,T0097,T0167,1,1,T0167,T0097,away,14,95.35,0,Odd Aura,569
B000835,2026-03-07,V036,singles,T0153,T0163,1,1,T0163,T0153,away,4,252.87,0,Hail,800
B000836,2025-03-22,V052,singles,T0005,T0047,1,1,T0005,T0047,home,9,307.14,0,Rain,730
B000837,2025-09-14,V046,doubles,T0040,T0029,2,2,T0040,T0029,home,12,549.09,0,Sandstorm,393
B000838,2025-06-02,V009,singles,T0025,T0007,1,1,T0025,T0007,home,6,84.79,0,High Winds,2032
B000839,2024-04-12,V025,doubles,T0125,T0081,2,2,T0081,T0125,away,12,245.84,0,Fog,1318
B000840,2024-01-13,V014,triples,T0146,T0021,3,3,T0021,T0146,away,13,545.05,0,Glittering,1548
B000841,2026-02-13,V043,triples,T0009,T0025,3,3,T0009,T0025,home,18,53.67,0,Odd Aura,1199
B000842,2024-06-24,V027,singles,T0043,T0168,1,1,T0043,T0168,home,9,6.84,0,Fog,815
B000843,2024-09-21,V026,singles,T0080,T0134,1,1,T0080,T0134,home,14,96.25,0,Fog,839
B000844,2025-10-31,V030,singles,T0011,T0092,1,1,T0092,T0011,away,8,83.28,0,Sunny,660
B000845,2025-02-01,V054,singles,T0104,T0169,1,1,T0169,T0104,away,6,109.55,0,Rain,742
B000846,2024-07-14,V015,singles,T0159,T0101,1,1,T0159,T0101,home,9,97.42,0,Glittering,145
B000847,2025-10-23,V035,doubles,T0017,T0175,2,2,T0175,T0017,away,15,430.55,0,Hail,264
B000848,2024-10-14,V037,doubles,T0003,T0079,2,2,T0079,T0003,away,21,199.91,1,Clear,1092
B000849,2024-11-06,V036,doubles,T0118,T0080,2,2,T0118,T0080,home,10,258.89,0,Hail,686
B000850,2024-10-26,V053,doubles,T0033,T0106,2,3,T0106,T0033,away,22,5.36,1,Rain,473
B000851,2024-04-03,V008,triples,T0052,T0083,3,3,T0083,T0052,away,19,240.06,0,High Winds,291
B000852,2025-10-25,V036,singles,T0001,T0151,1,1,T0001,T0151,home,14,137.88,0,Hail,797
B000853,2025-08-31,V019,triples,T0152,T0068,3,3,T0068,T0152,away,18,242.25,0,Harsh Sun,969
B000854,2024-01-09,V035,singles,T0005,T0020,1,1,T0020,T0005,away,11,77.77,0,Hail,409
B000855,2025-08-18,V036,triples,T0041,T0029,3,3,T0041,T0029,home,15,834.18,0,Hail,751
B000856,2025-01-31,V012,singles,T0010,T0095,1,1,T0010,T0095,home,10,178.43,0,Thunderstorm,883
B000857,2024-08-26,V051,singles,T0125,T0139,1,1,T0139,T0125,away,10,208.5,0,Overcast,428
B000858,2025-01-01,V031,doubles,T0040,T0157,2,3,T0157,T0040,away,14,401.56,0,Dusty,400
B000859,2025-10-09,V037,triples,T0106,T0017,3,3,T0106,T0017,home,12,108.19,0,Clear,984
B000860,2024-05-04,V048,singles,T0044,T0008,1,1,T0008,T0044,away,6,271.32,0,Sandstorm,1858
B000861,2024-05-02,V044,doubles,T0016,T0144,2,2,T0016,T0144,home,8,130.66,0,Odd Aura,1474
B000862,2025-02-14,V019,singles,T0160,T0004,1,1,T0160,T0004,home,12,226.29,0,Harsh Sun,1296
B000863,2026-03-28,V005,singles,T0008,T0096,1,1,T0008,T0096,home,8,21.98,0,Moonless,974
B000864,2025-10-19,V001,doubles,T0089,T0093,2,2,T0093,T0089,away,11,200.89,0,Breezy,732
B000865,2025-01-05,V053,doubles,T0022,T0140,2,2,T0022,T0140,home,13,173.24,0,Rain,511
B000866,2024-11-24,V040,triples,T0126,T0116,3,3,T0126,T0116,home,17,456.37,0,Smog,259
B000867,2024-11-24,V039,singles,T0068,T0060,1,1,T0060,T0068,away,11,215.57,0,Clear,859
B000868,2024-11-24,V041,singles,T0080,T0170,1,1,T0080,T0170,home,10,105.5,0,Smog,641
B000869,2025-08-23,V037,singles,T0095,T0109,1,1,T0095,T0109,home,12,344.67,0,Clear,1296
B000870,2025-08-22,V046,singles,T0021,T0103,1,1,T0021,T0103,home,14,244.37,0,Sandstorm,526
B000871,2024-11-13,V035,doubles,T0041,T0091,2,2,T0091,T0041,away,14,64.74,0,Hail,380
B000872,2026-03-17,V015,singles,T0008,T0078,1,1,T0078,T0008,away,10,112.33,0,Glittering,174
B000873,2025-08-14,V003,doubles,T0142,T0134,2,2,T0134,T0142,away,19,56.22,0,Breezy,760
B000874,2024-05-07,V047,doubles,T0030,T0051,2,1,T0030,T0051,home,9,531.6,0,Sandstorm,279
B000875,2025-02-10,V006,triples,T0004,T0051,3,3,T0004,T0051,home,16,5.09,0,Moonless,480
B000876,2024-06-08,V049,doubles,T0165,T0015,2,2,T0165,T0015,home,11,221.09,0,Overcast,674
B000877,2024-01-15,V002,triples,T0159,T0127,3,3,T0159,T0127,home,11,833.88,0,Breezy,1153
B000878,2024-09-13,V036,doubles,T0019,T0141,2,2,T0019,T0141,home,10,428.72,0,Hail,784
B000879,2024-11-16,V017,singles,T0070,T0093,1,1,T0093,T0070,away,9,371.57,0,Clear,506
B000880,2025-07-13,V026,singles,T0077,T0155,1,1,T0155,T0077,away,10,180.56,0,Fog,655
B000881,2025-01-19,V006,doubles,T0097,T0165,2,2,T0165,T0097,away,17,380.64,0,Moonless,378
B000882,2024-01-05,V022,triples,T0071,T0036,3,3,T0036,T0071,away,10,708.19,0,Windy,1248
B000883,2025-02-03,V025,doubles,T0154,T0076,2,2,T0076,T0154,away,8,267.51,0,Fog,1028
B000884,2025-10-20,V044,triples,T0177,T0083,3,3,T0177,T0083,home,11,208.02,0,Odd Aura,1518
B000885,2025-07-23,V037,doubles,T0173,T0092,2,2,T0092,T0173,away,9,68.77,0,Clear,1325
B000886,2025-08-03,V030,singles,T0094,T0092,1,1,T0094,T0092,home,6,194.55,0,Sunny,705
B000887,2024-09-16,V051,doubles,T0149,T0014,2,2,T0149,T0014,home,5,102.76,0,Overcast,462
B000888,2024-09-23,V003,singles,T0111,T0112,1,2,T0112,T0111,away,9,390.39,0,Breezy,671
B000889,2025-11-23,V035,doubles,T0084,T0159,2,2,T0159,T0084,away,12,5.46,0,Hail,300
B000890,2025-09-21,V042,singles,T0105,T0002,1,1,T0105,T0002,home,9,261.57,0,Smog,733
B000891,2025-04-03,V021,singles,T0043,T0069,1,1,T0043,T0069,home,11,172.53,0,Harsh Sun,154
B000892,2025-04-29,V054,singles,T0001,T0175,1,1,T0175,T0001,away,8,42.98,0,Rain,525
B000893,2025-04-04,V054,doubles,T0176,T0112,2,2,T0112,T0176,away,13,368.47,0,Rain,488
B000894,2024-12-13,V031,triples,T0060,T0086,3,3,T0086,T0060,away,19,279.19,0,Dusty,469
B000895,2025-11-20,V043,doubles,T0033,T0076,2,2,T0076,T0033,away,18,421.77,0,Odd Aura,821
B000896,2025-09-15,V032,doubles,T0061,T0029,2,2,T0029,T0061,away,11,143.05,0,Dusty,1098
B000897,2025-02-03,V001,doubles,T0035,T0158,2,2,T0158,T0035,away,8,133.61,0,Breezy,766
B000898,2025-01-04,V001,singles,T0083,T0006,1,1,T0006,T0083,away,9,165.78,0,Breezy,800
B000899,2025-08-08,V041,doubles,T0031,T0159,2,1,T0031,T0159,home,11,427.94,0,Smog,608
B000900,2026-01-02,V029,doubles,T0108,T0119,2,2,T0108,T0119,home,6,21.96,0,Sunny,479
B000901,2024-06-20,V022,singles,T0126,T0135,1,1,T0135,T0126,away,12,11.97,0,Windy,1197
B000902,2026-01-13,V029,doubles,T0060,T0146,2,2,T0060,T0146,home,24,736.3,1,Sunny,503
B000903,2025-10-30,V010,singles,T0176,T0149,1,1,T0176,T0149,home,11,126.13,0,Thunderstorm,555
B000904,2025-07-26,V040,doubles,T0114,T0154,2,2,T0154,T0114,away,15,407.86,0,Smog,220
B000905,2025-01-28,V044,doubles,T0048,T0121,2,2,T0048,T0121,home,19,24.64,1,Odd Aura,1776
B000906,2025-10-06,V007,doubles,T0161,T0086,2,2,T0086,T0161,away,11,178.59,0,High Winds,1420
B000907,2025-02-20,V008,doubles,T0164,T0081,2,2,T0164,T0081,home,11,63.72,0,High Winds,372
B000908,2025-05-08,V027,triples,T0016,T0025,3,3,T0025,T0016,away,15,269.68,0,Fog,804
B000909,2025-07-04,V035,singles,T0050,T0061,1,1,T0061,T0050,away,18,60.17,0,Hail,337
B000910,2025-01-26,V039,doubles,T0096,T0108,2,2,T0108,T0096,away,23,124.26,1,Clear,507
B000911,2026-03-03,V033,singles,T0179,T0023,1,1,T0023,T0179,away,16,75.08,0,Dusty,1859
B000912,2024-06-02,V011,doubles,T0149,T0168,2,2,T0168,T0149,away,12,11.32,0,Thunderstorm,121
B000913,2025-01-05,V001,singles,T0101,T0116,1,1,T0101,T0116,home,12,86.43,0,Breezy,676
B000914,2026-02-04,V001,triples,T0096,T0114,3,3,T0096,T0114,home,19,172.31,1,Breezy,708
B000915,2024-01-06,V049,doubles,T0053,T0111,2,2,T0111,T0053,away,12,75.21,0,Overcast,495
B000916,2024-05-12,V035,doubles,T0124,T0144,2,2,T0124,T0144,home,11,52.13,0,Hail,317
B000917,2024-05-24,V013,triples,T0071,T0125,3,3,T0071,T0125,home,16,160.64,0,Glittering,1329
B000918,2025-03-21,V037,triples,T0021,T0169,3,3,T0021,T0169,home,23,34.32,1,Clear,1108
B000919,2025-10-17,V053,singles,T0084,T0167,1,1,T0084,T0167,home,7,92.95,0,Rain,457
B000920,2025-11-20,V015,singles,T0047,T0024,1,2,T0024,T0047,away,6,600.41,0,Glittering,167
B000921,2025-03-13,V007,singles,T0179,T0168,1,1,T0168,T0179,away,10,108.6,0,High Winds,1582
B000922,2025-08-05,V014,doubles,T0175,T0085,2,2,T0085,T0175,away,18,69.73,1,Glittering,1551
B000923,2026-03-01,V047,triples,T0059,T0022,3,3,T0059,T0022,home,8,499.05,0,Sandstorm,331
B000924,2024-12-26,V047,singles,T0042,T0096,1,1,T0042,T0096,home,14,122.01,0,Sandstorm,391
B000925,2024-04-01,V019,doubles,T0057,T0036,2,2,T0036,T0057,away,9,43.0,0,Harsh Sun,1237
B000926,2025-11-22,V007,triples,T0092,T0136,3,3,T0136,T0092,away,23,66.5,1,High Winds,1528
B000927,2026-01-09,V045,doubles,T0032,T0073,2,1,T0032,T0073,home,20,1012.92,1,Odd Aura,507
B000928,2025-12-22,V043,singles,T0012,T0087,1,1,T0087,T0012,away,13,126.94,0,Odd Aura,966
B000929,2025-02-12,V014,doubles,T0172,T0177,2,2,T0172,T0177,home,16,479.05,1,Glittering,1556
B000930,2025-11-15,V023,singles,T0139,T0011,1,1,T0139,T0011,home,8,479.52,0,Windy,1666
B000931,2025-07-24,V051,triples,T0117,T0002,3,3,T0002,T0117,away,17,62.05,0,Overcast,511
B000932,2025-02-21,V034,singles,T0125,T0083,1,1,T0125,T0083,home,10,58.16,0,Hail,1441
B000933,2025-11-29,V013,singles,T0095,T0165,1,2,T0165,T0095,away,14,208.15,0,Glittering,2241
B000934,2024-10-29,V049,singles,T0082,T0025,1,1,T0082,T0025,home,11,209.07,0,Overcast,691
B000935,2025-08-11,V039,doubles,T0115,T0152,2,2,T0115,T0152,home,13,213.79,0,Clear,588
B000936,2025-11-12,V002,doubles,T0086,T0032,2,2,T0032,T0086,away,21,435.13,1,Breezy,1238
B000937,2024-02-11,V043,doubles,T0079,T0013,2,2,T0013,T0079,away,23,228.53,1,Odd Aura,1187
B000938,2025-06-14,V003,singles,T0056,T0113,1,1,T0113,T0056,away,10,132.91,0,Breezy,349
B000939,2025-06-03,V030,singles,T0159,T0002,1,1,T0159,T0002,home,9,49.29,0,Sunny,522
B000940,2024-10-09,V013,doubles,T0111,T0079,2,2,T0079,T0111,away,19,241.82,0,Glittering,1837
B000941,2025-10-18,V027,doubles,T0060,T0140,2,2,T0060,T0140,home,14,209.36,0,Fog,776
B000942,2024-08-31,V027,triples,T0097,T0067,3,3,T0097,T0067,home,21,55.07,1,Fog,844
B000943,2025-11-27,V010,doubles,T0153,T0120,2,2,T0120,T0153,away,16,91.38,0,Thunderstorm,743
B000944,2025-08-29,V015,singles,T0166,T0064,1,1,T0166,T0064,home,12,111.13,0,Glittering,126
B000945,2025-02-09,V043,doubles,T0106,T0066,2,2,T0066,T0106,away,10,280.47,0,Odd Aura,973
B000946,2026-01-28,V010,doubles,T0038,T0132,2,3,T0132,T0038,away,18,616.56,1,Thunderstorm,348
B000947,2025-06-12,V012,triples,T0032,T0116,3,3,T0116,T0032,away,16,162.89,0,Thunderstorm,897
B000948,2024-08-06,V009,doubles,T0122,T0088,2,2,T0122,T0088,home,14,197.15,0,High Winds,2227
B000949,2025-08-31,V035,singles,T0025,T0171,1,1,T0171,T0025,away,7,209.57,0,Hail,315
B000950,2025-08-29,V044,singles,T0111,T0055,1,1,T0111,T0055,home,8,297.39,0,Odd Aura,1679
B000951,2024-05-10,V035,doubles,T0127,T0115,2,2,T0127,T0115,home,17,139.5,0,Hail,360
B000952,2025-11-15,V054,triples,T0128,T0166,3,3,T0128,T0166,home,10,354.08,0,Rain,636
B000953,2025-07-08,V045,triples,T0057,T0105,3,3,T0057,T0105,home,16,15.97,0,Odd Aura,454
B000954,2024-04-08,V005,singles,T0013,T0044,1,1,T0013,T0044,home,7,35.28,0,Moonless,990
B000955,2025-09-22,V023,doubles,T0059,T0102,2,2,T0059,T0102,home,15,137.26,0,Windy,1331
B000956,2025-02-28,V006,triples,T0144,T0124,3,3,T0144,T0124,home,14,101.0,0,Moonless,441
B000957,2025-01-03,V050,doubles,T0063,T0086,2,2,T0086,T0063,away,10,73.38,0,Overcast,184
B000958,2024-08-01,V041,doubles,T0084,T0019,2,2,T0084,T0019,home,9,134.72,0,Smog,554
B000959,2025-01-28,V018,singles,T0104,T0024,1,1,T0104,T0024,home,8,276.12,0,Clear,1069
B000960,2026-02-24,V001,triples,T0180,T0136,3,3,T0180,T0136,home,15,187.23,0,Breezy,828
B000961,2025-02-28,V012,doubles,T0155,T0066,2,2,T0155,T0066,home,9,19.12,0,Thunderstorm,925
B000962,2025-09-20,V014,singles,T0093,T0149,1,1,T0093,T0149,home,9,16.47,0,Glittering,1452
B000963,2024-12-09,V044,singles,T0048,T0167,1,1,T0048,T0167,home,7,68.93,0,Odd Aura,1727
B000964,2024-04-24,V040,singles,T0126,T0039,1,1,T0126,T0039,home,5,164.28,0,Smog,262
B000965,2026-01-19,V024,doubles,T0106,T0180,2,2,T0180,T0106,away,14,128.97,0,Windy,1282
B000966,2025-10-02,V043,singles,T0088,T0061,1,2,T0061,T0088,away,4,878.68,0,Odd Aura,1022
B000967,2024-03-04,V046,triples,T0017,T0091,3,3,T0091,T0017,away,24,296.13,1,Sandstorm,773
B000968,2025-02-21,V036,singles,T0177,T0168,1,1,T0177,T0168,home,10,72.13,0,Hail,676
B000969,2025-11-29,V034,doubles,T0013,T0102,2,3,T0102,T0013,away,13,540.25,0,Hail,1464
B000970,2026-01-31,V049,doubles,T0117,T0062,2,2,T0062,T0117,away,12,22.35,0,Overcast,720
B000971,2024-10-04,V005,doubles,T0149,T0127,2,2,T0127,T0149,away,12,175.25,0,Moonless,1125
B000972,2025-09-10,V015,triples,T0032,T0164,3,3,T0032,T0164,home,16,376.89,0,Glittering,180
B000973,2025-10-04,V048,triples,T0065,T0036,3,3,T0036,T0065,away,12,131.9,0,Sandstorm,2162
B000974,2025-04-27,V011,doubles,T0095,T0081,2,2,T0095,T0081,home,9,310.98,0,Thunderstorm,181
B000975,2024-10-15,V022,singles,T0164,T0135,1,1,T0135,T0164,away,13,280.84,0,Windy,1151
B000976,2024-08-28,V015,doubles,T0110,T0162,2,2,T0162,T0110,away,12,143.95,0,Glittering,191
B000977,2025-09-25,V015,doubles,T0137,T0098,2,2,T0137,T0098,home,15,174.77,0,Glittering,153
B000978,2025-10-22,V014,singles,T0040,T0152,1,1,T0152,T0040,away,11,146.85,0,Glittering,1469
B000979,2025-09-19,V029,doubles,T0035,T0114,2,2,T0114,T0035,away,12,235.03,0,Sunny,528
B000980,2024-02-06,V042,doubles,T0012,T0081,2,2,T0012,T0081,home,20,324.86,1,Smog,743
B000981,2025-03-12,V052,singles,T0023,T0173,1,1,T0173,T0023,away,9,23.13,0,Rain,701
B000982,2026-02-17,V004,singles,T0098,T0084,1,1,T0098,T0084,home,8,34.22,0,Moonless,616
B000983,2025-08-29,V034,singles,T0136,T0046,1,1,T0136,T0046,home,10,51.42,0,Hail,1234
B000984,2025-07-13,V017,singles,T0065,T0078,1,1,T0078,T0065,away,9,15.82,0,Clear,864
B000985,2025-09-06,V011,doubles,T0149,T0069,2,2,T0149,T0069,home,15,111.37,0,Thunderstorm,127
B000986,2024-09-01,V016,doubles,T0053,T0089,2,2,T0089,T0053,away,14,364.47,0,Clear,157
B000987,2025-07-21,V030,singles,T0073,T0113,1,1,T0113,T0073,away,11,161.9,0,Sunny,780
B000988,2025-03-01,V014,triples,T0131,T0137,3,3,T0131,T0137,home,10,328.39,0,Glittering,1928
B000989,2024-12-08,V030,singles,T0125,T0146,1,1,T0146,T0125,away,9,168.93,0,Sunny,930
B000990,2026-03-14,V050,doubles,T0104,T0031,2,2,T0031,T0104,away,22,132.3,1,Overcast,211
B000991,2025-07-26,V030,singles,T0047,T0089,1,1,T0089,T0047,away,13,276.02,0,Sunny,821
B000992,2025-03-31,V024,doubles,T0047,T0088,2,2,T0088,T0047,away,23,87.52,1,Windy,969
B000993,2025-01-14,V047,singles,T0095,T0138,1,1,T0138,T0095,away,13,82.16,0,Sandstorm,307
B000994,2025-02-14,V040,triples,T0061,T0145,3,3,T0145,T0061,away,22,455.01,1,Smog,222
B000995,2025-09-28,V018,singles,T0148,T0154,1,1,T0148,T0154,home,7,0.18,0,Clear,1434
B000996,2026-03-22,V052,triples,T0044,T0170,3,3,T0170,T0044,away,13,61.83,0,Rain,613
B000997,2025-07-04,V039,doubles,T0098,T0028,2,2,T0028,T0098,away,12,173.89,0,Clear,468
B000998,2025-08-05,V019,doubles,T0057,T0129,2,2,T0129,T0057,away,13,4.68,0,Harsh Sun,1279
B000999,2025-03-02,V049,singles,T0035,T0100,1,1,T0035,T0100,home,15,224.36,0,Overcast,845
B001000,2024-04-13,V002,doubles,T0083,T0090,2,2,T0083,T0090,home,17,25.89,0,Breezy,1147
B001001,2024-03-29,V009,triples,T0061,T0146,3,3,T0061,T0146,home,14,60.53,0,High Winds,2069
B001002,2025-04-02,V042,singles,T0004,T0138,1,1,T0004,T0138,home,13,22.74,0,Smog,573
B001003,2024-04-04,V030,singles,T0112,T0108,1,1,T0112,T0108,home,10,14.8,0,Sunny,641
B001004,2024-09-24,V008,singles,T0076,T0138,1,1,T0076,T0138,home,7,164.46,0,High Winds,328
B001005,2024-06-19,V036,singles,T0050,T0163,1,1,T0050,T0163,home,15,155.74,0,Hail,798
B001006,2025-04-27,V015,singles,T0032,T0036,1,1,T0036,T0032,away,9,24.98,0,Glittering,186
B001007,2025-07-04,V038,singles,T0127,T0116,1,1,T0116,T0127,away,7,80.8,0,Clear,757
B001008,2024-03-03,V050,singles,T0069,T0161,1,1,T0161,T0069,away,11,227.29,0,Overcast,134
B001009,2024-01-21,V025,triples,T0143,T0094,3,3,T0094,T0143,away,17,287.34,0,Fog,1033
B001010,2025-07-24,V028,doubles,T0153,T0114,2,2,T0114,T0153,away,13,24.92,0,Sunny,902
B001011,2024-05-02,V010,doubles,T0137,T0077,2,2,T0077,T0137,away,16,49.52,0,Thunderstorm,548
B001012,2025-12-15,V007,singles,T0093,T0139,1,1,T0139,T0093,away,7,145.91,0,High Winds,1277
B001013,2025-02-04,V036,singles,T0025,T0121,1,1,T0121,T0025,away,4,96.22,0,Hail,790
B001014,2024-05-06,V020,doubles,T0055,T0073,2,2,T0073,T0055,away,10,63.74,0,Harsh Sun,1604
B001015,2024-01-21,V019,singles,T0057,T0035,1,1,T0035,T0057,away,9,38.43,0,Harsh Sun,1182
B001016,2024-04-25,V023,singles,T0123,T0148,1,1,T0123,T0148,home,13,225.42,0,Windy,1306
B001017,2025-01-03,V004,singles,T0037,T0023,1,1,T0037,T0023,home,12,113.6,0,Moonless,743
B001018,2025-05-24,V045,doubles,T0170,T0094,2,2,T0094,T0170,away,8,23.42,0,Odd Aura,481
B001019,2025-03-17,V032,doubles,T0098,T0116,2,2,T0098,T0116,home,9,128.7,0,Dusty,1325
B001020,2024-07-10,V033,doubles,T0176,T0097,2,2,T0097,T0176,away,9,40.7,0,Dusty,2042
B001021,2024-04-26,V001,triples,T0155,T0100,3,3,T0155,T0100,home,16,745.34,0,Breezy,772
B001022,2025-07-12,V040,triples,T0112,T0060,3,3,T0060,T0112,away,15,85.93,0,Smog,217
B001023,2024-05-15,V046,singles,T0067,T0089,1,1,T0089,T0067,away,6,262.14,0,Sandstorm,415
B001024,2024-04-11,V053,singles,T0053,T0147,1,1,T0147,T0053,away,8,44.49,0,Rain,458
B001025,2025-03-22,V004,doubles,T0022,T0032,2,2,T0032,T0022,away,12,386.0,0,Moonless,746
B001026,2025-12-09,V029,singles,T0008,T0126,1,1,T0126,T0008,away,4,310.5,0,Sunny,493
B001027,2025-10-16,V044,triples,T0055,T0159,3,3,T0055,T0159,home,14,205.11,0,Odd Aura,1617
B001028,2024-07-02,V033,doubles,T0175,T0003,2,2,T0003,T0175,away,14,47.58,1,Dusty,1385
B001029,2024-08-14,V010,doubles,T0041,T0093,2,3,T0093,T0041,away,12,471.28,0,Thunderstorm,498
B001030,2025-08-25,V009,singles,T0127,T0073,1,1,T0127,T0073,home,13,106.61,0,High Winds,1912
B001031,2024-08-01,V031,singles,T0089,T0117,1,1,T0117,T0089,away,11,62.12,0,Dusty,363
B001032,2024-06-22,V008,singles,T0179,T0025,1,1,T0025,T0179,away,13,271.28,0,High Winds,348
B001033,2025-10-16,V018,doubles,T0056,T0114,2,2,T0114,T0056,away,8,68.56,0,Clear,1272
B001034,2024-02-13,V033,doubles,T0132,T0009,2,2,T0009,T0132,away,11,8.56,0,Dusty,1719
B001035,2025-01-02,V022,triples,T0165,T0159,3,3,T0159,T0165,away,10,211.84,0,Windy,581
B001036,2025-03-14,V019,doubles,T0063,T0097,2,2,T0097,T0063,away,12,86.89,0,Harsh Sun,1204
B001037,2025-09-23,V044,singles,T0061,T0125,1,2,T0125,T0061,away,6,482.64,0,Odd Aura,1546
B001038,2024-02-02,V020,doubles,T0148,T0051,2,2,T0051,T0148,away,16,21.18,0,Harsh Sun,1852
B001039,2025-11-30,V014,doubles,T0116,T0041,2,2,T0116,T0041,home,14,47.7,0,Glittering,1482
B001040,2024-02-10,V047,doubles,T0038,T0142,2,2,T0038,T0142,home,19,68.81,0,Sandstorm,381
B001041,2026-02-02,V039,singles,T0002,T0029,1,1,T0002,T0029,home,10,333.53,0,Clear,869
B001042,2024-09-03,V012,doubles,T0134,T0119,2,2,T0134,T0119,home,17,90.17,0,Thunderstorm,1060
B001043,2026-03-18,V017,doubles,T0122,T0075,2,2,T0075,T0122,away,9,143.21,0,Clear,825
B001044,2025-02-05,V026,doubles,T0129,T0073,2,1,T0129,T0073,home,16,369.02,0,Fog,562
B001045,2025-01-08,V018,singles,T0092,T0173,1,1,T0092,T0173,home,11,144.31,0,Clear,1460
B001046,2024-02-22,V006,triples,T0138,T0024,3,3,T0024,T0138,away,11,354.53,0,Moonless,392
B001047,2025-04-22,V039,doubles,T0068,T0139,2,2,T0139,T0068,away,11,253.78,0,Clear,724
B001048,2024-03-18,V035,triples,T0005,T0055,3,3,T0005,T0055,home,19,601.91,0,Hail,349
B001049,2025-02-06,V036,doubles,T0118,T0015,2,2,T0015,T0118,away,21,317.88,1,Hail,648
B001050,2025-03-04,V034,doubles,T0026,T0029,2,2,T0029,T0026,away,9,5.69,0,Hail,1600
B001051,2024-09-15,V053,singles,T0053,T0169,1,1,T0053,T0169,home,10,59.47,0,Rain,426
B001052,2025-07-30,V008,triples,T0052,T0090,3,3,T0052,T0090,home,16,203.35,0,High Winds,323
B001053,2025-10-16,V038,singles,T0109,T0130,1,1,T0130,T0109,away,6,244.75,0,Clear,1056
B001054,2025-01-18,V010,singles,T0167,T0004,1,1,T0004,T0167,away,11,16.5,0,Thunderstorm,435
B001055,2025-08-31,V009,singles,T0151,T0129,1,1,T0129,T0151,away,11,129.74,0,High Winds,2219
B001056,2024-06-27,V025,singles,T0082,T0063,1,1,T0063,T0082,away,7,184.77,0,Fog,1100
B001057,2024-03-17,V005,triples,T0165,T0084,3,3,T0165,T0084,home,14,306.47,0,Moonless,1071
B001058,2024-10-25,V018,singles,T0041,T0002,1,1,T0041,T0002,home,13,172.74,0,Clear,1190
B001059,2025-06-08,V038,singles,T0138,T0074,1,1,T0074,T0138,away,11,34.44,0,Clear,706
B001060,2025-10-10,V035,singles,T0114,T0081,1,1,T0114,T0081,home,10,10.4,0,Hail,370
B001061,2025-06-07,V007,singles,T0044,T0032,1,1,T0044,T0032,home,12,1.73,0,High Winds,1011
B001062,2025-04-11,V035,singles,T0120,T0040,1,1,T0040,T0120,away,11,186.39,0,Hail,380
B001063,2025-04-25,V051,triples,T0048,T0155,3,3,T0048,T0155,home,12,18.61,0,Overcast,489
B001064,2025-10-19,V036,doubles,T0052,T0119,2,2,T0119,T0052,away,12,154.03,0,Hail,679
B001065,2025-03-19,V017,doubles,T0121,T0042,2,2,T0121,T0042,home,22,194.06,1,Clear,498
B001066,2025-09-19,V042,singles,T0039,T0126,1,1,T0039,T0126,home,13,110.76,0,Smog,672
B001067,2025-06-16,V008,triples,T0059,T0130,3,3,T0130,T0059,away,13,827.71,0,High Winds,455
B001068,2025-05-10,V007,doubles,T0177,T0127,2,2,T0127,T0177,away,15,155.66,0,High Winds,1343
B001069,2024-04-21,V028,doubles,T0073,T0173,2,2,T0073,T0173,home,18,378.81,0,Sunny,1168
B001070,2026-02-21,V011,singles,T0152,T0120,1,1,T0152,T0120,home,14,116.55,0,Thunderstorm,137
B001071,2024-11-04,V038,doubles,T0135,T0073,2,2,T0135,T0073,home,10,226.28,0,Clear,746
B001072,2024-01-12,V048,singles,T0147,T0171,1,1,T0171,T0147,away,9,87.5,0,Sandstorm,1847
B001073,2025-10-22,V004,singles,T0169,T0140,1,1,T0169,T0140,home,8,80.26,0,Moonless,845
B001074,2024-12-31,V006,doubles,T0154,T0151,2,2,T0151,T0154,away,15,11.45,0,Moonless,379
B001075,2024-12-13,V029,doubles,T0072,T0179,2,2,T0072,T0179,home,18,131.21,0,Sunny,555
B001076,2024-06-05,V030,triples,T0002,T0013,3,3,T0013,T0002,away,21,6.96,1,Sunny,871
B001077,2024-01-13,V054,triples,T0007,T0121,3,3,T0121,T0007,away,9,72.2,0,Rain,605
B001078,2025-07-20,V018,doubles,T0061,T0055,2,2,T0061,T0055,home,14,175.64,0,Clear,1604
B001079,2024-02-28,V006,singles,T0179,T0155,1,1,T0179,T0155,home,8,51.2,0,Moonless,412
B001080,2025-10-11,V044,doubles,T0157,T0106,2,2,T0157,T0106,home,8,220.46,0,Odd Aura,1581
B001081,2024-08-30,V036,singles,T0114,T0038,1,1,T0038,T0114,away,10,331.29,0,Hail,755
B001082,2024-02-07,V054,singles,T0030,T0170,1,1,T0030,T0170,home,5,308.66,0,Rain,578
B001083,2025-06-25,V051,doubles,T0088,T0030,2,2,T0030,T0088,away,15,61.45,0,Overcast,412
B001084,2024-07-17,V048,singles,T0099,T0129,1,1,T0129,T0099,away,6,310.3,0,Sandstorm,1802
B001085,2024-09-05,V001,singles,T0018,T0170,1,1,T0018,T0170,home,12,12.7,0,Breezy,685
B001086,2025-04-29,V004,triples,T0132,T0180,3,3,T0132,T0180,home,14,90.54,0,Moonless,777
B001087,2025-08-26,V018,triples,T0174,T0129,3,3,T0174,T0129,home,22,2.34,0,Clear,1367
B001088,2025-10-09,V020,triples,T0117,T0161,3,3,T0117,T0161,home,17,263.73,0,Harsh Sun,1621
B001089,2025-05-03,V035,triples,T0158,T0091,3,3,T0091,T0158,away,15,461.66,0,Hail,376
B001090,2024-02-12,V023,doubles,T0179,T0062,2,2,T0062,T0179,away,12,247.11,0,Windy,1555
B001091,2025-05-02,V031,triples,T0078,T0167,3,3,T0078,T0167,home,12,220.64,0,Dusty,377
B001092,2025-04-30,V030,singles,T0153,T0119,1,1,T0119,T0153,away,6,111.18,0,Sunny,1039
B001093,2024-04-22,V043,doubles,T0041,T0178,2,2,T0041,T0178,home,12,149.31,0,Odd Aura,1142
B001094,2024-03-17,V050,singles,T0148,T0153,1,1,T0153,T0148,away,12,119.95,0,Overcast,180
B001095,2026-01-11,V051,doubles,T0007,T0152,2,2,T0007,T0152,home,8,68.28,0,Overcast,544
B001096,2025-02-09,V026,triples,T0150,T0178,3,3,T0150,T0178,home,12,48.47,0,Fog,941
B001097,2024-04-28,V002,triples,T0137,T0020,3,3,T0020,T0137,away,15,268.28,0,Breezy,1060
B001098,2026-02-02,V046,doubles,T0112,T0135,2,2,T0112,T0135,home,10,304.53,0,Sandstorm,551
B001099,2025-04-14,V011,singles,T0050,T0088,1,1,T0088,T0050,away,11,74.98,0,Thunderstorm,196
B001100,2025-01-14,V041,doubles,T0133,T0169,2,2,T0133,T0169,home,14,334.29,0,Smog,511
B001101,2025-03-07,V034,singles,T0005,T0162,1,1,T0162,T0005,away,13,255.79,0,Hail,1183
B001102,2024-06-13,V031,doubles,T0170,T0111,2,2,T0111,T0170,away,14,19.17,0,Dusty,383
B001103,2025-04-28,V048,doubles,T0119,T0089,2,2,T0119,T0089,home,15,1.53,0,Sandstorm,2134
B001104,2025-09-18,V009,doubles,T0047,T0104,2,3,T0104,T0047,away,19,202.52,1,High Winds,2034
B001105,2024-02-24,V040,doubles,T0099,T0067,2,2,T0099,T0067,home,13,230.39,0,Smog,260
B001106,2025-08-11,V006,doubles,T0073,T0122,2,2,T0073,T0122,home,17,209.33,0,Moonless,430
B001107,2024-07-07,V037,singles,T0029,T0010,1,1,T0010,T0029,away,7,27.11,0,Clear,1141
B001108,2025-08-16,V039,singles,T0068,T0105,1,1,T0105,T0068,away,11,6.1,0,Clear,628
B001109,2024-01-07,V024,singles,T0034,T0079,1,1,T0079,T0034,away,8,173.54,0,Windy,886
B001110,2025-03-31,V047,singles,T0118,T0153,1,1,T0153,T0118,away,9,104.97,0,Sandstorm,342
B001111,2024-02-22,V025,doubles,T0004,T0135,2,2,T0135,T0004,away,13,236.88,0,Fog,1421
B001112,2024-08-26,V043,doubles,T0162,T0099,2,2,T0099,T0162,away,14,510.16,0,Odd Aura,1049
B001113,2025-05-02,V002,doubles,T0083,T0130,2,2,T0130,T0083,away,13,342.82,0,Breezy,907
B001114,2025-11-22,V035,doubles,T0030,T0150,2,2,T0150,T0030,away,8,79.23,0,Hail,332
B001115,2025-12-29,V006,doubles,T0137,T0162,2,2,T0162,T0137,away,10,288.68,0,Moonless,493
B001116,2025-01-27,V033,singles,T0044,T0143,1,1,T0044,T0143,home,9,275.83,0,Dusty,1849
B001117,2024-04-06,V049,triples,T0125,T0051,3,3,T0051,T0125,away,13,13.64,0,Overcast,838
B001118,2025-12-23,V048,doubles,T0138,T0053,2,2,T0138,T0053,home,5,70.93,0,Sandstorm,1874
B001119,2025-03-15,V032,doubles,T0135,T0037,2,2,T0037,T0135,away,16,376.24,0,Dusty,1322
B001120,2024-05-23,V020,doubles,T0016,T0036,2,2,T0036,T0016,away,20,220.47,1,Harsh Sun,2034
B001121,2024-07-15,V046,doubles,T0110,T0160,2,2,T0160,T0110,away,5,109.52,0,Sandstorm,504
B001122,2025-07-11,V011,singles,T0042,T0057,1,1,T0042,T0057,home,15,169.05,0,Thunderstorm,165
B001123,2025-05-18,V002,triples,T0016,T0058,3,3,T0058,T0016,away,9,266.5,0,Breezy,1172
B001124,2025-10-10,V033,triples,T0100,T0023,3,3,T0100,T0023,home,18,236.14,0,Dusty,1245
B001125,2025-03-02,V009,singles,T0179,T0103,1,1,T0179,T0103,home,8,74.76,0,High Winds,2017
B001126,2025-11-26,V010,singles,T0032,T0135,1,1,T0135,T0032,away,6,386.06,0,Thunderstorm,550
B001127,2026-01-31,V004,singles,T0004,T0160,1,1,T0160,T0004,away,14,90.56,0,Moonless,754
B001128,2025-10-15,V035,doubles,T0086,T0064,2,2,T0086,T0064,home,7,778.96,0,Hail,303
B001129,2025-02-11,V041,singles,T0133,T0141,1,1,T0133,T0141,home,12,135.98,0,Smog,440
B001130,2025-12-27,V005,singles,T0008,T0047,1,1,T0047,T0008,away,11,246.68,0,Moonless,1095
B001131,2025-12-22,V035,doubles,T0005,T0105,2,2,T0005,T0105,home,13,144.86,0,Hail,368
B001132,2025-04-15,V036,singles,T0050,T0011,1,1,T0011,T0050,away,8,17.53,0,Hail,717
B001133,2025-12-20,V024,singles,T0048,T0092,1,1,T0048,T0092,home,11,59.09,0,Windy,872
B001134,2024-09-07,V002,doubles,T0130,T0106,2,2,T0130,T0106,home,12,690.59,0,Breezy,694
B001135,2024-06-27,V039,doubles,T0094,T0120,2,2,T0094,T0120,home,9,277.25,0,Clear,841
B001136,2024-07-09,V040,doubles,T0105,T0165,2,2,T0165,T0105,away,9,145.85,0,Smog,282
B001137,2024-09-09,V039,doubles,T0169,T0059,2,2,T0169,T0059,home,16,184.06,1,Clear,743
B001138,2025-11-20,V003,doubles,T0074,T0025,2,2,T0025,T0074,away,7,167.95,0,Breezy,477
B001139,2026-03-24,V038,singles,T0007,T0173,1,1,T0173,T0007,away,9,21.24,0,Clear,660
B001140,2024-05-06,V010,doubles,T0007,T0004,2,2,T0007,T0004,home,9,119.59,0,Thunderstorm,387
B001141,2025-02-21,V053,doubles,T0007,T0106,2,2,T0106,T0007,away,14,86.76,0,Rain,495
B001142,2024-02-26,V041,doubles,T0034,T0155,2,2,T0034,T0155,home,14,320.08,0,Smog,509
B001143,2025-06-04,V045,doubles,T0104,T0071,2,2,T0071,T0104,away,15,199.76,0,Odd Aura,599
B001144,2025-08-05,V037,singles,T0044,T0017,1,1,T0017,T0044,away,10,77.11,0,Clear,1114
B001145,2025-07-26,V013,singles,T0064,T0097,1,1,T0097,T0064,away,6,161.52,0,Glittering,1941
B001146,2024-11-17,V030,doubles,T0097,T0058,2,2,T0058,T0097,away,13,274.05,0,Sunny,781
B001147,2024-09-06,V011,singles,T0010,T0146,1,1,T0010,T0146,home,6,394.42,0,Thunderstorm,168
B001148,2024-07-31,V011,singles,T0145,T0173,1,1,T0145,T0173,home,10,284.24,0,Thunderstorm,174
B001149,2026-01-15,V041,doubles,T0052,T0175,2,2,T0052,T0175,home,12,272.31,0,Smog,583
B001150,2026-02-07,V006,singles,T0108,T0143,1,1,T0108,T0143,home,10,17.79,0,Moonless,568
B001151,2025-10-29,V034,triples,T0056,T0131,3,3,T0131,T0056,away,13,86.44,0,Hail,1562
B001152,2025-10-16,V042,doubles,T0130,T0101,2,2,T0130,T0101,home,11,310.55,0,Smog,616
B001153,2024-07-29,V053,doubles,T0151,T0180,2,3,T0180,T0151,away,6,350.04,0,Rain,493
B001154,2025-12-24,V033,doubles,T0084,T0124,2,2,T0084,T0124,home,20,433.23,1,Dusty,1965
B001155,2024-05-04,V039,singles,T0016,T0091,1,1,T0016,T0091,home,9,25.15,0,Clear,793
B001156,2025-11-21,V026,doubles,T0043,T0102,2,2,T0102,T0043,away,10,61.68,0,Fog,589
B001157,2025-07-13,V044,singles,T0100,T0138,1,1,T0100,T0138,home,6,19.15,0,Odd Aura,1107
B001158,2024-08-17,V034,singles,T0169,T0163,1,1,T0163,T0169,away,5,151.18,0,Hail,1816
B001159,2024-07-14,V005,doubles,T0067,T0087,2,2,T0087,T0067,away,12,117.58,0,Moonless,1023
B001160,2026-01-24,V024,doubles,T0078,T0103,2,2,T0078,T0103,home,8,25.49,0,Windy,1004
B001161,2024-02-17,V050,triples,T0073,T0167,3,3,T0073,T0167,home,13,214.75,0,Overcast,234
B001162,2025-11-13,V054,singles,T0163,T0147,1,1,T0163,T0147,home,8,53.66,0,Rain,474
B001163,2024-07-26,V049,triples,T0142,T0133,3,3,T0142,T0133,home,15,209.61,0,Overcast,835
B001164,2025-08-27,V022,doubles,T0147,T0132,2,1,T0147,T0132,home,13,935.02,0,Windy,782
B001165,2025-03-19,V006,doubles,T0036,T0118,2,2,T0118,T0036,away,12,303.63,0,Moonless,447
B001166,2024-10-31,V006,doubles,T0083,T0005,2,2,T0083,T0005,home,7,112.21,0,Moonless,543
B001167,2024-10-31,V006,doubles,T0012,T0076,2,2,T0076,T0012,away,16,72.59,0,Moonless,283
B001168,2025-11-24,V024,triples,T0136,T0100,3,3,T0136,T0100,home,13,489.66,0,Windy,1136
B001169,2025-05-17,V049,singles,T0170,T0145,1,1,T0170,T0145,home,10,45.55,0,Overcast,693
B001170,2024-11-13,V020,doubles,T0036,T0102,2,2,T0036,T0102,home,5,117.06,0,Harsh Sun,1581
B001171,2024-11-08,V054,triples,T0128,T0156,3,3,T0128,T0156,home,12,488.2,0,Rain,689
B001172,2024-02-19,V022,singles,T0042,T0142,1,1,T0142,T0042,away,9,114.0,0,Windy,626
B001173,2024-11-20,V015,doubles,T0043,T0133,2,2,T0043,T0133,home,4,406.22,0,Glittering,188
B001174,2025-05-24,V040,doubles,T0146,T0155,2,2,T0155,T0146,away,18,219.96,0,Smog,252
B001175,2025-09-07,V045,triples,T0150,T0040,3,3,T0040,T0150,away,18,453.81,0,Odd Aura,546
B001176,2026-01-09,V054,doubles,T0116,T0043,2,2,T0116,T0043,home,15,125.26,0,Rain,541
B001177,2024-05-18,V001,triples,T0137,T0081,3,3,T0081,T0137,away,23,75.78,1,Breezy,718
B001178,2025-12-10,V017,doubles,T0084,T0180,2,2,T0180,T0084,away,12,215.03,0,Clear,526
B001179,2024-11-13,V050,triples,T0083,T0165,3,3,T0083,T0165,home,17,117.75,0,Overcast,227
B001180,2024-09-30,V014,singles,T0147,T0149,1,1,T0149,T0147,away,11,156.52,0,Glittering,1617
B001181,2025-04-29,V029,doubles,T0108,T0058,2,2,T0058,T0108,away,14,206.02,0,Sunny,435
B001182,2024-12-17,V004,triples,T0098,T0153,3,3,T0098,T0153,home,19,334.6,1,Moonless,818
B001183,2025-11-05,V022,doubles,T0062,T0162,2,2,T0162,T0062,away,16,101.99,0,Windy,1198
B001184,2025-06-10,V040,doubles,T0163,T0052,2,2,T0163,T0052,home,13,211.91,0,Smog,210
B001185,2025-01-05,V010,doubles,T0033,T0047,2,1,T0033,T0047,home,11,570.97,0,Thunderstorm,494
B001186,2025-03-28,V020,doubles,T0180,T0024,2,2,T0024,T0180,away,16,421.35,0,Harsh Sun,1798
B001187,2024-02-08,V006,doubles,T0004,T0133,2,2,T0004,T0133,home,17,82.07,0,Moonless,342
B001188,2024-07-20,V019,triples,T0049,T0052,3,3,T0049,T0052,home,13,153.99,0,Harsh Sun,855
B001189,2024-11-02,V013,triples,T0072,T0174,3,3,T0174,T0072,away,13,669.78,0,Glittering,1748
B001190,2024-02-26,V054,doubles,T0107,T0083,2,2,T0083,T0107,away,12,281.01,0,Rain,631
B001191,2024-04-05,V010,doubles,T0005,T0076,2,2,T0005,T0076,home,13,291.01,0,Thunderstorm,327
B001192,2025-06-09,V026,doubles,T0013,T0038,2,2,T0013,T0038,home,6,108.21,0,Fog,679
B001193,2026-02-14,V001,triples,T0001,T0055,3,3,T0055,T0001,away,16,154.64,0,Breezy,766
B001194,2025-11-06,V028,triples,T0057,T0174,3,3,T0057,T0174,home,13,186.91,0,Sunny,874
B001195,2025-04-15,V025,doubles,T0168,T0032,2,2,T0032,T0168,away,12,221.51,0,Fog,1187
B001196,2025-01-27,V027,doubles,T0165,T0135,2,2,T0135,T0165,away,13,503.9,0,Fog,749
B001197,2025-03-15,V033,doubles,T0007,T0172,2,2,T0007,T0172,home,20,230.89,1,Dusty,1301
B001198,2025-04-30,V033,doubles,T0101,T0020,2,2,T0020,T0101,away,11,379.36,0,Dusty,1661
B001199,2025-01-29,V031,singles,T0040,T0156,1,1,T0040,T0156,home,5,172.95,0,Dusty,472
B001200,2025-08-13,V035,doubles,T0019,T0150,2,2,T0150,T0019,away,12,94.16,0,Hail,313
B001201,2025-07-20,V053,triples,T0125,T0114,3,3,T0114,T0125,away,24,16.98,1,Rain,450
B001202,2024-09-22,V001,triples,T0100,T0069,3,3,T0100,T0069,home,24,283.47,1,Breezy,604
B001203,2026-02-08,V017,doubles,T0171,T0028,2,2,T0028,T0171,away,4,519.54,0,Clear,644
B001204,2025-09-21,V042,doubles,T0015,T0133,2,2,T0133,T0015,away,12,87.07,0,Smog,531
B001205,2024-11-07,V040,doubles,T0113,T0121,2,2,T0121,T0113,away,23,48.43,1,Smog,261
B001206,2024-09-29,V020,doubles,T0075,T0041,2,2,T0041,T0075,away,9,493.67,0,Harsh Sun,1689
B001207,2025-05-02,V024,singles,T0141,T0091,1,1,T0141,T0091,home,8,2.79,0,Windy,1169
B001208,2024-09-14,V019,singles,T0031,T0042,1,1,T0031,T0042,home,10,300.43,0,Harsh Sun,1047
B001209,2024-09-01,V026,triples,T0097,T0165,3,3,T0097,T0165,home,17,31.65,0,Fog,725
B001210,2025-02-04,V051,doubles,T0022,T0061,2,2,T0022,T0061,home,22,279.59,1,Overcast,602
B001211,2025-05-04,V028,triples,T0165,T0158,3,3,T0165,T0158,home,15,221.0,0,Sunny,793
B001212,2026-02-21,V035,doubles,T0046,T0169,2,2,T0169,T0046,away,16,65.71,0,Hail,313
B001213,2025-02-24,V018,triples,T0157,T0120,3,3,T0157,T0120,home,18,133.52,1,Clear,1402
B001214,2024-12-25,V049,doubles,T0048,T0057,2,2,T0057,T0048,away,14,184.34,0,Overcast,681
B001215,2025-01-31,V030,doubles,T0084,T0109,2,2,T0109,T0084,away,12,33.63,0,Sunny,721
B001216,2024-04-18,V039,triples,T0154,T0124,3,3,T0124,T0154,away,15,37.23,1,Clear,690
B001217,2024-04-15,V029,doubles,T0172,T0099,2,2,T0099,T0172,away,16,341.41,0,Sunny,405
B001218,2024-10-19,V039,singles,T0092,T0169,1,1,T0092,T0169,home,11,155.42,0,Clear,631
B001219,2026-02-25,V034,triples,T0117,T0101,3,3,T0117,T0101,home,22,108.09,0,Hail,1465
B001220,2024-12-08,V034,doubles,T0026,T0039,2,2,T0039,T0026,away,16,102.31,0,Hail,1622
B001221,2025-09-03,V042,doubles,T0105,T0077,2,2,T0105,T0077,home,20,232.27,1,Smog,618
B001222,2024-02-14,V052,triples,T0179,T0075,3,3,T0179,T0075,home,14,154.07,0,Rain,623
B001223,2025-06-11,V013,triples,T0063,T0039,3,3,T0063,T0039,home,15,181.68,0,Glittering,1581
B001224,2024-09-09,V029,singles,T0167,T0106,1,1,T0106,T0167,away,5,105.86,0,Sunny,502
B001225,2025-02-21,V052,doubles,T0058,T0009,2,2,T0009,T0058,away,12,21.78,0,Rain,663
B001226,2025-07-08,V047,triples,T0138,T0042,3,3,T0042,T0138,away,23,250.74,1,Sandstorm,428
B001227,2024-06-10,V016,doubles,T0099,T0049,2,2,T0049,T0099,away,12,323.54,0,Clear,177
B001228,2025-01-09,V039,singles,T0160,T0145,1,1,T0145,T0160,away,12,109.34,0,Clear,696
B001229,2025-04-03,V034,doubles,T0026,T0092,2,2,T0092,T0026,away,12,188.32,0,Hail,1274
B001230,2025-09-03,V015,singles,T0011,T0113,1,1,T0113,T0011,away,8,3.83,0,Glittering,199
B001231,2024-02-22,V044,doubles,T0048,T0094,2,2,T0048,T0094,home,9,191.28,0,Odd Aura,1479
B001232,2025-05-02,V040,doubles,T0010,T0116,2,2,T0116,T0010,away,11,165.25,0,Smog,280
B001233,2026-03-17,V054,triples,T0162,T0043,3,3,T0043,T0162,away,19,3.22,0,Rain,576
B001234,2024-09-09,V040,triples,T0126,T0094,3,3,T0126,T0094,home,20,433.76,0,Smog,275
B001235,2025-04-20,V043,singles,T0127,T0033,1,1,T0127,T0033,home,16,162.12,0,Odd Aura,839
B001236,2024-06-11,V017,doubles,T0113,T0014,2,2,T0113,T0014,home,21,101.09,1,Clear,349
B001237,2024-04-12,V014,singles,T0100,T0130,1,1,T0130,T0100,away,6,211.8,0,Glittering,1217
B001238,2025-06-17,V005,doubles,T0013,T0029,2,2,T0013,T0029,home,11,617.06,0,Moonless,1098
B001239,2024-08-04,V052,singles,T0179,T0040,1,1,T0040,T0179,away,12,242.32,0,Rain,814
B001240,2025-01-16,V027,doubles,T0082,T0131,2,2,T0082,T0131,home,11,84.33,0,Fog,766
B001241,2025-06-28,V035,singles,T0026,T0054,1,1,T0026,T0054,home,5,19.21,0,Hail,446
B001242,2024-06-27,V047,singles,T0033,T0113,1,1,T0113,T0033,away,4,131.59,0,Sandstorm,420
B001243,2026-03-02,V021,singles,T0077,T0167,1,1,T0167,T0077,away,6,161.7,0,Harsh Sun,239
B001244,2024-09-06,V045,singles,T0086,T0099,1,1,T0086,T0099,home,6,609.45,0,Odd Aura,456
B001245,2025-11-08,V036,triples,T0039,T0118,3,3,T0118,T0039,away,18,295.01,0,Hail,838
B001246,2025-10-12,V024,doubles,T0100,T0044,2,2,T0100,T0044,home,7,329.75,0,Windy,899
B001247,2024-04-01,V049,singles,T0014,T0148,1,1,T0014,T0148,home,9,57.07,0,Overcast,713
B001248,2026-02-27,V036,singles,T0180,T0113,1,1,T0113,T0180,away,8,132.04,0,Hail,755
B001249,2025-06-07,V037,doubles,T0029,T0162,2,2,T0162,T0029,away,19,257.99,0,Clear,1015
B001250,2024-06-22,V045,doubles,T0063,T0142,2,2,T0063,T0142,home,9,377.35,0,Odd Aura,455
B001251,2024-07-05,V023,singles,T0088,T0109,1,1,T0088,T0109,home,6,99.07,0,Windy,992
B001252,2025-07-29,V036,singles,T0050,T0005,1,1,T0050,T0005,home,12,33.23,0,Hail,770
B001253,2025-02-04,V002,triples,T0147,T0079,3,3,T0079,T0147,away,21,127.37,1,Breezy,778
B001254,2025-11-22,V004,doubles,T0036,T0069,2,2,T0069,T0036,away,22,114.46,1,Moonless,735
B001255,2025-03-03,V014,doubles,T0104,T0010,2,2,T0010,T0104,away,12,144.62,0,Glittering,1473
B001256,2024-07-22,V048,doubles,T0072,T0100,2,2,T0100,T0072,away,18,221.34,0,Sandstorm,1842
B001257,2025-04-19,V035,doubles,T0095,T0029,2,2,T0095,T0029,home,16,375.13,0,Hail,336
B001258,2024-06-03,V001,triples,T0007,T0164,3,3,T0007,T0164,home,18,500.55,0,Breezy,668
B001259,2024-02-16,V037,singles,T0134,T0046,1,1,T0134,T0046,home,10,70.9,0,Clear,1056
B001260,2024-08-02,V002,triples,T0148,T0052,3,3,T0148,T0052,home,17,384.38,0,Breezy,916
B001261,2024-04-27,V040,doubles,T0087,T0133,2,2,T0133,T0087,away,12,280.12,0,Smog,267
B001262,2024-09-19,V006,singles,T0157,T0038,1,1,T0038,T0157,away,11,49.58,0,Moonless,537
B001263,2024-03-27,V002,singles,T0029,T0008,1,1,T0008,T0029,away,7,273.3,0,Breezy,1267
B001264,2025-04-01,V046,triples,T0113,T0171,3,3,T0113,T0171,home,24,470.74,1,Sandstorm,553
B001265,2024-05-02,V034,singles,T0076,T0060,1,1,T0060,T0076,away,10,18.36,0,Hail,1795
B001266,2025-12-22,V044,doubles,T0080,T0079,2,2,T0079,T0080,away,11,458.09,0,Odd Aura,1579
B001267,2025-07-05,V035,singles,T0005,T0094,1,1,T0005,T0094,home,8,341.87,0,Hail,443
B001268,2025-03-10,V044,doubles,T0048,T0020,2,2,T0020,T0048,away,10,285.15,0,Odd Aura,1530
B001269,2026-03-10,V045,triples,T0029,T0097,3,3,T0097,T0029,away,8,26.1,0,Odd Aura,447
B001270,2024-03-07,V026,singles,T0150,T0135,1,1,T0150,T0135,home,13,64.96,0,Fog,720
B001271,2025-08-03,V005,triples,T0061,T0050,3,3,T0061,T0050,home,21,79.36,1,Moonless,1240
B001272,2026-03-06,V041,singles,T0077,T0024,1,1,T0077,T0024,home,11,65.79,0,Smog,575
B001273,2024-08-09,V047,singles,T0076,T0013,1,1,T0013,T0076,away,12,236.06,0,Sandstorm,353
B001274,2026-01-25,V020,triples,T0056,T0165,3,3,T0056,T0165,home,16,209.5,0,Harsh Sun,1836
B001275,2024-05-11,V024,doubles,T0136,T0042,2,2,T0136,T0042,home,13,422.08,0,Windy,1103
B001276,2025-04-03,V044,doubles,T0050,T0082,2,2,T0082,T0050,away,15,100.61,0,Odd Aura,1389
B001277,2024-04-29,V015,doubles,T0128,T0051,2,2,T0128,T0051,home,15,121.23,0,Glittering,159
B001278,2024-11-19,V021,singles,T0063,T0155,1,1,T0063,T0155,home,10,298.69,0,Harsh Sun,230
B001279,2024-08-14,V014,doubles,T0128,T0169,2,2,T0128,T0169,home,8,318.72,0,Glittering,1427
B001280,2024-10-31,V017,singles,T0089,T0017,1,1,T0089,T0017,home,14,182.91,0,Clear,618
B001281,2026-03-08,V037,singles,T0142,T0083,1,1,T0142,T0083,home,7,48.79,0,Clear,1004
B001282,2025-11-08,V052,triples,T0116,T0167,3,3,T0116,T0167,home,16,113.71,0,Rain,651
B001283,2024-01-10,V020,singles,T0152,T0141,1,1,T0141,T0152,away,12,83.22,0,Harsh Sun,1694
B001284,2024-10-30,V029,singles,T0124,T0137,1,1,T0124,T0137,home,13,1.09,0,Sunny,458
B001285,2024-01-12,V040,triples,T0119,T0131,3,3,T0119,T0131,home,18,78.02,0,Smog,219
B001286,2026-03-31,V033,doubles,T0084,T0006,2,2,T0084,T0006,home,11,49.18,0,Dusty,1693
B001287,2025-11-22,V027,doubles,T0043,T0139,2,2,T0043,T0139,home,10,254.28,0,Fog,778
B001288,2026-02-03,V010,doubles,T0012,T0043,2,2,T0043,T0012,away,12,153.42,0,Thunderstorm,433
B001289,2025-11-03,V039,singles,T0146,T0056,1,1,T0056,T0146,away,13,148.48,0,Clear,642
B001290,2024-06-08,V024,doubles,T0106,T0001,2,2,T0001,T0106,away,22,75.97,1,Windy,867
B001291,2024-09-03,V051,doubles,T0082,T0140,2,2,T0140,T0082,away,14,11.51,0,Overcast,349
B001292,2025-12-03,V053,doubles,T0014,T0137,2,2,T0137,T0014,away,18,135.06,0,Rain,426
B001293,2025-10-19,V032,triples,T0152,T0131,3,3,T0131,T0152,away,17,301.05,0,Dusty,1457
B001294,2026-01-27,V007,doubles,T0166,T0074,2,2,T0166,T0074,home,16,477.45,1,High Winds,1435
B001295,2026-01-04,V022,singles,T0074,T0134,1,1,T0134,T0074,away,12,255.32,0,Windy,1051
B001296,2024-08-27,V045,doubles,T0078,T0165,2,2,T0078,T0165,home,12,224.68,0,Odd Aura,573
B001297,2024-08-22,V031,doubles,T0076,T0021,2,2,T0076,T0021,home,16,65.73,0,Dusty,416
B001298,2025-11-07,V011,doubles,T0008,T0131,2,1,T0008,T0131,home,22,397.14,1,Thunderstorm,146
B001299,2024-04-27,V004,doubles,T0036,T0128,2,2,T0036,T0128,home,13,94.06,0,Moonless,750
B001300,2025-10-16,V040,triples,T0126,T0094,3,3,T0126,T0094,home,17,167.26,0,Smog,259
B001301,2024-11-13,V045,singles,T0046,T0128,1,1,T0128,T0046,away,11,161.31,0,Odd Aura,347
B001302,2025-05-23,V017,singles,T0050,T0146,1,1,T0146,T0050,away,7,114.03,0,Clear,547
B001303,2024-09-28,V030,singles,T0099,T0052,1,1,T0099,T0052,home,9,45.45,0,Sunny,927
B001304,2025-08-24,V003,doubles,T0021,T0156,2,2,T0021,T0156,home,14,244.06,0,Breezy,378
B001305,2025-12-29,V022,singles,T0165,T0172,1,1,T0172,T0165,away,11,64.24,0,Windy,1190
B001306,2026-01-18,V003,singles,T0122,T0071,1,1,T0071,T0122,away,4,262.66,0,Breezy,575
B001307,2024-10-12,V014,singles,T0154,T0137,1,1,T0154,T0137,home,16,175.68,0,Glittering,1484
B001308,2026-03-31,V030,singles,T0088,T0025,1,1,T0088,T0025,home,5,17.58,0,Sunny,878
B001309,2025-02-05,V015,singles,T0159,T0162,1,1,T0159,T0162,home,17,257.84,0,Glittering,119
B001310,2024-08-10,V039,doubles,T0123,T0090,2,2,T0123,T0090,home,12,264.34,0,Clear,469
B001311,2024-02-16,V020,doubles,T0175,T0097,2,2,T0097,T0175,away,10,178.5,0,Harsh Sun,1815
B001312,2026-02-11,V053,singles,T0108,T0102,1,1,T0102,T0108,away,11,158.82,0,Rain,468
B001313,2024-04-27,V046,doubles,T0147,T0116,2,2,T0147,T0116,home,12,250.33,0,Sandstorm,449
B001314,2024-12-19,V023,singles,T0049,T0013,1,1,T0049,T0013,home,11,46.53,0,Windy,1179
B001315,2024-12-08,V052,doubles,T0058,T0166,2,2,T0166,T0058,away,12,112.05,0,Rain,722
B001316,2025-07-06,V036,doubles,T0012,T0007,2,2,T0012,T0007,home,12,205.51,0,Hail,713
B001317,2024-12-25,V025,doubles,T0082,T0088,2,2,T0088,T0082,away,20,98.36,1,Fog,1148
B001318,2025-04-07,V035,doubles,T0095,T0045,2,2,T0045,T0095,away,11,85.49,0,Hail,343
B001319,2025-12-15,V039,singles,T0006,T0087,1,1,T0087,T0006,away,8,62.25,0,Clear,393
B001320,2024-10-21,V032,doubles,T0152,T0088,2,2,T0088,T0152,away,8,45.32,0,Dusty,1248
B001321,2024-06-20,V029,doubles,T0146,T0015,2,2,T0146,T0015,home,12,167.38,0,Sunny,477
B001322,2024-03-01,V047,triples,T0098,T0140,3,3,T0098,T0140,home,14,305.46,0,Sandstorm,296
B001323,2025-11-24,V042,doubles,T0105,T0025,2,3,T0025,T0105,away,15,563.65,0,Smog,825
B001324,2024-10-17,V028,doubles,T0153,T0113,2,1,T0153,T0113,home,9,338.54,0,Sunny,878
B001325,2025-07-08,V040,doubles,T0073,T0178,2,2,T0178,T0073,away,11,2.97,0,Smog,250
B001326,2024-01-13,V041,triples,T0168,T0106,3,3,T0168,T0106,home,14,22.63,0,Smog,647
B001327,2026-03-14,V032,singles,T0088,T0142,1,1,T0088,T0142,home,10,195.01,0,Dusty,1218
B001328,2024-12-30,V023,doubles,T0113,T0109,2,2,T0113,T0109,home,10,146.97,0,Windy,1446
B001329,2025-09-04,V031,triples,T0155,T0068,3,3,T0155,T0068,home,16,568.88,0,Dusty,505
B001330,2024-03-24,V018,singles,T0099,T0169,1,1,T0099,T0169,home,11,364.56,0,Clear,1627
B001331,2025-10-13,V021,triples,T0168,T0068,3,3,T0068,T0168,away,22,487.13,1,Harsh Sun,258
B001332,2025-05-06,V018,singles,T0066,T0132,1,1,T0066,T0132,home,8,289.73,0,Clear,1695
B001333,2024-09-05,V023,singles,T0045,T0070,1,1,T0045,T0070,home,12,348.28,0,Windy,1354
B001334,2024-02-25,V034,doubles,T0096,T0131,2,2,T0131,T0096,away,7,183.19,0,Hail,1654
B001335,2025-01-18,V045,doubles,T0063,T0123,2,2,T0063,T0123,home,13,250.43,0,Odd Aura,505
B001336,2025-02-20,V004,singles,T0065,T0004,1,1,T0065,T0004,home,8,220.45,0,Moonless,850
B001337,2026-01-01,V031,singles,T0036,T0123,1,1,T0036,T0123,home,7,99.04,0,Dusty,401
B001338,2024-07-22,V003,doubles,T0080,T0012,2,2,T0012,T0080,away,14,30.42,0,Breezy,397
B001339,2025-10-25,V039,doubles,T0079,T0035,2,2,T0079,T0035,home,13,12.27,0,Clear,492
B001340,2024-11-03,V052,doubles,T0001,T0140,2,1,T0001,T0140,home,15,731.27,0,Rain,674
B001341,2025-09-11,V012,doubles,T0172,T0025,2,2,T0025,T0172,away,11,501.07,0,Thunderstorm,1013
B001342,2025-03-08,V035,doubles,T0088,T0146,2,2,T0146,T0088,away,9,40.11,0,Hail,338
B001343,2025-02-16,V011,doubles,T0023,T0053,2,2,T0053,T0023,away,12,243.32,0,Thunderstorm,155
B001344,2024-05-01,V025,singles,T0018,T0111,1,1,T0018,T0111,home,8,384.36,0,Fog,995
B001345,2024-03-02,V016,doubles,T0175,T0085,2,2,T0175,T0085,home,10,24.86,0,Clear,201
B001346,2024-11-07,V051,singles,T0001,T0065,1,1,T0065,T0001,away,10,41.67,0,Overcast,505
B001347,2025-03-15,V012,doubles,T0157,T0177,2,2,T0157,T0177,home,6,146.98,0,Thunderstorm,945
B001348,2024-02-24,V032,doubles,T0133,T0062,2,2,T0133,T0062,home,13,207.71,0,Dusty,1252
B001349,2025-07-04,V025,doubles,T0133,T0119,2,2,T0119,T0133,away,13,14.91,0,Fog,1208
B001350,2024-04-15,V017,triples,T0116,T0130,3,3,T0130,T0116,away,14,210.26,0,Clear,619
B001351,2025-02-07,V036,singles,T0131,T0076,1,1,T0076,T0131,away,8,24.84,0,Hail,646
B001352,2025-05-11,V015,doubles,T0085,T0041,2,2,T0041,T0085,away,14,167.76,0,Glittering,185
B001353,2024-07-30,V028,doubles,T0030,T0063,2,2,T0030,T0063,home,24,501.99,1,Sunny,863
B001354,2025-03-09,V034,triples,T0146,T0033,3,3,T0033,T0146,away,11,413.61,0,Hail,1558
B001355,2025-09-02,V023,singles,T0117,T0044,1,1,T0117,T0044,home,12,52.2,0,Windy,1282
B001356,2024-07-05,V003,doubles,T0136,T0117,2,2,T0117,T0136,away,11,139.09,0,Breezy,432
B001357,2025-09-13,V038,singles,T0120,T0051,1,1,T0051,T0120,away,9,98.86,0,Clear,1092
B001358,2024-07-31,V019,singles,T0016,T0157,1,1,T0016,T0157,home,4,213.44,0,Harsh Sun,1275
B001359,2024-01-07,V046,singles,T0133,T0150,1,1,T0150,T0133,away,8,211.25,0,Sandstorm,612
B001360,2024-09-17,V043,singles,T0100,T0164,1,1,T0100,T0164,home,11,38.79,0,Odd Aura,1079
B001361,2026-01-25,V031,singles,T0008,T0056,1,1,T0008,T0056,home,6,103.36,0,Dusty,395
B001362,2026-03-08,V032,doubles,T0091,T0069,2,2,T0091,T0069,home,13,213.85,0,Dusty,1068
B001363,2025-03-20,V006,doubles,T0096,T0163,2,2,T0163,T0096,away,12,211.5,0,Moonless,429
B001364,2025-11-18,V014,triples,T0117,T0081,3,2,T0117,T0081,home,19,732.28,0,Glittering,1763
B001365,2025-07-13,V054,singles,T0151,T0052,1,1,T0151,T0052,home,8,146.77,0,Rain,625
B001366,2025-09-25,V034,singles,T0060,T0063,1,1,T0063,T0060,away,11,469.47,0,Hail,1247
B001367,2025-06-17,V033,doubles,T0030,T0095,2,2,T0030,T0095,home,13,87.9,0,Dusty,1605
B001368,2024-06-30,V030,singles,T0122,T0041,1,1,T0041,T0122,away,12,176.15,0,Sunny,569
B001369,2024-11-21,V037,doubles,T0046,T0110,2,2,T0110,T0046,away,15,343.0,0,Clear,1092
B001370,2026-01-04,V050,singles,T0003,T0039,1,2,T0039,T0003,away,4,10.39,0,Overcast,220
B001371,2025-02-21,V045,doubles,T0082,T0143,2,2,T0143,T0082,away,14,342.47,0,Odd Aura,495
B001372,2025-06-26,V028,doubles,T0048,T0106,2,2,T0048,T0106,home,9,205.01,0,Sunny,400
B001373,2024-06-21,V022,singles,T0050,T0046,1,1,T0046,T0050,away,10,21.7,0,Windy,1104
B001374,2024-05-02,V030,doubles,T0092,T0043,2,2,T0043,T0092,away,9,75.87,0,Sunny,731
B001375,2025-05-01,V041,singles,T0010,T0160,1,1,T0160,T0010,away,11,106.95,0,Smog,380
B001376,2025-02-06,V013,triples,T0138,T0003,3,3,T0003,T0138,away,16,274.48,0,Glittering,1089
B001377,2024-07-02,V031,singles,T0060,T0033,1,1,T0033,T0060,away,8,77.28,0,Dusty,414
B001378,2025-06-11,V045,singles,T0026,T0145,1,1,T0145,T0026,away,14,100.87,0,Odd Aura,477
B001379,2024-04-27,V003,doubles,T0017,T0123,2,2,T0017,T0123,home,17,266.4,0,Breezy,398
B001380,2024-12-12,V022,singles,T0113,T0111,1,1,T0113,T0111,home,13,58.15,0,Windy,1031
B001381,2025-12-20,V005,singles,T0101,T0086,1,1,T0086,T0101,away,5,201.57,0,Moonless,1108
B001382,2024-06-09,V050,doubles,T0021,T0114,2,2,T0021,T0114,home,5,268.65,0,Overcast,165
B001383,2025-07-25,V032,singles,T0026,T0044,1,1,T0044,T0026,away,9,113.79,0,Dusty,1346
B001384,2024-10-29,V016,doubles,T0048,T0173,2,2,T0048,T0173,home,11,246.48,0,Clear,254
B001385,2024-09-04,V033,singles,T0010,T0137,1,1,T0010,T0137,home,5,4.85,0,Dusty,1705
B001386,2024-09-10,V049,doubles,T0044,T0109,2,2,T0044,T0109,home,19,192.51,1,Overcast,760
B001387,2024-02-10,V009,doubles,T0054,T0031,2,2,T0031,T0054,away,9,72.94,0,High Winds,1597
B001388,2025-09-25,V033,doubles,T0084,T0019,2,2,T0084,T0019,home,10,268.71,0,Dusty,1992
B001389,2024-02-24,V054,doubles,T0151,T0086,2,2,T0086,T0151,away,10,171.05,0,Rain,604
B001390,2024-09-20,V049,singles,T0127,T0130,1,1,T0130,T0127,away,7,33.47,0,Overcast,779
B001391,2024-03-27,V010,singles,T0041,T0074,1,1,T0041,T0074,home,13,341.42,0,Thunderstorm,508
B001392,2025-11-27,V025,doubles,T0063,T0176,2,2,T0063,T0176,home,15,126.72,0,Fog,1156
B001393,2024-05-28,V018,doubles,T0157,T0068,2,2,T0157,T0068,home,15,295.26,0,Clear,1476
B001394,2025-10-09,V010,doubles,T0063,T0098,2,2,T0063,T0098,home,15,46.6,0,Thunderstorm,459
B001395,2025-11-12,V039,doubles,T0033,T0108,2,2,T0033,T0108,home,12,47.73,0,Clear,560
B001396,2024-11-20,V027,doubles,T0123,T0100,2,2,T0123,T0100,home,10,412.04,0,Fog,622
B001397,2025-07-29,V042,doubles,T0167,T0067,2,2,T0167,T0067,home,15,188.08,0,Smog,636
B001398,2025-10-26,V026,doubles,T0150,T0076,2,2,T0076,T0150,away,7,111.01,0,Fog,622
B001399,2025-12-24,V054,doubles,T0151,T0095,2,2,T0095,T0151,away,7,341.78,0,Rain,571
B001400,2024-10-13,V002,singles,T0083,T0106,1,1,T0083,T0106,home,9,123.0,0,Breezy,1288
B001401,2025-08-14,V046,triples,T0130,T0145,3,3,T0130,T0145,home,15,351.61,0,Sandstorm,492
B001402,2025-08-01,V042,triples,T0105,T0069,3,3,T0105,T0069,home,17,149.16,0,Smog,579
B001403,2026-02-17,V004,doubles,T0139,T0131,2,2,T0139,T0131,home,11,120.5,0,Moonless,751
B001404,2025-07-27,V040,doubles,T0124,T0054,2,2,T0054,T0124,away,11,148.01,0,Smog,229
B001405,2024-07-18,V028,doubles,T0028,T0068,2,2,T0028,T0068,home,11,450.15,1,Sunny,677
B001406,2024-05-13,V022,singles,T0055,T0175,1,1,T0175,T0055,away,13,47.24,0,Windy,945
B001407,2024-06-20,V036,singles,T0146,T0066,1,1,T0066,T0146,away,10,87.65,0,Hail,689
B001408,2024-09-24,V054,doubles,T0146,T0082,2,2,T0082,T0146,away,16,143.13,0,Rain,491
B001409,2024-01-12,V002,doubles,T0063,T0080,2,2,T0063,T0080,home,15,680.17,0,Breezy,854
B001410,2024-02-09,V019,singles,T0146,T0033,1,1,T0146,T0033,home,4,94.17,0,Harsh Sun,740
B001411,2024-04-23,V034,singles,T0158,T0002,1,1,T0002,T0158,away,10,87.91,0,Hail,1522
B001412,2025-12-26,V040,doubles,T0177,T0123,2,2,T0177,T0123,home,11,36.32,0,Smog,301
B001413,2024-06-14,V024,singles,T0054,T0032,1,1,T0054,T0032,home,12,268.85,0,Windy,1024
B001414,2025-11-13,V015,singles,T0032,T0096,1,1,T0032,T0096,home,9,352.45,0,Glittering,180
B001415,2024-12-21,V039,singles,T0007,T0073,1,1,T0007,T0073,home,7,152.08,0,Clear,876
B001416,2025-09-09,V007,singles,T0173,T0051,1,1,T0173,T0051,home,9,45.63,0,High Winds,1251
B001417,2025-10-03,V032,triples,T0149,T0139,3,3,T0139,T0149,away,23,472.75,1,Dusty,1387
B001418,2024-12-28,V054,singles,T0058,T0136,1,1,T0058,T0136,home,11,28.16,0,Rain,592
B001419,2024-12-14,V046,singles,T0130,T0153,1,1,T0130,T0153,home,9,182.57,0,Sandstorm,576
B001420,2024-10-23,V009,triples,T0047,T0050,3,3,T0050,T0047,away,13,78.43,0,High Winds,1953
B001421,2025-05-01,V025,doubles,T0003,T0170,2,2,T0003,T0170,home,16,164.45,0,Fog,999
B001422,2026-01-07,V040,doubles,T0050,T0121,2,2,T0121,T0050,away,16,265.77,1,Smog,269
B001423,2026-01-12,V022,doubles,T0102,T0077,2,2,T0102,T0077,home,13,178.08,0,Windy,962
B001424,2025-01-22,V030,doubles,T0057,T0095,2,2,T0057,T0095,home,13,70.28,0,Sunny,855
B001425,2024-11-08,V020,singles,T0056,T0080,1,1,T0056,T0080,home,6,11.57,0,Harsh Sun,1841
B001426,2025-10-18,V009,singles,T0069,T0120,1,1,T0069,T0120,home,11,49.13,0,High Winds,2086
B001427,2024-11-07,V003,triples,T0080,T0086,3,3,T0086,T0080,away,23,56.94,1,Breezy,367
B001428,2025-04-03,V025,triples,T0127,T0044,3,3,T0127,T0044,home,13,171.28,0,Fog,1043
B001429,2025-11-05,V013,singles,T0128,T0097,1,1,T0128,T0097,home,8,70.53,0,Glittering,1977
B001430,2025-01-22,V024,triples,T0119,T0106,3,3,T0119,T0106,home,18,102.08,0,Windy,1204
B001431,2025-11-02,V040,singles,T0064,T0135,1,1,T0135,T0064,away,7,1.99,0,Smog,254
B001432,2026-01-12,V012,singles,T0065,T0100,1,1,T0065,T0100,home,11,101.49,0,Thunderstorm,924
B001433,2024-12-06,V053,doubles,T0162,T0123,2,2,T0162,T0123,home,7,141.25,0,Rain,438
B001434,2025-06-27,V006,doubles,T0004,T0110,2,2,T0110,T0004,away,18,66.3,0,Moonless,415
B001435,2024-04-05,V004,singles,T0169,T0176,1,1,T0169,T0176,home,8,47.25,0,Moonless,501
B001436,2026-03-07,V028,singles,T0058,T0011,1,1,T0058,T0011,home,13,243.87,0,Sunny,933
B001437,2025-01-29,V012,doubles,T0142,T0145,2,2,T0142,T0145,home,18,1.17,1,Thunderstorm,1042
B001438,2024-01-31,V025,singles,T0007,T0164,1,1,T0007,T0164,home,11,67.16,0,Fog,1234
B001439,2024-09-24,V036,doubles,T0178,T0142,2,2,T0142,T0178,away,17,178.88,1,Hail,860
B001440,2025-04-27,V035,singles,T0081,T0088,1,1,T0088,T0081,away,15,25.69,0,Hail,331
B001441,2026-03-18,V053,singles,T0105,T0001,1,1,T0105,T0001,home,10,111.76,0,Rain,439
B001442,2025-08-15,V049,singles,T0170,T0099,1,1,T0170,T0099,home,7,151.62,0,Overcast,836
B001443,2024-05-18,V042,triples,T0154,T0051,3,3,T0154,T0051,home,12,209.59,0,Smog,533
B001444,2025-08-06,V031,triples,T0094,T0063,3,3,T0063,T0094,away,16,453.65,0,Dusty,449
B001445,2025-12-14,V052,triples,T0077,T0050,3,3,T0050,T0077,away,24,374.0,1,Rain,601
B001446,2024-06-18,V022,doubles,T0037,T0147,2,2,T0147,T0037,away,16,199.69,0,Windy,997
B001447,2026-02-13,V024,doubles,T0043,T0068,2,1,T0043,T0068,home,16,19.02,0,Windy,1307
B001448,2025-04-07,V046,triples,T0112,T0099,3,3,T0112,T0099,home,13,115.76,0,Sandstorm,544
B001449,2025-05-25,V012,triples,T0093,T0032,3,3,T0032,T0093,away,16,338.97,0,Thunderstorm,923
B001450,2024-05-06,V046,singles,T0121,T0076,1,1,T0121,T0076,home,15,214.51,0,Sandstorm,474
B001451,2025-05-30,V003,triples,T0086,T0110,3,3,T0086,T0110,home,13,417.82,0,Breezy,601
B001452,2024-12-01,V048,doubles,T0171,T0173,2,2,T0173,T0171,away,15,63.49,0,Sandstorm,2105
B001453,2024-06-21,V039,doubles,T0128,T0069,2,2,T0128,T0069,home,16,80.55,0,Clear,622
B001454,2024-07-19,V046,doubles,T0147,T0111,2,2,T0147,T0111,home,22,126.15,1,Sandstorm,438
B001455,2024-02-24,V051,doubles,T0091,T0146,2,2,T0091,T0146,home,14,421.2,0,Overcast,473
B001456,2025-08-10,V009,doubles,T0072,T0100,2,2,T0100,T0072,away,12,121.95,0,High Winds,1854
B001457,2025-12-15,V023,singles,T0136,T0125,1,1,T0125,T0136,away,13,107.64,0,Windy,1492
B001458,2024-06-24,V009,doubles,T0026,T0167,2,2,T0167,T0026,away,9,124.92,0,High Winds,1697
B001459,2024-02-06,V028,doubles,T0078,T0155,2,2,T0155,T0078,away,13,244.51,0,Sunny,893
B001460,2024-12-06,V016,doubles,T0077,T0141,2,2,T0141,T0077,away,16,303.22,0,Clear,199
B001461,2024-04-20,V026,doubles,T0139,T0005,2,2,T0005,T0139,away,12,136.65,0,Fog,520
B001462,2026-01-23,V029,triples,T0111,T0098,3,3,T0098,T0111,away,23,147.41,1,Sunny,488
B001463,2026-02-20,V028,singles,T0092,T0027,1,1,T0092,T0027,home,11,218.28,0,Sunny,858
B001464,2024-11-24,V007,triples,T0036,T0157,3,3,T0036,T0157,home,9,108.56,0,High Winds,1406
B001465,2025-01-25,V018,doubles,T0028,T0075,2,2,T0075,T0028,away,7,24.09,0,Clear,1518
B001466,2025-12-16,V050,triples,T0180,T0041,3,3,T0041,T0180,away,19,108.81,0,Overcast,162
B001467,2026-03-23,V046,doubles,T0033,T0149,2,2,T0149,T0033,away,14,141.36,0,Sandstorm,545
B001468,2025-04-11,V010,doubles,T0146,T0169,2,3,T0169,T0146,away,4,232.08,0,Thunderstorm,571
B001469,2025-06-15,V049,singles,T0088,T0081,1,1,T0088,T0081,home,9,221.44,0,Overcast,727
B001470,2025-12-30,V026,singles,T0150,T0027,1,1,T0150,T0027,home,10,164.07,0,Fog,869
B001471,2024-05-14,V039,singles,T0139,T0030,1,1,T0139,T0030,home,9,111.47,0,Clear,564
B001472,2024-07-02,V041,triples,T0001,T0136,3,3,T0001,T0136,home,14,16.35,0,Smog,508
B001473,2024-06-12,V034,doubles,T0154,T0040,2,2,T0040,T0154,away,10,211.42,0,Hail,1430
B001474,2024-09-20,V015,doubles,T0172,T0116,2,2,T0116,T0172,away,13,32.48,0,Glittering,169
B001475,2024-06-02,V026,doubles,T0090,T0058,2,3,T0058,T0090,away,15,836.2,1,Fog,471
B001476,2025-01-13,V014,doubles,T0128,T0037,2,2,T0128,T0037,home,16,56.23,0,Glittering,1059
B001477,2024-10-20,V040,singles,T0025,T0159,1,1,T0159,T0025,away,16,126.74,0,Smog,292
B001478,2024-09-18,V004,doubles,T0036,T0047,2,1,T0036,T0047,home,11,714.39,0,Moonless,933
B001479,2024-09-08,V037,triples,T0073,T0071,3,3,T0073,T0071,home,20,40.36,1,Clear,1154
B001480,2024-01-29,V047,singles,T0172,T0076,1,1,T0076,T0172,away,7,154.4,0,Sandstorm,472
B001481,2024-09-20,V028,doubles,T0078,T0038,2,2,T0038,T0078,away,9,43.35,0,Sunny,1065
B001482,2025-07-06,V009,singles,T0065,T0014,1,1,T0065,T0014,home,13,194.09,0,High Winds,2168
B001483,2024-05-03,V003,singles,T0156,T0148,1,1,T0148,T0156,away,8,68.71,0,Breezy,528
B001484,2025-11-28,V044,doubles,T0048,T0173,2,2,T0048,T0173,home,17,43.85,0,Odd Aura,1447
B001485,2024-04-21,V018,doubles,T0097,T0075,2,2,T0075,T0097,away,22,180.2,1,Clear,1373
B001486,2025-08-19,V051,doubles,T0087,T0111,2,2,T0087,T0111,home,14,286.9,0,Overcast,658
B001487,2024-03-16,V003,singles,T0118,T0108,1,1,T0108,T0118,away,9,52.75,0,Breezy,416
B001488,2025-12-08,V025,triples,T0080,T0099,3,3,T0099,T0080,away,12,412.16,0,Fog,1152
B001489,2025-05-14,V033,doubles,T0139,T0047,2,2,T0139,T0047,home,9,512.08,0,Dusty,1958
B001490,2024-04-16,V039,triples,T0050,T0003,3,3,T0050,T0003,home,22,49.77,1,Clear,632
B001491,2026-03-17,V004,triples,T0058,T0175,3,3,T0058,T0175,home,11,24.63,0,Moonless,837
B001492,2025-05-11,V005,doubles,T0150,T0082,2,2,T0150,T0082,home,12,14.13,0,Moonless,1044
B001493,2024-05-13,V012,triples,T0104,T0090,3,3,T0104,T0090,home,10,44.09,0,Thunderstorm,1026
B001494,2024-01-26,V003,singles,T0055,T0160,1,1,T0055,T0160,home,4,42.24,0,Breezy,421
B001495,2025-08-10,V024,doubles,T0006,T0137,2,2,T0006,T0137,home,10,54.04,0,Windy,987
B001496,2024-06-13,V046,doubles,T0016,T0089,2,2,T0016,T0089,home,4,163.62,0,Sandstorm,381
B001497,2024-09-04,V049,doubles,T0028,T0175,2,2,T0028,T0175,home,13,133.79,0,Overcast,668
B001498,2025-10-24,V037,triples,T0095,T0153,3,2,T0095,T0153,home,20,726.31,1,Clear,1053
B001499,2024-10-18,V044,doubles,T0153,T0167,2,2,T0153,T0167,home,9,408.08,0,Odd Aura,1582
B001500,2026-03-22,V020,singles,T0148,T0066,1,1,T0066,T0148,away,8,159.89,0,Harsh Sun,1734
B001501,2024-10-18,V020,triples,T0022,T0008,3,3,T0008,T0022,away,14,59.27,0,Harsh Sun,1598
B001502,2024-11-13,V013,singles,T0168,T0006,1,1,T0006,T0168,away,10,382.29,0,Glittering,1776
B001503,2025-07-14,V047,doubles,T0097,T0158,2,2,T0097,T0158,home,14,339.06,0,Sandstorm,213
B001504,2024-11-04,V041,singles,T0057,T0174,1,1,T0057,T0174,home,12,228.98,0,Smog,626
B001505,2026-03-23,V053,doubles,T0170,T0058,2,2,T0170,T0058,home,11,127.29,0,Rain,413
B001506,2025-09-14,V006,singles,T0093,T0104,1,1,T0093,T0104,home,12,108.26,0,Moonless,432
B001507,2024-12-16,V021,singles,T0095,T0024,1,1,T0024,T0095,away,10,288.08,0,Harsh Sun,248
B001508,2025-07-06,V028,doubles,T0147,T0027,2,2,T0147,T0027,home,17,225.5,0,Sunny,577
B001509,2024-12-08,V050,doubles,T0172,T0059,2,2,T0059,T0172,away,15,142.84,0,Overcast,226
B001510,2024-04-26,V008,doubles,T0070,T0127,2,2,T0127,T0070,away,14,131.1,0,High Winds,303
B001511,2025-12-05,V051,triples,T0002,T0005,3,3,T0005,T0002,away,17,313.96,1,Overcast,213
B001512,2024-12-06,V035,doubles,T0005,T0163,2,2,T0005,T0163,home,15,26.44,0,Hail,366
B001513,2026-01-28,V044,doubles,T0048,T0009,2,3,T0009,T0048,away,16,537.3,0,Odd Aura,1464
B001514,2025-11-06,V015,doubles,T0131,T0102,2,2,T0131,T0102,home,13,79.71,0,Glittering,230
B001515,2025-05-25,V022,doubles,T0103,T0093,2,3,T0093,T0103,away,17,560.46,0,Windy,1278
B001516,2025-11-07,V013,triples,T0133,T0076,3,3,T0133,T0076,home,17,47.3,0,Glittering,1689
B001517,2025-02-25,V031,singles,T0014,T0096,1,1,T0096,T0014,away,12,70.62,0,Dusty,402
B001518,2025-01-03,V050,doubles,T0109,T0120,2,2,T0109,T0120,home,13,89.44,0,Overcast,250
B001519,2025-01-05,V020,doubles,T0079,T0009,2,2,T0009,T0079,away,6,42.23,0,Harsh Sun,1859
B001520,2025-04-14,V045,doubles,T0011,T0147,2,2,T0011,T0147,home,12,65.52,0,Odd Aura,471
B001521,2024-07-15,V026,doubles,T0084,T0051,2,2,T0084,T0051,home,10,306.75,0,Fog,770
B001522,2024-02-06,V046,singles,T0045,T0070,1,1,T0045,T0070,home,6,96.82,0,Sandstorm,357
B001523,2024-03-19,V001,doubles,T0149,T0086,2,2,T0086,T0149,away,17,380.13,0,Breezy,647
B001524,2025-02-21,V003,doubles,T0107,T0046,2,2,T0046,T0107,away,17,54.52,1,Breezy,540
B001525,2024-01-11,V014,doubles,T0128,T0010,2,2,T0128,T0010,home,12,402.37,0,Glittering,1447
B001526,2024-07-06,V008,singles,T0133,T0128,1,1,T0133,T0128,home,5,181.63,0,High Winds,260
B001527,2025-01-18,V013,singles,T0049,T0171,1,1,T0049,T0171,home,11,193.54,0,Glittering,1814
B001528,2024-07-18,V042,doubles,T0027,T0029,2,2,T0027,T0029,home,20,251.92,1,Smog,906
B001529,2024-12-21,V035,singles,T0051,T0081,1,1,T0081,T0051,away,9,87.03,0,Hail,380
B001530,2024-10-08,V053,singles,T0053,T0027,1,1,T0053,T0027,home,19,85.81,0,Rain,441
B001531,2024-05-30,V001,singles,T0152,T0131,1,1,T0131,T0152,away,5,279.98,0,Breezy,740
B001532,2024-03-16,V051,singles,T0102,T0037,1,1,T0037,T0102,away,7,182.18,0,Overcast,399
B001533,2026-03-19,V053,triples,T0087,T0145,3,3,T0087,T0145,home,20,448.56,0,Rain,471
B001534,2024-05-20,V004,singles,T0054,T0095,1,1,T0054,T0095,home,14,252.68,0,Moonless,588
B001535,2024-05-28,V016,singles,T0066,T0127,1,1,T0066,T0127,home,12,230.08,0,Clear,211
B001536,2025-02-18,V027,singles,T0088,T0152,1,1,T0088,T0152,home,5,152.83,0,Fog,621
B001537,2025-07-04,V007,doubles,T0138,T0121,2,2,T0121,T0138,away,9,475.33,0,High Winds,1586
B001538,2024-10-28,V045,triples,T0124,T0094,3,3,T0094,T0124,away,16,70.51,0,Odd Aura,451
B001539,2024-05-19,V005,triples,T0035,T0049,3,3,T0035,T0049,home,24,112.55,1,Moonless,1184
B001540,2025-09-29,V009,doubles,T0043,T0085,2,2,T0085,T0043,away,11,13.75,0,High Winds,1958
B001541,2024-08-24,V015,singles,T0072,T0075,1,1,T0075,T0072,away,8,201.17,0,Glittering,117
B001542,2024-01-02,V019,triples,T0001,T0094,3,3,T0001,T0094,home,19,383.86,0,Harsh Sun,1356
B001543,2026-01-01,V050,doubles,T0128,T0080,2,2,T0080,T0128,away,12,113.07,0,Overcast,187
B001544,2025-12-13,V004,doubles,T0168,T0023,2,2,T0023,T0168,away,14,143.13,0,Moonless,717
B001545,2024-02-01,V001,singles,T0124,T0138,1,1,T0124,T0138,home,11,140.71,0,Breezy,727
B001546,2025-09-17,V044,singles,T0018,T0084,1,1,T0018,T0084,home,9,270.61,0,Odd Aura,1745
B001547,2025-11-26,V030,doubles,T0140,T0101,2,2,T0140,T0101,home,11,269.89,0,Sunny,881
B001548,2025-12-22,V023,triples,T0162,T0152,3,3,T0152,T0162,away,14,80.11,0,Windy,1402
B001549,2024-09-13,V039,triples,T0150,T0131,3,3,T0150,T0131,home,15,80.19,0,Clear,710
B001550,2024-11-28,V047,doubles,T0117,T0107,2,1,T0117,T0107,home,7,810.84,0,Sandstorm,338
B001551,2025-01-17,V014,doubles,T0163,T0035,2,2,T0035,T0163,away,7,170.2,0,Glittering,1934
B001552,2025-07-21,V027,doubles,T0136,T0147,2,2,T0136,T0147,home,14,138.88,0,Fog,690
B001553,2024-08-11,V011,singles,T0095,T0077,1,1,T0077,T0095,away,9,14.25,0,Thunderstorm,184
B001554,2026-01-24,V002,singles,T0110,T0107,1,1,T0110,T0107,home,6,53.62,0,Breezy,1292
B001555,2024-03-19,V008,doubles,T0171,T0155,2,2,T0171,T0155,home,15,16.85,0,High Winds,334
B001556,2025-01-03,V026,doubles,T0150,T0179,2,2,T0150,T0179,home,11,439.48,0,Fog,752
B001557,2024-09-09,V052,doubles,T0054,T0138,2,2,T0138,T0054,away,9,39.98,0,Rain,840
B001558,2024-07-31,V022,singles,T0129,T0166,1,1,T0129,T0166,home,9,88.23,0,Windy,1014
B001559,2024-05-26,V041,singles,T0168,T0172,1,1,T0172,T0168,away,9,229.09,0,Smog,400
B001560,2024-04-19,V049,doubles,T0164,T0148,2,2,T0148,T0164,away,7,102.31,0,Overcast,742
B001561,2025-03-24,V006,singles,T0077,T0076,1,1,T0076,T0077,away,5,465.28,0,Moonless,402
B001562,2025-08-21,V004,doubles,T0022,T0063,2,2,T0063,T0022,away,12,108.25,0,Moonless,799
B001563,2024-10-08,V043,doubles,T0061,T0013,2,2,T0013,T0061,away,14,586.45,0,Odd Aura,1021
B001564,2025-07-02,V045,doubles,T0041,T0003,2,1,T0041,T0003,home,7,1037.09,0,Odd Aura,521
B001565,2024-01-05,V027,triples,T0047,T0085,3,3,T0085,T0047,away,24,24.56,1,Fog,638
B001566,2025-12-05,V006,triples,T0004,T0042,3,3,T0004,T0042,home,8,333.99,0,Moonless,423
B001567,2025-10-12,V030,singles,T0051,T0112,1,1,T0051,T0112,home,14,160.82,0,Sunny,731
B001568,2025-12-04,V047,doubles,T0082,T0037,2,2,T0037,T0082,away,9,132.97,0,Sandstorm,246
B001569,2025-09-06,V033,singles,T0117,T0012,1,1,T0012,T0117,away,15,8.96,0,Dusty,1537
B001570,2025-10-15,V034,doubles,T0120,T0153,2,3,T0153,T0120,away,13,608.14,0,Hail,1638
B001571,2024-10-26,V017,triples,T0113,T0068,3,3,T0113,T0068,home,13,143.38,0,Clear,740
B001572,2024-11-26,V031,doubles,T0036,T0009,2,2,T0036,T0009,home,18,164.83,0,Dusty,399
B001573,2024-01-25,V005,singles,T0170,T0173,1,1,T0173,T0170,away,9,48.59,0,Moonless,1142
B001574,2025-10-26,V044,doubles,T0179,T0075,2,2,T0075,T0179,away,6,72.17,0,Odd Aura,1684
B001575,2024-12-13,V010,singles,T0100,T0130,1,1,T0130,T0100,away,4,218.17,0,Thunderstorm,608
B001576,2024-01-16,V017,doubles,T0150,T0173,2,2,T0173,T0150,away,12,94.33,0,Clear,578
B001577,2025-10-16,V009,triples,T0098,T0154,3,2,T0098,T0154,home,20,700.01,1,High Winds,2107
B001578,2025-05-29,V007,doubles,T0166,T0139,2,2,T0139,T0166,away,9,116.36,0,High Winds,1454
B001579,2025-12-31,V050,singles,T0009,T0178,1,1,T0178,T0009,away,13,10.09,0,Overcast,222
B001580,2026-03-04,V038,doubles,T0109,T0093,2,2,T0093,T0109,away,14,219.44,0,Clear,718
B001581,2024-12-06,V005,doubles,T0053,T0083,2,2,T0083,T0053,away,10,144.3,0,Moonless,1073
B001582,2024-08-22,V030,doubles,T0078,T0100,2,2,T0078,T0100,home,14,103.8,0,Sunny,535
B001583,2026-02-06,V044,singles,T0145,T0147,1,1,T0147,T0145,away,11,0.04,0,Odd Aura,1342
B001584,2025-01-16,V003,triples,T0077,T0005,3,3,T0077,T0005,home,13,50.3,0,Breezy,427
B001585,2025-08-30,V031,doubles,T0122,T0147,2,2,T0147,T0122,away,12,436.87,0,Dusty,471
B001586,2026-03-09,V026,singles,T0178,T0063,1,1,T0063,T0178,away,15,126.14,0,Fog,564
B001587,2025-02-16,V018,singles,T0020,T0087,1,1,T0020,T0087,home,13,54.99,0,Clear,1373
B001588,2024-08-12,V040,doubles,T0148,T0009,2,2,T0009,T0148,away,10,10.68,0,Smog,247
B001589,2025-05-07,V052,doubles,T0048,T0013,2,2,T0013,T0048,away,9,321.62,0,Rain,714
B001590,2024-10-05,V026,doubles,T0163,T0119,2,2,T0119,T0163,away,6,108.04,0,Fog,521
B001591,2024-11-26,V045,singles,T0057,T0142,1,1,T0057,T0142,home,5,129.85,0,Odd Aura,475
B001592,2025-09-16,V046,doubles,T0159,T0131,2,3,T0131,T0159,away,7,175.47,0,Sandstorm,459
B001593,2025-05-23,V007,singles,T0011,T0065,1,1,T0065,T0011,away,14,94.27,0,High Winds,1407
B001594,2025-03-21,V042,singles,T0006,T0166,1,1,T0166,T0006,away,7,248.72,0,Smog,741
B001595,2024-11-09,V023,doubles,T0145,T0071,2,2,T0145,T0071,home,12,330.44,0,Windy,1188
B001596,2025-05-01,V013,doubles,T0105,T0097,2,2,T0105,T0097,home,10,164.94,0,Glittering,1907
B001597,2025-03-18,V046,doubles,T0132,T0101,2,2,T0132,T0101,home,13,179.74,0,Sandstorm,490
B001598,2024-03-29,V043,doubles,T0156,T0098,2,2,T0156,T0098,home,18,382.66,0,Odd Aura,943
B001599,2025-11-07,V019,doubles,T0120,T0020,2,2,T0120,T0020,home,13,123.54,0,Harsh Sun,1343
B001600,2025-04-28,V048,triples,T0150,T0046,3,3,T0150,T0046,home,21,186.24,1,Sandstorm,1870
B001601,2025-04-22,V051,singles,T0103,T0039,1,1,T0039,T0103,away,15,164.66,0,Overcast,487
B001602,2026-03-19,V038,singles,T0090,T0084,1,1,T0090,T0084,home,6,234.88,0,Clear,897
B001603,2024-11-28,V004,doubles,T0115,T0090,2,2,T0115,T0090,home,14,235.77,0,Moonless,709
B001604,2024-06-27,V010,doubles,T0094,T0092,2,2,T0092,T0094,away,13,80.45,0,Thunderstorm,689
B001605,2024-06-27,V049,singles,T0091,T0076,1,1,T0076,T0091,away,10,169.11,0,Overcast,914
B001606,2024-07-10,V041,singles,T0151,T0114,1,1,T0151,T0114,home,9,512.46,0,Smog,627
B001607,2025-12-08,V053,singles,T0019,T0176,1,1,T0176,T0019,away,10,261.46,0,Rain,495
B001608,2024-01-11,V011,triples,T0116,T0013,3,3,T0013,T0116,away,16,1.13,0,Thunderstorm,135
B001609,2026-02-18,V012,triples,T0127,T0162,3,3,T0162,T0127,away,21,99.15,1,Thunderstorm,1058
B001610,2025-04-04,V025,singles,T0137,T0054,1,1,T0054,T0137,away,12,256.46,0,Fog,1143
B001611,2025-01-28,V049,triples,T0170,T0160,3,3,T0170,T0160,home,18,506.13,0,Overcast,652
B001612,2024-08-28,V018,singles,T0031,T0122,1,1,T0031,T0122,home,9,132.23,0,Clear,1496
B001613,2025-03-04,V021,triples,T0178,T0114,3,3,T0178,T0114,home,12,502.62,0,Harsh Sun,207
B001614,2024-12-20,V002,singles,T0008,T0134,1,1,T0008,T0134,home,8,6.42,0,Breezy,1073
B001615,2024-02-15,V033,singles,T0049,T0122,1,1,T0122,T0049,away,8,122.69,0,Dusty,1730
B001616,2025-11-19,V020,doubles,T0164,T0039,2,2,T0039,T0164,away,24,112.07,1,Harsh Sun,1582
B001617,2025-03-14,V026,doubles,T0002,T0138,2,2,T0002,T0138,home,7,206.26,0,Fog,695
B001618,2025-08-24,V018,doubles,T0092,T0113,2,2,T0092,T0113,home,10,67.12,0,Clear,1725
B001619,2024-12-13,V034,singles,T0125,T0102,1,1,T0102,T0125,away,9,54.85,0,Hail,1413
B001620,2026-03-08,V008,singles,T0009,T0147,1,1,T0147,T0009,away,4,24.95,0,High Winds,305
B001621,2024-06-26,V004,doubles,T0114,T0106,2,2,T0114,T0106,home,12,94.53,0,Moonless,745
B001622,2025-07-16,V012,singles,T0117,T0108,1,1,T0108,T0117,away,4,65.1,0,Thunderstorm,997
B001623,2025-03-23,V030,singles,T0117,T0027,1,1,T0117,T0027,home,9,179.61,0,Sunny,658
B001624,2024-08-09,V034,triples,T0162,T0101,3,3,T0101,T0162,away,12,8.95,0,Hail,1519
B001625,2024-10-22,V054,doubles,T0138,T0153,2,2,T0138,T0153,home,13,229.62,0,Rain,611
B001626,2026-01-31,V036,singles,T0114,T0153,1,1,T0153,T0114,away,11,18.5,0,Hail,821
B001627,2025-11-30,V010,triples,T0176,T0068,3,3,T0176,T0068,home,17,148.25,0,Thunderstorm,643
B001628,2024-12-27,V048,doubles,T0133,T0072,2,2,T0133,T0072,home,13,426.78,0,Sandstorm,2364
B001629,2024-04-12,V042,singles,T0006,T0146,1,1,T0006,T0146,home,8,218.97,0,Smog,480
B001630,2026-02-28,V044,doubles,T0172,T0153,2,2,T0172,T0153,home,9,279.79,0,Odd Aura,1796
B001631,2026-01-15,V021,doubles,T0056,T0063,2,2,T0063,T0056,away,8,389.16,0,Harsh Sun,191
B001632,2026-01-25,V012,triples,T0146,T0163,3,3,T0163,T0146,away,15,56.54,0,Thunderstorm,1016
B001633,2025-01-20,V016,singles,T0036,T0143,1,2,T0036,T0143,home,10,51.33,0,Clear,222
B001634,2024-07-17,V040,singles,T0067,T0120,1,1,T0067,T0120,home,11,224.44,0,Smog,255
B001635,2024-11-21,V010,triples,T0180,T0026,3,3,T0026,T0180,away,11,29.56,0,Thunderstorm,799
B001636,2025-02-09,V003,doubles,T0112,T0048,2,2,T0112,T0048,home,19,188.96,0,Breezy,599
B001637,2025-07-06,V028,triples,T0068,T0066,3,3,T0066,T0068,away,16,392.96,0,Sunny,975
B001638,2026-03-26,V034,doubles,T0111,T0105,2,3,T0105,T0111,away,13,701.02,0,Hail,1436
B001639,2025-01-10,V042,doubles,T0050,T0156,2,2,T0156,T0050,away,12,219.7,0,Smog,921
B001640,2026-02-24,V025,triples,T0082,T0170,3,3,T0082,T0170,home,14,16.4,0,Fog,1350
B001641,2024-09-28,V020,triples,T0016,T0018,3,3,T0018,T0016,away,15,91.64,0,Harsh Sun,1921
B001642,2025-06-06,V051,doubles,T0118,T0155,2,2,T0155,T0118,away,15,261.07,0,Overcast,464
B001643,2026-03-26,V028,triples,T0024,T0131,3,3,T0131,T0024,away,22,160.03,1,Sunny,1061
B001644,2024-05-23,V027,singles,T0001,T0162,1,1,T0001,T0162,home,11,99.31,0,Fog,651
B001645,2025-04-17,V033,doubles,T0060,T0124,2,2,T0060,T0124,home,17,130.27,0,Dusty,1637
B001646,2025-05-25,V015,singles,T0091,T0120,1,1,T0120,T0091,away,9,81.9,0,Glittering,158
B001647,2025-12-21,V011,singles,T0101,T0151,1,1,T0151,T0101,away,9,4.32,0,Thunderstorm,141
B001648,2024-03-05,V040,singles,T0126,T0120,1,1,T0126,T0120,home,6,194.41,0,Smog,235
B001649,2025-03-14,V051,triples,T0030,T0098,3,3,T0030,T0098,home,10,230.65,0,Overcast,434
B001650,2024-10-24,V050,triples,T0100,T0015,3,3,T0015,T0100,away,16,41.66,0,Overcast,185
B001651,2026-01-16,V051,singles,T0119,T0141,1,1,T0119,T0141,home,9,32.63,0,Overcast,589
B001652,2026-03-04,V050,doubles,T0131,T0137,2,2,T0137,T0131,away,9,127.77,0,Overcast,209
B001653,2024-06-13,V053,singles,T0125,T0178,1,1,T0178,T0125,away,12,179.64,0,Rain,476
B001654,2026-03-21,V048,doubles,T0120,T0162,2,2,T0162,T0120,away,20,196.23,1,Sandstorm,1978
B001655,2025-06-30,V029,doubles,T0098,T0137,2,2,T0098,T0137,home,24,461.02,1,Sunny,486
B001656,2025-01-10,V047,doubles,T0052,T0006,2,2,T0052,T0006,home,20,57.73,1,Sandstorm,259
B001657,2025-08-03,V007,singles,T0042,T0119,1,1,T0119,T0042,away,6,229.32,0,High Winds,1491
B001658,2025-07-28,V047,singles,T0070,T0032,1,1,T0032,T0070,away,6,283.72,0,Sandstorm,394
B001659,2025-12-05,V041,singles,T0034,T0180,1,1,T0034,T0180,home,11,307.17,0,Smog,533
B001660,2024-08-21,V046,doubles,T0065,T0004,2,2,T0065,T0004,home,21,294.93,1,Sandstorm,556
B001661,2026-03-03,V040,doubles,T0176,T0111,2,2,T0111,T0176,away,17,317.89,0,Smog,235
B001662,2024-06-19,V024,doubles,T0164,T0062,2,2,T0062,T0164,away,11,350.18,0,Windy,1155
B001663,2024-08-12,V008,doubles,T0030,T0114,2,2,T0114,T0030,away,11,312.21,0,High Winds,324
B001664,2025-06-13,V043,singles,T0002,T0039,1,1,T0002,T0039,home,9,95.37,0,Odd Aura,1161
B001665,2024-01-09,V024,triples,T0069,T0176,3,3,T0176,T0069,away,6,164.08,0,Windy,966
B001666,2025-10-21,V048,doubles,T0153,T0016,2,2,T0016,T0153,away,20,155.93,1,Sandstorm,2230
B001667,2025-07-21,V040,doubles,T0045,T0084,2,2,T0084,T0045,away,8,276.29,0,Smog,256
B001668,2024-02-05,V025,singles,T0116,T0038,1,1,T0038,T0116,away,10,35.87,0,Fog,1366
B001669,2025-09-12,V051,doubles,T0065,T0032,2,2,T0065,T0032,home,9,127.0,0,Overcast,444
B001670,2025-07-13,V019,singles,T0094,T0139,1,1,T0139,T0094,away,10,304.47,0,Harsh Sun,1041
B001671,2024-12-30,V035,singles,T0124,T0043,1,1,T0043,T0124,away,8,88.23,0,Hail,352
B001672,2025-04-03,V028,singles,T0153,T0173,1,1,T0173,T0153,away,11,36.8,0,Sunny,994
B001673,2025-06-13,V036,doubles,T0166,T0148,2,2,T0166,T0148,home,15,8.66,0,Hail,814
B001674,2024-12-22,V050,doubles,T0172,T0055,2,2,T0055,T0172,away,13,83.28,0,Overcast,201
B001675,2024-07-28,V013,singles,T0127,T0111,1,1,T0111,T0127,away,8,100.04,0,Glittering,1516
B001676,2024-02-17,V045,doubles,T0009,T0092,2,2,T0009,T0092,home,9,379.29,0,Odd Aura,623
B001677,2024-08-20,V004,singles,T0177,T0009,1,1,T0009,T0177,away,17,37.06,0,Moonless,593
B001678,2025-08-29,V023,singles,T0165,T0111,1,1,T0165,T0111,home,10,64.03,0,Windy,1307
B001679,2025-04-19,V028,doubles,T0136,T0012,2,2,T0012,T0136,away,11,212.27,0,Sunny,895
B001680,2025-07-02,V049,doubles,T0147,T0119,2,2,T0147,T0119,home,12,171.56,0,Overcast,709
B001681,2024-03-12,V017,triples,T0069,T0144,3,3,T0069,T0144,home,15,75.78,0,Clear,478
B001682,2025-04-07,V040,doubles,T0126,T0013,2,2,T0126,T0013,home,13,196.71,0,Smog,245
B001683,2025-08-03,V045,triples,T0051,T0099,3,3,T0099,T0051,away,11,74.58,0,Odd Aura,439
B001684,2026-03-16,V044,singles,T0116,T0159,1,1,T0116,T0159,home,9,182.51,0,Odd Aura,1533
B001685,2024-01-06,V035,singles,T0153,T0043,1,1,T0153,T0043,home,5,88.71,0,Hail,363
B001686,2025-08-17,V002,singles,T0121,T0028,1,1,T0121,T0028,home,6,137.85,0,Breezy,973
B001687,2025-06-03,V054,doubles,T0139,T0115,2,2,T0139,T0115,home,13,329.98,0,Rain,671
B001688,2024-04-19,V023,doubles,T0118,T0163,2,2,T0163,T0118,away,15,212.98,0,Windy,1460
B001689,2024-09-08,V020,singles,T0024,T0003,1,1,T0024,T0003,home,10,1.71,0,Harsh Sun,1805
B001690,2025-06-01,V027,singles,T0029,T0130,1,1,T0130,T0029,away,8,179.09,0,Fog,852
B001691,2024-07-17,V050,singles,T0100,T0079,1,1,T0100,T0079,home,11,312.96,0,Overcast,215
B001692,2024-02-15,V015,singles,T0171,T0006,1,1,T0006,T0171,away,8,94.57,0,Glittering,165
B001693,2025-06-12,V003,singles,T0057,T0002,1,1,T0002,T0057,away,4,97.59,0,Breezy,433
B001694,2024-10-09,V012,singles,T0047,T0038,1,1,T0038,T0047,away,12,113.11,0,Thunderstorm,959
B001695,2025-04-29,V019,doubles,T0132,T0058,2,2,T0132,T0058,home,15,150.46,1,Harsh Sun,1274
B001696,2024-08-13,V017,triples,T0113,T0146,3,3,T0146,T0113,away,17,233.15,0,Clear,1053
B001697,2024-09-29,V023,doubles,T0007,T0137,2,2,T0007,T0137,home,15,263.07,0,Windy,1323
B001698,2026-02-21,V005,doubles,T0031,T0131,2,2,T0131,T0031,away,15,163.85,0,Moonless,1116
B001699,2025-03-29,V046,singles,T0107,T0133,1,1,T0133,T0107,away,6,32.62,0,Sandstorm,414
B001700,2024-11-06,V035,doubles,T0122,T0044,2,2,T0044,T0122,away,11,62.22,0,Hail,425
B001701,2024-05-26,V052,triples,T0170,T0064,3,3,T0170,T0064,home,24,671.16,1,Rain,629
B001702,2024-05-23,V009,singles,T0028,T0096,1,1,T0096,T0028,away,14,275.45,0,High Winds,1833
B001703,2025-11-21,V028,singles,T0012,T0003,1,1,T0012,T0003,home,4,220.45,0,Sunny,975
B001704,2025-05-06,V046,triples,T0118,T0116,3,3,T0118,T0116,home,24,50.76,1,Sandstorm,524
B001705,2025-07-17,V027,doubles,T0120,T0095,2,2,T0120,T0095,home,14,298.71,0,Fog,804
B001706,2024-01-16,V033,triples,T0081,T0057,3,3,T0057,T0081,away,18,33.84,0,Dusty,1664
B001707,2025-05-10,V023,singles,T0139,T0173,1,1,T0139,T0173,home,16,108.54,0,Windy,1106
B001708,2026-03-07,V043,singles,T0163,T0068,1,1,T0068,T0163,away,8,128.54,0,Odd Aura,1038
B001709,2024-03-25,V040,doubles,T0013,T0075,2,2,T0013,T0075,home,20,593.71,1,Smog,282
B001710,2026-01-15,V003,doubles,T0080,T0178,2,2,T0080,T0178,home,7,44.91,0,Breezy,649
B001711,2025-12-07,V040,singles,T0008,T0048,1,1,T0048,T0008,away,8,32.05,0,Smog,260
B001712,2026-02-09,V004,doubles,T0060,T0119,2,2,T0060,T0119,home,21,64.86,1,Moonless,648
B001713,2024-11-17,V033,singles,T0163,T0154,1,1,T0163,T0154,home,4,244.53,0,Dusty,1662
B001714,2025-03-24,V009,triples,T0077,T0140,3,3,T0077,T0140,home,13,338.05,0,High Winds,1875
B001715,2024-11-01,V037,singles,T0040,T0169,1,1,T0040,T0169,home,6,24.02,0,Clear,1119
B001716,2025-01-21,V029,singles,T0110,T0179,1,1,T0110,T0179,home,11,123.46,0,Sunny,491
B001717,2025-03-11,V011,triples,T0023,T0177,3,3,T0177,T0023,away,13,344.82,0,Thunderstorm,129
B001718,2025-11-04,V020,triples,T0176,T0055,3,3,T0176,T0055,home,14,39.21,0,Harsh Sun,1671
B001719,2026-03-29,V006,doubles,T0004,T0096,2,2,T0096,T0004,away,16,241.18,0,Moonless,448
B001720,2024-05-11,V052,singles,T0168,T0080,1,1,T0168,T0080,home,11,11.65,0,Rain,847
B001721,2026-01-04,V028,triples,T0006,T0108,3,3,T0006,T0108,home,12,92.96,0,Sunny,908
B001722,2026-01-06,V003,singles,T0130,T0122,1,1,T0130,T0122,home,10,412.44,0,Breezy,574
B001723,2024-04-25,V030,triples,T0032,T0028,3,3,T0028,T0032,away,13,40.24,0,Sunny,784
B001724,2025-03-13,V041,singles,T0116,T0076,1,1,T0076,T0116,away,10,160.18,0,Smog,595
B001725,2024-10-02,V015,doubles,T0029,T0015,2,2,T0015,T0029,away,14,480.78,0,Glittering,128
B001726,2024-10-20,V009,doubles,T0157,T0169,2,2,T0169,T0157,away,17,94.07,1,High Winds,2289
B001727,2026-01-08,V042,doubles,T0104,T0140,2,2,T0104,T0140,home,12,337.79,0,Smog,595
B001728,2025-08-05,V032,doubles,T0058,T0134,2,2,T0134,T0058,away,13,56.19,0,Dusty,1054
B001729,2026-03-12,V018,singles,T0035,T0025,1,1,T0025,T0035,away,9,144.4,0,Clear,1286
B001730,2025-07-21,V005,doubles,T0106,T0105,2,2,T0106,T0105,home,13,52.14,0,Moonless,1217
B001731,2024-06-08,V004,doubles,T0064,T0003,2,2,T0064,T0003,home,11,43.53,0,Moonless,575
B001732,2025-11-25,V018,singles,T0166,T0107,1,1,T0107,T0166,away,7,54.44,0,Clear,1244
B001733,2024-03-16,V002,doubles,T0066,T0142,2,2,T0066,T0142,home,14,120.55,0,Breezy,1223
B001734,2024-01-31,V011,singles,T0008,T0013,1,1,T0008,T0013,home,13,56.36,0,Thunderstorm,148
B001735,2024-10-25,V036,singles,T0009,T0001,1,1,T0001,T0009,away,13,222.91,0,Hail,765
B001736,2024-06-04,V044,singles,T0031,T0104,1,1,T0031,T0104,home,13,14.73,0,Odd Aura,1558
B001737,2024-03-28,V013,singles,T0055,T0044,1,1,T0055,T0044,home,4,68.07,0,Glittering,1547
B001738,2025-09-16,V049,doubles,T0047,T0007,2,2,T0007,T0047,away,15,449.79,0,Overcast,614
B001739,2024-10-02,V040,doubles,T0108,T0135,2,2,T0108,T0135,home,12,650.52,0,Smog,238
B001740,2025-11-04,V015,doubles,T0082,T0171,2,2,T0171,T0082,away,13,82.09,0,Glittering,147
B001741,2025-05-26,V044,singles,T0109,T0178,1,1,T0109,T0178,home,6,176.99,0,Odd Aura,1529
B001742,2024-11-28,V016,triples,T0059,T0067,3,3,T0059,T0067,home,9,258.89,0,Clear,189
B001743,2025-07-29,V022,doubles,T0164,T0008,2,2,T0008,T0164,away,5,119.66,0,Windy,1058
B001744,2025-02-27,V042,doubles,T0032,T0050,2,2,T0050,T0032,away,16,81.79,0,Smog,770
B001745,2024-11-30,V002,doubles,T0097,T0067,2,2,T0097,T0067,home,6,16.66,0,Breezy,967
B001746,2024-01-01,V013,doubles,T0149,T0010,2,2,T0149,T0010,home,15,251.85,0,Glittering,1793
B001747,2024-04-10,V002,doubles,T0083,T0085,2,2,T0083,T0085,home,15,23.79,0,Breezy,1198
B001748,2024-10-07,V005,doubles,T0178,T0103,2,2,T0178,T0103,home,16,71.36,1,Moonless,1234
B001749,2024-05-26,V017,doubles,T0100,T0174,2,2,T0174,T0100,away,12,290.73,0,Clear,633
B001750,2025-11-26,V033,doubles,T0063,T0174,2,2,T0063,T0174,home,11,235.07,0,Dusty,1968
B001751,2024-09-20,V015,singles,T0027,T0050,1,1,T0050,T0027,away,11,252.32,0,Glittering,185
B001752,2024-07-14,V047,triples,T0075,T0004,3,3,T0075,T0004,home,11,347.57,0,Sandstorm,244
B001753,2026-02-05,V003,doubles,T0131,T0099,2,2,T0099,T0131,away,9,514.04,0,Breezy,456
B001754,2026-03-18,V033,doubles,T0079,T0093,2,2,T0093,T0079,away,13,30.34,0,Dusty,1879
B001755,2025-09-07,V011,doubles,T0109,T0143,2,2,T0143,T0109,away,10,148.55,0,Thunderstorm,178
B001756,2025-05-31,V052,doubles,T0093,T0042,2,2,T0093,T0042,home,14,290.87,0,Rain,756
B001757,2024-07-14,V013,doubles,T0162,T0135,2,2,T0162,T0135,home,9,54.58,0,Glittering,1903
B001758,2025-02-15,V001,singles,T0020,T0119,1,1,T0119,T0020,away,9,64.35,0,Breezy,681
B001759,2024-04-19,V046,triples,T0170,T0065,3,3,T0170,T0065,home,21,217.46,1,Sandstorm,469
B001760,2024-12-22,V042,doubles,T0010,T0152,2,2,T0010,T0152,home,13,297.19,0,Smog,758
B001761,2024-06-21,V013,singles,T0133,T0014,1,1,T0014,T0133,away,14,269.22,0,Glittering,1872
B001762,2024-07-04,V024,singles,T0157,T0145,1,1,T0145,T0157,away,8,158.35,0,Windy,715
B001763,2026-02-28,V039,singles,T0008,T0142,1,1,T0142,T0008,away,8,46.77,0,Clear,784
B001764,2026-01-14,V001,doubles,T0147,T0073,2,2,T0147,T0073,home,16,110.99,0,Breezy,856
B001765,2025-11-25,V009,triples,T0088,T0082,3,2,T0088,T0082,home,15,839.1,0,High Winds,2063
B001766,2024-02-16,V012,singles,T0148,T0167,1,1,T0167,T0148,away,8,155.34,0,Thunderstorm,1037
B001767,2025-12-07,V048,singles,T0119,T0068,1,1,T0119,T0068,home,9,298.81,0,Sandstorm,1916
B001768,2025-07-11,V052,doubles,T0029,T0072,2,2,T0029,T0072,home,21,332.68,1,Rain,719
B001769,2025-11-14,V003,doubles,T0096,T0136,2,2,T0096,T0136,home,24,388.49,1,Breezy,521
B001770,2024-11-26,V006,triples,T0107,T0116,3,3,T0116,T0107,away,11,308.03,0,Moonless,537
B001771,2025-02-23,V049,doubles,T0088,T0024,2,2,T0024,T0088,away,9,402.25,0,Overcast,784
B001772,2024-02-27,V037,triples,T0171,T0030,3,3,T0030,T0171,away,14,536.49,0,Clear,884
B001773,2024-02-10,V018,singles,T0061,T0119,1,1,T0061,T0119,home,4,29.64,0,Clear,1468
B001774,2024-04-16,V015,triples,T0018,T0111,3,3,T0111,T0018,away,18,93.05,0,Glittering,178
B001775,2025-09-09,V011,doubles,T0007,T0051,2,3,T0051,T0007,away,19,912.51,1,Thunderstorm,136
B001776,2025-12-12,V038,singles,T0116,T0082,1,1,T0082,T0116,away,9,126.32,0,Clear,881
B001777,2024-05-10,V037,singles,T0106,T0165,1,1,T0106,T0165,home,10,114.0,0,Clear,1162
B001778,2026-02-17,V021,singles,T0178,T0070,1,1,T0178,T0070,home,8,221.67,0,Harsh Sun,235
B001779,2025-11-10,V054,triples,T0151,T0165,3,3,T0151,T0165,home,18,65.45,0,Rain,781
B001780,2025-02-17,V023,doubles,T0120,T0072,2,2,T0120,T0072,home,21,306.22,1,Windy,1122
B001781,2026-01-29,V001,doubles,T0147,T0088,2,2,T0088,T0147,away,11,146.69,0,Breezy,815
B001782,2024-06-12,V037,singles,T0171,T0179,1,1,T0171,T0179,home,10,124.44,0,Clear,1168
B001783,2025-02-04,V021,doubles,T0025,T0059,2,2,T0059,T0025,away,14,0.66,0,Harsh Sun,182
B001784,2024-09-13,V024,singles,T0047,T0010,1,1,T0010,T0047,away,13,64.24,0,Windy,1008
B001785,2026-03-20,V041,singles,T0092,T0128,1,1,T0128,T0092,away,6,166.63,0,Smog,563
B001786,2024-02-08,V001,singles,T0166,T0151,1,1,T0166,T0151,home,9,103.18,0,Breezy,588
B001787,2025-04-06,V035,doubles,T0049,T0141,2,2,T0141,T0049,away,18,65.26,0,Hail,327
B001788,2025-06-18,V002,triples,T0165,T0161,3,3,T0161,T0165,away,12,77.52,0,Breezy,843
B001789,2025-07-23,V045,singles,T0080,T0067,1,1,T0080,T0067,home,10,209.67,0,Odd Aura,580
B001790,2025-09-14,V004,doubles,T0036,T0024,2,2,T0036,T0024,home,15,585.5,0,Moonless,724
B001791,2026-03-26,V053,doubles,T0064,T0005,2,2,T0064,T0005,home,14,120.33,0,Rain,413
B001792,2024-01-05,V030,singles,T0033,T0093,1,1,T0033,T0093,home,8,70.93,0,Sunny,790
B001793,2025-08-27,V052,doubles,T0165,T0152,2,2,T0165,T0152,home,7,79.81,0,Rain,645
B001794,2025-09-21,V043,singles,T0036,T0080,1,1,T0036,T0080,home,13,211.21,0,Odd Aura,924
B001795,2026-03-05,V030,singles,T0141,T0084,1,1,T0141,T0084,home,9,184.85,0,Sunny,996
B001796,2025-12-20,V009,doubles,T0006,T0038,2,2,T0038,T0006,away,13,231.24,0,High Winds,1884
B001797,2024-05-28,V041,doubles,T0175,T0131,2,2,T0131,T0175,away,12,223.56,0,Smog,483
B001798,2025-03-12,V040,singles,T0030,T0092,1,1,T0030,T0092,home,7,226.71,0,Smog,238
B001799,2025-06-05,V030,singles,T0034,T0171,1,1,T0034,T0171,home,10,88.8,0,Sunny,958
B001800,2024-12-16,V012,doubles,T0064,T0027,2,2,T0027,T0064,away,11,47.06,0,Thunderstorm,1111
B001801,2026-02-26,V013,doubles,T0133,T0161,2,2,T0133,T0161,home,11,122.46,0,Glittering,1914
B001802,2025-06-17,V033,singles,T0084,T0108,1,1,T0108,T0084,away,12,72.53,0,Dusty,1692
B001803,2025-08-13,V018,singles,T0127,T0032,1,1,T0032,T0127,away,4,301.7,0,Clear,1561
B001804,2025-03-05,V003,doubles,T0013,T0150,2,2,T0150,T0013,away,10,6.44,0,Breezy,504
B001805,2024-04-11,V009,doubles,T0014,T0094,2,2,T0014,T0094,home,11,73.98,0,High Winds,2093
B001806,2025-10-25,V021,doubles,T0074,T0136,2,2,T0136,T0074,away,20,78.88,1,Harsh Sun,265
B001807,2025-01-07,V020,singles,T0068,T0120,1,1,T0068,T0120,home,8,41.65,0,Harsh Sun,1837
B001808,2025-01-15,V004,doubles,T0167,T0123,2,2,T0167,T0123,home,15,24.44,0,Moonless,569
B001809,2024-02-10,V019,singles,T0084,T0169,1,1,T0084,T0169,home,11,159.19,0,Harsh Sun,890
B001810,2025-10-12,V044,triples,T0172,T0022,3,3,T0022,T0172,away,24,120.72,1,Odd Aura,1348
B001811,2025-12-26,V019,singles,T0069,T0009,1,1,T0009,T0069,away,11,75.92,0,Harsh Sun,1090
B001812,2026-03-21,V047,singles,T0177,T0095,1,1,T0095,T0177,away,10,97.13,0,Sandstorm,283
B001813,2025-05-17,V018,doubles,T0051,T0024,2,2,T0051,T0024,home,21,63.16,1,Clear,1581
B001814,2025-08-23,V035,doubles,T0004,T0155,2,2,T0155,T0004,away,13,299.31,0,Hail,417
B001815,2024-12-07,V020,singles,T0078,T0057,1,1,T0057,T0078,away,12,193.67,0,Harsh Sun,1583
B001816,2025-04-05,V012,doubles,T0030,T0040,2,2,T0030,T0040,home,13,3.66,0,Thunderstorm,1000
B001817,2025-04-30,V024,doubles,T0121,T0142,2,2,T0142,T0121,away,13,475.55,0,Windy,831
B001818,2025-10-13,V009,singles,T0026,T0178,1,1,T0178,T0026,away,11,104.09,0,High Winds,2255
B001819,2024-10-05,V049,singles,T0067,T0085,1,1,T0085,T0067,away,7,32.5,0,Overcast,716
B001820,2026-01-16,V030,doubles,T0032,T0127,2,2,T0127,T0032,away,15,22.54,0,Sunny,858
B001821,2024-07-04,V015,doubles,T0065,T0031,2,2,T0065,T0031,home,7,129.83,0,Glittering,159
B001822,2024-10-26,V012,singles,T0030,T0003,1,1,T0003,T0030,away,14,107.12,0,Thunderstorm,969
B001823,2025-12-04,V002,singles,T0159,T0049,1,1,T0159,T0049,home,9,20.09,0,Breezy,797
B001824,2025-10-05,V007,singles,T0115,T0029,1,1,T0029,T0115,away,9,102.98,0,High Winds,1359
B001825,2025-09-19,V034,triples,T0126,T0130,3,3,T0126,T0130,home,17,254.24,0,Hail,1130
B001826,2024-09-23,V043,singles,T0032,T0066,1,1,T0032,T0066,home,9,235.37,0,Odd Aura,973
B001827,2025-05-26,V040,singles,T0056,T0029,1,1,T0056,T0029,home,12,20.16,0,Smog,265
B001828,2025-07-09,V032,doubles,T0044,T0072,2,2,T0044,T0072,home,13,136.78,0,Dusty,1233
B001829,2024-06-29,V011,doubles,T0102,T0029,2,2,T0102,T0029,home,13,395.17,0,Thunderstorm,139
B001830,2024-05-05,V015,singles,T0122,T0015,1,1,T0122,T0015,home,6,121.12,0,Glittering,150
B001831,2026-01-20,V039,doubles,T0112,T0156,2,2,T0156,T0112,away,24,51.76,1,Clear,618
B001832,2025-10-10,V008,singles,T0015,T0024,1,1,T0015,T0024,home,13,148.09,0,High Winds,289
B001833,2024-06-20,V054,doubles,T0090,T0161,2,2,T0161,T0090,away,12,43.22,0,Rain,518
B001834,2024-07-11,V022,singles,T0125,T0122,1,1,T0125,T0122,home,5,219.9,0,Windy,837
B001835,2025-02-20,V021,singles,T0037,T0028,1,1,T0028,T0037,away,10,151.5,0,Harsh Sun,194
B001836,2025-01-05,V028,singles,T0126,T0038,1,1,T0126,T0038,home,8,119.33,0,Sunny,745
B001837,2025-08-18,V020,singles,T0105,T0030,1,1,T0030,T0105,away,10,142.88,0,Harsh Sun,1792
B001838,2024-07-19,V034,triples,T0011,T0032,3,3,T0032,T0011,away,10,615.66,0,Hail,1700
B001839,2025-11-24,V045,doubles,T0112,T0080,2,2,T0080,T0112,away,11,96.52,0,Odd Aura,523
B001840,2024-11-04,V041,doubles,T0163,T0154,2,2,T0163,T0154,home,14,414.33,0,Smog,603
B001841,2025-06-28,V035,doubles,T0005,T0178,2,2,T0005,T0178,home,15,336.69,0,Hail,369
B001842,2024-09-21,V049,doubles,T0170,T0026,2,2,T0170,T0026,home,12,619.3,0,Overcast,761
B001843,2024-02-01,V025,singles,T0149,T0025,1,1,T0025,T0149,away,13,28.56,0,Fog,931
B001844,2024-08-13,V011,doubles,T0131,T0173,2,2,T0131,T0173,home,17,93.64,0,Thunderstorm,171
B001845,2025-05-10,V024,triples,T0158,T0124,3,3,T0124,T0158,away,18,201.45,0,Windy,685
B001846,2025-08-11,V011,singles,T0050,T0036,1,1,T0036,T0050,away,16,32.54,0,Thunderstorm,139
B001847,2025-10-03,V001,doubles,T0069,T0123,2,2,T0123,T0069,away,18,248.35,1,Breezy,748
B001848,2025-11-17,V040,singles,T0126,T0180,1,1,T0180,T0126,away,12,115.71,0,Smog,252
B001849,2025-01-04,V013,doubles,T0066,T0017,2,2,T0066,T0017,home,14,77.37,0,Glittering,1545
B001850,2024-05-09,V004,doubles,T0139,T0141,2,2,T0139,T0141,home,21,334.62,1,Moonless,648
B001851,2025-10-27,V044,singles,T0067,T0008,1,1,T0067,T0008,home,12,53.43,0,Odd Aura,1514
B001852,2024-06-02,V009,doubles,T0074,T0056,2,2,T0056,T0074,away,12,111.04,0,High Winds,1714
B001853,2025-01-25,V052,doubles,T0063,T0108,2,2,T0063,T0108,home,16,186.58,0,Rain,729
B001854,2026-03-15,V013,singles,T0133,T0167,1,1,T0167,T0133,away,5,175.7,0,Glittering,1819
B001855,2025-09-27,V050,doubles,T0082,T0003,2,2,T0003,T0082,away,20,147.35,1,Overcast,183
B001856,2025-01-07,V006,singles,T0048,T0058,1,1,T0058,T0048,away,12,111.3,0,Moonless,484
B001857,2025-04-03,V036,singles,T0159,T0178,1,1,T0159,T0178,home,12,10.57,0,Hail,721
B001858,2024-11-26,V050,triples,T0100,T0018,3,3,T0100,T0018,home,22,191.81,1,Overcast,170
B001859,2025-12-11,V037,triples,T0016,T0173,3,3,T0016,T0173,home,19,420.13,0,Clear,1054
B001860,2024-07-29,V027,singles,T0060,T0082,1,1,T0060,T0082,home,11,184.89,0,Fog,727
B001861,2025-07-13,V007,singles,T0166,T0034,1,1,T0166,T0034,home,7,251.84,0,High Winds,1388
B001862,2024-12-28,V005,doubles,T0082,T0150,2,2,T0082,T0150,home,14,90.95,0,Moonless,1144
B001863,2024-09-22,V029,singles,T0108,T0145,1,1,T0108,T0145,home,12,169.32,0,Sunny,499
B001864,2025-05-29,V019,triples,T0017,T0105,3,3,T0105,T0017,away,10,346.73,0,Harsh Sun,1099
B001865,2026-01-18,V048,doubles,T0054,T0044,2,1,T0054,T0044,home,11,580.24,0,Sandstorm,2158
B001866,2024-05-01,V023,doubles,T0125,T0111,2,2,T0111,T0125,away,15,144.36,0,Windy,1367
B001867,2025-06-21,V045,doubles,T0063,T0070,2,2,T0063,T0070,home,12,193.63,0,Odd Aura,507
B001868,2025-03-07,V013,doubles,T0002,T0119,2,2,T0002,T0119,home,7,265.65,0,Glittering,1569
B001869,2025-12-20,V050,doubles,T0012,T0018,2,2,T0018,T0012,away,8,181.85,0,Overcast,198
B001870,2025-06-21,V038,doubles,T0141,T0094,2,2,T0141,T0094,home,10,318.4,0,Clear,676
B001871,2025-08-10,V020,triples,T0123,T0090,3,3,T0123,T0090,home,12,184.24,0,Harsh Sun,1723
B001872,2025-07-13,V007,singles,T0074,T0135,1,1,T0074,T0135,home,14,35.77,0,High Winds,1343
B001873,2025-08-05,V038,doubles,T0042,T0121,2,2,T0121,T0042,away,12,421.71,0,Clear,817
B001874,2025-02-11,V020,triples,T0088,T0074,3,3,T0088,T0074,home,23,570.71,0,Harsh Sun,1802
B001875,2025-10-01,V041,doubles,T0145,T0076,2,2,T0145,T0076,home,9,240.04,0,Smog,554
B001876,2025-02-21,V020,singles,T0016,T0037,1,2,T0037,T0016,away,11,502.08,0,Harsh Sun,1565
B001877,2025-02-09,V020,triples,T0143,T0102,3,3,T0102,T0143,away,15,310.9,0,Harsh Sun,1790
B001878,2024-03-08,V033,singles,T0105,T0112,1,1,T0112,T0105,away,9,114.07,0,Dusty,1945
B001879,2024-02-23,V015,doubles,T0137,T0031,2,2,T0137,T0031,home,9,61.23,0,Glittering,206
B001880,2024-02-23,V020,singles,T0122,T0050,1,1,T0050,T0122,away,10,269.62,0,Harsh Sun,1658
B001881,2025-12-29,V053,doubles,T0002,T0025,2,2,T0025,T0002,away,15,148.89,0,Rain,409
B001882,2025-05-08,V022,singles,T0072,T0059,1,1,T0059,T0072,away,6,259.76,0,Windy,1121
B001883,2025-01-10,V044,triples,T0012,T0061,3,3,T0012,T0061,home,11,284.17,0,Odd Aura,1493
B001884,2025-12-26,V001,doubles,T0147,T0010,2,2,T0147,T0010,home,12,99.79,0,Breezy,853
B001885,2025-07-30,V021,triples,T0112,T0056,3,3,T0112,T0056,home,17,126.43,1,Harsh Sun,249
B001886,2024-06-13,V043,doubles,T0065,T0103,2,2,T0065,T0103,home,4,52.48,0,Odd Aura,1268
B001887,2024-09-22,V031,doubles,T0101,T0129,2,2,T0129,T0101,away,12,165.09,0,Dusty,438
B001888,2025-06-12,V008,doubles,T0166,T0054,2,2,T0166,T0054,home,19,51.39,0,High Winds,249
B001889,2025-05-02,V011,singles,T0045,T0055,1,1,T0055,T0045,away,8,36.69,0,Thunderstorm,161
B001890,2026-01-22,V032,doubles,T0050,T0094,2,2,T0094,T0050,away,13,58.99,0,Dusty,1337
B001891,2024-11-21,V008,doubles,T0111,T0145,2,2,T0111,T0145,home,9,296.44,0,High Winds,298
B001892,2024-04-10,V031,doubles,T0093,T0024,2,2,T0093,T0024,home,12,131.4,0,Dusty,374
B001893,2024-08-06,V038,triples,T0109,T0142,3,3,T0109,T0142,home,23,32.23,0,Clear,778
B001894,2025-12-12,V051,singles,T0117,T0177,1,1,T0117,T0177,home,8,41.68,0,Overcast,545
B001895,2024-05-24,V002,triples,T0106,T0064,3,3,T0064,T0106,away,12,126.73,0,Breezy,1002
B001896,2024-04-08,V003,singles,T0077,T0018,1,1,T0077,T0018,home,9,43.22,0,Breezy,630
B001897,2024-04-18,V033,triples,T0078,T0154,3,3,T0154,T0078,away,11,98.65,0,Dusty,1701
B001898,2024-02-14,V011,doubles,T0123,T0101,2,2,T0101,T0123,away,11,375.63,0,Thunderstorm,128
B001899,2024-06-08,V028,singles,T0149,T0142,1,1,T0142,T0149,away,12,23.61,0,Sunny,959
B001900,2024-06-05,V052,doubles,T0150,T0165,2,2,T0165,T0150,away,15,1.53,0,Rain,693
B001901,2026-01-09,V053,doubles,T0057,T0087,2,2,T0087,T0057,away,20,119.86,1,Rain,383
B001902,2026-03-04,V020,triples,T0129,T0095,3,3,T0095,T0129,away,15,310.86,0,Harsh Sun,1623
B001903,2024-01-17,V012,doubles,T0030,T0095,2,2,T0030,T0095,home,19,15.06,1,Thunderstorm,878
B001904,2024-08-08,V013,doubles,T0106,T0135,2,2,T0135,T0106,away,13,103.83,0,Glittering,1310
B001905,2025-01-20,V033,doubles,T0091,T0161,2,2,T0161,T0091,away,16,256.02,0,Dusty,1713
B001906,2026-03-21,V006,singles,T0018,T0086,1,1,T0018,T0086,home,9,19.34,0,Moonless,454
B001907,2025-03-08,V035,singles,T0017,T0115,1,1,T0115,T0017,away,10,14.68,0,Hail,326
B001908,2025-10-02,V037,singles,T0124,T0104,1,1,T0124,T0104,home,14,107.21,0,Clear,1076
B001909,2025-02-03,V050,singles,T0176,T0072,1,1,T0176,T0072,home,6,139.41,0,Overcast,206
B001910,2024-05-18,V054,singles,T0048,T0147,1,2,T0147,T0048,away,10,646.86,0,Rain,671
B001911,2025-07-01,V003,doubles,T0056,T0179,2,2,T0056,T0179,home,11,17.8,0,Breezy,545
B001912,2025-02-07,V014,singles,T0008,T0158,1,1,T0008,T0158,home,14,231.08,0,Glittering,1941
B001913,2025-06-07,V026,singles,T0150,T0066,1,1,T0066,T0150,away,8,43.66,0,Fog,889
B001914,2024-04-18,V018,doubles,T0060,T0153,2,2,T0060,T0153,home,13,62.27,0,Clear,1530
B001915,2025-11-25,V031,doubles,T0101,T0106,2,2,T0101,T0106,home,15,317.49,0,Dusty,385
B001916,2026-01-14,V014,singles,T0021,T0100,1,1,T0021,T0100,home,8,125.22,0,Glittering,1447
B001917,2025-06-21,V024,doubles,T0113,T0142,2,1,T0113,T0142,home,12,707.83,0,Windy,883
B001918,2026-02-20,V054,triples,T0093,T0048,3,3,T0093,T0048,home,14,231.69,0,Rain,540
B001919,2025-08-07,V030,triples,T0028,T0090,3,3,T0028,T0090,home,19,523.33,0,Sunny,813
B001920,2024-08-04,V038,doubles,T0054,T0008,2,2,T0054,T0008,home,13,39.24,0,Clear,1158
B001921,2024-08-29,V038,triples,T0130,T0014,3,3,T0130,T0014,home,16,733.68,0,Clear,907
B001922,2025-03-20,V012,singles,T0084,T0080,1,1,T0080,T0084,away,7,100.95,0,Thunderstorm,1083
B001923,2025-06-22,V051,singles,T0073,T0180,1,2,T0180,T0073,away,11,450.68,0,Overcast,488
B001924,2025-06-02,V011,doubles,T0149,T0145,2,2,T0145,T0149,away,11,292.08,0,Thunderstorm,141
B001925,2024-02-22,V047,doubles,T0051,T0002,2,2,T0002,T0051,away,11,608.35,0,Sandstorm,354
B001926,2024-01-07,V030,singles,T0044,T0067,1,1,T0044,T0067,home,8,51.36,0,Sunny,860
B001927,2024-10-06,V024,singles,T0156,T0073,1,1,T0156,T0073,home,6,15.47,0,Windy,694
B001928,2024-05-03,V029,doubles,T0092,T0159,2,2,T0159,T0092,away,11,524.21,0,Sunny,530
B001929,2025-11-27,V052,doubles,T0007,T0065,2,2,T0065,T0007,away,14,114.6,0,Rain,603
B001930,2024-12-18,V051,doubles,T0034,T0088,2,2,T0034,T0088,home,11,151.71,0,Overcast,532
B001931,2024-07-17,V029,doubles,T0153,T0104,2,2,T0104,T0153,away,15,33.09,1,Sunny,462
B001932,2024-01-17,V007,doubles,T0071,T0014,2,2,T0014,T0071,away,13,150.13,0,High Winds,1466
B001933,2026-02-12,V030,singles,T0026,T0178,1,1,T0178,T0026,away,8,207.51,0,Sunny,691
B001934,2024-01-01,V007,triples,T0084,T0168,3,3,T0084,T0168,home,8,269.46,0,High Winds,1347
B001935,2024-09-08,V032,triples,T0012,T0155,3,2,T0012,T0155,home,18,492.89,0,Dusty,1602
B001936,2025-04-18,V043,doubles,T0153,T0148,2,2,T0148,T0153,away,14,82.49,0,Odd Aura,1125
B001937,2025-04-17,V002,singles,T0108,T0151,1,1,T0151,T0108,away,4,339.28,0,Breezy,1253
B001938,2024-03-14,V020,doubles,T0056,T0109,2,2,T0056,T0109,home,6,317.18,0,Harsh Sun,1493
B001939,2025-02-02,V031,singles,T0035,T0005,1,1,T0035,T0005,home,9,14.52,0,Dusty,437
B001940,2024-04-17,V038,doubles,T0041,T0093,2,2,T0041,T0093,home,15,264.82,0,Clear,608
B001941,2024-09-24,V030,singles,T0034,T0046,1,1,T0034,T0046,home,12,175.41,0,Sunny,732
B001942,2026-02-15,V024,singles,T0090,T0126,1,1,T0126,T0090,away,15,26.16,0,Windy,938
B001943,2024-12-24,V019,doubles,T0116,T0093,2,2,T0093,T0116,away,11,46.32,0,Harsh Sun,1401
B001944,2024-04-19,V052,doubles,T0179,T0061,2,2,T0179,T0061,home,10,66.62,0,Rain,714
B001945,2024-07-18,V005,doubles,T0145,T0157,2,2,T0145,T0157,home,17,16.96,1,Moonless,1133
B001946,2025-12-27,V027,doubles,T0110,T0172,2,2,T0110,T0172,home,15,26.46,1,Fog,683
B001947,2024-09-24,V029,doubles,T0108,T0071,2,2,T0108,T0071,home,13,197.51,0,Sunny,545
B001948,2024-11-30,V031,doubles,T0140,T0067,2,2,T0067,T0140,away,22,196.05,1,Dusty,403
B001949,2025-03-28,V046,singles,T0057,T0131,1,1,T0131,T0057,away,10,254.01,0,Sandstorm,576
B001950,2025-07-31,V024,singles,T0047,T0136,1,1,T0047,T0136,home,10,90.58,0,Windy,1068
B001951,2025-01-24,V008,doubles,T0061,T0140,2,2,T0061,T0140,home,10,81.74,0,High Winds,308
B001952,2024-11-05,V013,singles,T0037,T0145,1,1,T0145,T0037,away,10,157.24,0,Glittering,1699
B001953,2026-03-30,V037,doubles,T0067,T0065,2,2,T0065,T0067,away,13,485.76,0,Clear,1126
B001954,2026-03-26,V051,triples,T0094,T0174,3,3,T0094,T0174,home,19,299.57,0,Overcast,455
B001955,2024-07-09,V006,singles,T0116,T0054,1,1,T0054,T0116,away,15,282.62,0,Moonless,404
B001956,2025-08-09,V040,doubles,T0077,T0005,2,2,T0077,T0005,home,10,30.4,0,Smog,194
B001957,2025-07-13,V001,singles,T0034,T0138,1,1,T0034,T0138,home,9,173.57,0,Breezy,682
B001958,2025-01-26,V009,triples,T0153,T0097,3,2,T0153,T0097,home,13,412.44,0,High Winds,1844
B001959,2026-02-13,V039,doubles,T0170,T0099,2,2,T0170,T0099,home,17,192.2,0,Clear,776
B001960,2025-02-18,V045,triples,T0032,T0081,3,3,T0032,T0081,home,13,180.26,0,Odd Aura,591
B001961,2025-04-06,V050,doubles,T0134,T0133,2,2,T0133,T0134,away,12,44.36,0,Overcast,164
B001962,2024-02-05,V028,doubles,T0136,T0065,2,2,T0065,T0136,away,11,307.63,0,Sunny,1006
B001963,2025-08-17,V001,doubles,T0170,T0054,2,2,T0054,T0170,away,8,210.51,0,Breezy,624
B001964,2024-01-09,V005,triples,T0128,T0176,3,3,T0128,T0176,home,20,128.72,0,Moonless,1172
B001965,2024-01-04,V031,singles,T0064,T0152,1,1,T0152,T0064,away,9,37.76,0,Dusty,362
B001966,2024-07-07,V019,triples,T0031,T0119,3,2,T0031,T0119,home,24,424.04,1,Harsh Sun,507
B001967,2024-07-29,V020,doubles,T0177,T0097,2,2,T0177,T0097,home,14,123.09,0,Harsh Sun,1661
B001968,2025-09-16,V016,doubles,T0019,T0116,2,2,T0116,T0019,away,10,563.54,0,Clear,158
B001969,2025-11-07,V006,singles,T0004,T0054,1,1,T0054,T0004,away,7,257.11,0,Moonless,282
B001970,2024-12-31,V035,doubles,T0119,T0039,2,2,T0119,T0039,home,14,88.17,0,Hail,344
B001971,2025-11-20,V027,triples,T0113,T0003,3,3,T0003,T0113,away,12,40.25,0,Fog,820
B001972,2024-05-02,V041,doubles,T0114,T0112,2,2,T0112,T0114,away,12,288.81,0,Smog,606
B001973,2024-08-29,V037,singles,T0166,T0145,1,1,T0166,T0145,home,10,350.33,0,Clear,1115
B001974,2025-05-02,V026,doubles,T0150,T0017,2,2,T0150,T0017,home,12,44.21,0,Fog,376
B001975,2024-03-10,V013,doubles,T0004,T0018,2,2,T0004,T0018,home,16,40.26,0,Glittering,1606
B001976,2025-11-04,V022,singles,T0118,T0037,1,1,T0118,T0037,home,17,160.43,0,Windy,1116
B001977,2026-01-09,V041,singles,T0095,T0125,1,2,T0125,T0095,away,6,265.48,0,Smog,463
B001978,2024-10-01,V048,singles,T0119,T0133,1,1,T0133,T0119,away,12,23.09,0,Sandstorm,2204
B001979,2024-09-26,V028,doubles,T0133,T0072,2,3,T0072,T0133,away,12,0.12,0,Sunny,625
B001980,2025-12-21,V034,singles,T0050,T0163,1,1,T0050,T0163,home,13,193.31,0,Hail,1544
B001981,2025-10-14,V051,doubles,T0044,T0118,2,2,T0044,T0118,home,14,81.93,0,Overcast,445
B001982,2024-09-13,V007,singles,T0144,T0038,1,1,T0038,T0144,away,6,57.11,0,High Winds,984
B001983,2024-04-14,V002,singles,T0122,T0072,1,1,T0072,T0122,away,10,14.26,0,Breezy,706
B001984,2025-11-24,V023,singles,T0112,T0092,1,1,T0112,T0092,home,4,73.51,0,Windy,1172
B001985,2025-04-09,V023,singles,T0103,T0060,1,1,T0103,T0060,home,11,214.23,0,Windy,1242
B001986,2026-03-22,V048,singles,T0151,T0129,1,1,T0151,T0129,home,12,5.6,0,Sandstorm,1859
B001987,2025-12-31,V030,doubles,T0004,T0044,2,2,T0044,T0004,away,14,260.62,0,Sunny,759
B001988,2024-05-14,V046,triples,T0116,T0160,3,3,T0116,T0160,home,12,222.01,0,Sandstorm,460
B001989,2024-11-27,V002,triples,T0162,T0004,3,3,T0162,T0004,home,15,450.17,0,Breezy,1424
B001990,2024-05-24,V013,doubles,T0030,T0110,2,2,T0110,T0030,away,11,78.47,0,Glittering,1658
B001991,2025-04-22,V045,singles,T0100,T0121,1,1,T0100,T0121,home,12,61.7,0,Odd Aura,421
B001992,2025-11-11,V017,doubles,T0121,T0074,2,2,T0121,T0074,home,13,553.19,0,Clear,467
B001993,2024-08-09,V010,singles,T0127,T0085,1,1,T0085,T0127,away,13,278.57,0,Thunderstorm,666
B001994,2024-04-26,V004,singles,T0155,T0149,1,1,T0149,T0155,away,12,16.23,0,Moonless,577
B001995,2024-04-19,V035,triples,T0073,T0159,3,3,T0159,T0073,away,13,78.79,0,Hail,250
B001996,2024-01-28,V046,doubles,T0007,T0108,2,2,T0108,T0007,away,24,310.84,1,Sandstorm,527
B001997,2025-05-24,V034,triples,T0143,T0050,3,3,T0050,T0143,away,10,459.9,0,Hail,1610
B001998,2025-09-16,V021,doubles,T0015,T0010,2,1,T0015,T0010,home,16,771.31,0,Harsh Sun,244
B001999,2025-07-29,V037,doubles,T0013,T0128,2,2,T0013,T0128,home,13,142.96,0,Clear,1228
B002000,2025-06-02,V048,triples,T0160,T0169,3,3,T0169,T0160,away,24,200.39,1,Sandstorm,2500
B002001,2025-05-02,V038,triples,T0109,T0174,3,3,T0174,T0109,away,17,383.49,0,Clear,963
B002002,2026-02-15,V012,doubles,T0128,T0154,2,2,T0128,T0154,home,14,511.13,0,Thunderstorm,1114
B002003,2026-02-24,V014,singles,T0156,T0110,1,1,T0110,T0156,away,8,48.22,0,Glittering,1480
B002004,2024-02-22,V005,doubles,T0013,T0016,2,2,T0013,T0016,home,16,499.39,0,Moonless,1107
B002005,2024-11-06,V016,doubles,T0101,T0085,2,2,T0101,T0085,home,10,248.0,0,Clear,137
B002006,2025-07-25,V019,singles,T0177,T0019,1,1,T0019,T0177,away,8,17.42,0,Harsh Sun,1193
B002007,2025-12-20,V023,triples,T0115,T0152,3,3,T0152,T0115,away,16,107.44,0,Windy,1270
B002008,2025-11-18,V010,doubles,T0095,T0167,2,2,T0095,T0167,home,10,146.42,0,Thunderstorm,615
B002009,2025-09-08,V029,triples,T0040,T0145,3,3,T0040,T0145,home,24,602.26,1,Sunny,496
B002010,2025-09-26,V047,singles,T0076,T0050,1,1,T0076,T0050,home,10,20.17,0,Sandstorm,362
B002011,2025-09-22,V025,doubles,T0122,T0161,2,2,T0161,T0122,away,14,292.03,0,Fog,1296
B002012,2025-01-08,V009,singles,T0148,T0165,1,1,T0148,T0165,home,11,137.53,0,High Winds,1840
B002013,2025-02-19,V037,doubles,T0147,T0149,2,2,T0147,T0149,home,13,248.04,0,Clear,1022
B002014,2024-03-04,V003,singles,T0050,T0130,1,1,T0130,T0050,away,14,133.77,0,Breezy,567
B002015,2024-11-22,V015,singles,T0095,T0154,1,1,T0095,T0154,home,6,50.78,0,Glittering,141
B002016,2026-02-19,V036,singles,T0082,T0073,1,1,T0082,T0073,home,14,3.05,0,Hail,762
B002017,2024-04-01,V003,doubles,T0056,T0063,2,2,T0063,T0056,away,12,3.98,0,Breezy,652
B002018,2024-08-24,V014,triples,T0088,T0079,3,3,T0088,T0079,home,21,109.93,1,Glittering,1480
B002019,2026-03-27,V031,doubles,T0101,T0080,2,2,T0101,T0080,home,7,247.95,0,Dusty,411
B002020,2024-12-15,V023,doubles,T0162,T0072,2,2,T0162,T0072,home,21,95.28,1,Windy,1204
B002021,2025-05-11,V050,triples,T0012,T0063,3,3,T0063,T0012,away,14,493.26,0,Overcast,177
B002022,2025-11-10,V053,singles,T0170,T0095,1,1,T0095,T0170,away,11,11.98,0,Rain,427
B002023,2025-11-15,V022,triples,T0164,T0002,3,3,T0002,T0164,away,14,345.59,0,Windy,1292
B002024,2024-05-09,V040,triples,T0126,T0102,3,3,T0126,T0102,home,13,60.21,0,Smog,257
B002025,2025-11-14,V022,doubles,T0107,T0087,2,2,T0107,T0087,home,18,48.09,0,Windy,1030
B002026,2026-01-28,V019,singles,T0175,T0008,1,1,T0175,T0008,home,11,72.71,0,Harsh Sun,741
B002027,2025-11-22,V007,singles,T0166,T0019,1,1,T0019,T0166,away,9,10.49,0,High Winds,1505
B002028,2024-04-20,V036,singles,T0103,T0036,1,1,T0103,T0036,home,12,248.32,0,Hail,751
B002029,2025-06-24,V025,singles,T0037,T0117,1,1,T0117,T0037,away,9,134.29,0,Fog,924
B002030,2025-05-24,V045,singles,T0049,T0119,1,1,T0049,T0119,home,12,43.92,0,Odd Aura,517
B002031,2025-08-12,V036,singles,T0108,T0048,1,1,T0108,T0048,home,10,126.63,0,Hail,831
B002032,2025-07-24,V015,doubles,T0126,T0102,2,2,T0126,T0102,home,16,583.6,0,Glittering,141
B002033,2026-01-10,V032,singles,T0089,T0124,1,1,T0089,T0124,home,18,70.1,0,Dusty,1211
B002034,2024-07-21,V046,doubles,T0107,T0004,2,2,T0107,T0004,home,11,238.88,0,Sandstorm,503
B002035,2025-01-08,V051,singles,T0102,T0071,1,1,T0071,T0102,away,9,42.4,0,Overcast,628
B002036,2026-02-18,V044,doubles,T0066,T0009,2,2,T0066,T0009,home,18,306.54,0,Odd Aura,1518
B002037,2024-05-17,V035,singles,T0075,T0009,1,1,T0009,T0075,away,10,259.63,0,Hail,278
B002038,2026-02-18,V031,doubles,T0076,T0038,2,2,T0076,T0038,home,11,455.07,0,Dusty,408
B002039,2025-12-13,V007,singles,T0168,T0144,1,1,T0168,T0144,home,7,33.43,0,High Winds,1197
B002040,2025-05-27,V033,doubles,T0176,T0044,2,2,T0176,T0044,home,4,17.04,0,Dusty,1693
B002041,2025-09-21,V017,singles,T0009,T0015,1,1,T0015,T0009,away,7,38.83,0,Clear,786
B002042,2024-12-08,V041,singles,T0168,T0045,1,1,T0045,T0168,away,4,36.82,0,Smog,504
B002043,2025-05-28,V019,singles,T0165,T0139,1,1,T0165,T0139,home,10,66.79,0,Harsh Sun,1307
B002044,2025-11-25,V013,triples,T0064,T0042,3,3,T0042,T0064,away,15,263.54,0,Glittering,1788
B002045,2025-06-26,V043,triples,T0144,T0153,3,3,T0144,T0153,home,24,93.37,1,Odd Aura,1181
B002046,2025-11-21,V015,singles,T0136,T0036,1,1,T0136,T0036,home,13,82.53,0,Glittering,143
B002047,2025-01-09,V021,triples,T0083,T0047,3,3,T0083,T0047,home,13,270.94,0,Harsh Sun,302
B002048,2025-06-29,V020,singles,T0120,T0026,1,1,T0120,T0026,home,9,153.83,0,Harsh Sun,1528
B002049,2024-01-12,V019,singles,T0043,T0059,1,1,T0043,T0059,home,8,68.05,0,Harsh Sun,1104
B002050,2025-09-11,V045,doubles,T0009,T0121,2,2,T0009,T0121,home,15,134.8,0,Odd Aura,497
B002051,2025-12-21,V034,singles,T0014,T0028,1,1,T0028,T0014,away,5,89.98,0,Hail,1506
B002052,2026-02-13,V051,doubles,T0132,T0168,2,2,T0168,T0132,away,16,133.28,0,Overcast,496
B002053,2026-03-12,V043,doubles,T0150,T0093,2,2,T0150,T0093,home,10,125.92,0,Odd Aura,860
B002054,2025-11-28,V010,singles,T0013,T0009,1,1,T0013,T0009,home,10,69.3,0,Thunderstorm,693
B002055,2025-01-08,V048,doubles,T0119,T0053,2,2,T0119,T0053,home,14,349.33,0,Sandstorm,1938
B002056,2025-06-27,V021,triples,T0010,T0085,3,3,T0010,T0085,home,18,387.04,0,Harsh Sun,180
B002057,2025-02-08,V037,doubles,T0118,T0083,2,2,T0118,T0083,home,19,77.31,1,Clear,1060
B002058,2025-12-11,V018,triples,T0002,T0148,3,3,T0148,T0002,away,13,215.87,0,Clear,1232
B002059,2025-08-04,V029,doubles,T0098,T0145,2,2,T0145,T0098,away,13,99.4,0,Sunny,428
B002060,2025-09-26,V006,doubles,T0153,T0114,2,2,T0114,T0153,away,15,23.09,0,Moonless,490
B002061,2025-12-24,V050,singles,T0054,T0016,1,1,T0016,T0054,away,4,170.93,0,Overcast,153
B002062,2024-06-17,V019,doubles,T0143,T0092,2,2,T0143,T0092,home,13,372.89,0,Harsh Sun,995
B002063,2024-10-10,V005,singles,T0082,T0032,1,1,T0032,T0082,away,11,5.1,0,Moonless,1052
B002064,2024-10-31,V051,singles,T0095,T0173,1,1,T0095,T0173,home,4,166.64,0,Overcast,459
B002065,2024-08-06,V030,doubles,T0078,T0129,2,2,T0129,T0078,away,12,158.51,0,Sunny,739
B002066,2024-06-07,V007,doubles,T0137,T0129,2,2,T0129,T0137,away,10,240.05,0,High Winds,1315
B002067,2025-11-30,V040,singles,T0036,T0052,1,1,T0036,T0052,home,10,229.6,0,Smog,270
B002068,2024-01-15,V010,singles,T0168,T0144,1,1,T0144,T0168,away,8,7.98,0,Thunderstorm,584
B002069,2024-02-29,V022,doubles,T0020,T0146,2,2,T0020,T0146,home,16,13.83,0,Windy,950
B002070,2025-06-07,V031,doubles,T0060,T0055,2,2,T0055,T0060,away,10,223.84,0,Dusty,431
B002071,2024-10-15,V033,doubles,T0111,T0076,2,2,T0111,T0076,home,11,139.81,0,Dusty,1728
B002072,2026-01-13,V023,singles,T0127,T0048,1,1,T0127,T0048,home,4,34.55,0,Windy,1182
B002073,2025-10-03,V052,singles,T0136,T0141,1,1,T0136,T0141,home,14,128.41,0,Rain,589
B002074,2024-02-28,V049,triples,T0151,T0083,3,3,T0151,T0083,home,9,272.96,0,Overcast,693
B002075,2025-06-30,V033,doubles,T0052,T0129,2,2,T0129,T0052,away,14,158.99,0,Dusty,1789
B002076,2025-06-22,V051,singles,T0100,T0008,1,1,T0100,T0008,home,12,169.29,0,Overcast,497
B002077,2025-09-16,V008,triples,T0176,T0093,3,3,T0093,T0176,away,22,29.68,0,High Winds,361
B002078,2025-03-09,V051,doubles,T0117,T0135,2,2,T0117,T0135,home,8,495.68,0,Overcast,389
B002079,2024-06-11,V042,doubles,T0024,T0107,2,2,T0107,T0024,away,14,157.94,0,Smog,794
B002080,2025-04-20,V025,singles,T0150,T0017,1,1,T0150,T0017,home,13,192.21,0,Fog,986
B002081,2024-05-15,V047,triples,T0161,T0008,3,3,T0008,T0161,away,16,154.84,0,Sandstorm,400
B002082,2024-03-30,V044,doubles,T0082,T0140,2,2,T0082,T0140,home,14,49.07,0,Odd Aura,1481
B002083,2025-01-26,V041,singles,T0167,T0071,1,1,T0071,T0167,away,8,104.89,0,Smog,613
B002084,2025-08-14,V022,triples,T0103,T0155,3,3,T0155,T0103,away,9,142.86,0,Windy,1374
B002085,2024-11-29,V054,singles,T0058,T0048,1,1,T0058,T0048,home,5,15.59,0,Rain,671
B002086,2025-04-24,V005,singles,T0164,T0153,1,1,T0153,T0164,away,10,315.12,0,Moonless,1233
B002087,2024-06-27,V011,singles,T0129,T0048,1,1,T0048,T0129,away,7,108.55,0,Thunderstorm,164
B002088,2024-03-17,V040,singles,T0106,T0079,1,2,T0079,T0106,away,7,309.4,0,Smog,249
B002089,2025-06-19,V021,triples,T0152,T0156,3,3,T0152,T0156,home,14,127.3,0,Harsh Sun,241
B002090,2025-05-24,V041,singles,T0134,T0095,1,1,T0095,T0134,away,5,182.43,0,Smog,902
B002091,2024-08-24,V027,doubles,T0180,T0160,2,2,T0160,T0180,away,14,111.36,0,Fog,667
B002092,2025-05-25,V009,doubles,T0167,T0005,2,2,T0005,T0167,away,12,529.79,0,High Winds,1778
B002093,2024-07-17,V012,triples,T0129,T0087,3,3,T0129,T0087,home,14,268.6,0,Thunderstorm,1049
B002094,2024-10-21,V012,triples,T0104,T0069,3,3,T0069,T0104,away,10,50.32,0,Thunderstorm,903
B002095,2025-10-24,V027,singles,T0026,T0045,1,1,T0045,T0026,away,18,18.0,0,Fog,641
B002096,2024-10-29,V007,doubles,T0039,T0099,2,2,T0099,T0039,away,23,142.75,1,High Winds,1388
B002097,2024-11-28,V026,triples,T0150,T0032,3,3,T0032,T0150,away,24,177.51,1,Fog,839
B002098,2024-04-24,V019,doubles,T0141,T0060,2,3,T0060,T0141,away,11,291.86,0,Harsh Sun,711
B002099,2025-09-12,V017,triples,T0003,T0069,3,3,T0069,T0003,away,20,216.54,1,Clear,828
B002100,2024-04-01,V042,triples,T0148,T0048,3,3,T0148,T0048,home,21,138.39,1,Smog,595
B002101,2025-11-05,V010,doubles,T0006,T0159,2,1,T0006,T0159,home,9,651.57,0,Thunderstorm,379
B002102,2025-10-09,V034,singles,T0149,T0105,1,1,T0105,T0149,away,8,28.41,0,Hail,1637
B002103,2024-02-18,V026,doubles,T0049,T0039,2,2,T0049,T0039,home,24,134.25,1,Fog,878
B002104,2024-11-29,V045,singles,T0118,T0065,1,1,T0065,T0118,away,4,187.29,0,Odd Aura,614
B002105,2024-03-18,V033,triples,T0004,T0145,3,3,T0145,T0004,away,13,61.13,0,Dusty,1909
B002106,2025-01-03,V022,doubles,T0164,T0071,2,2,T0071,T0164,away,13,40.95,0,Windy,1055
B002107,2025-09-22,V004,doubles,T0169,T0168,2,2,T0169,T0168,home,16,6.04,0,Moonless,725
B002108,2024-04-15,V019,triples,T0020,T0002,3,3,T0020,T0002,home,14,295.41,0,Harsh Sun,1077
B002109,2025-07-03,V045,singles,T0009,T0036,1,1,T0009,T0036,home,12,203.7,0,Odd Aura,567
B002110,2024-04-27,V001,singles,T0076,T0025,1,1,T0025,T0076,away,5,34.16,0,Breezy,549
B002111,2024-12-26,V030,doubles,T0014,T0046,2,2,T0046,T0014,away,15,80.14,0,Sunny,791
B002112,2024-10-18,V003,singles,T0175,T0145,1,1,T0175,T0145,home,12,115.78,0,Breezy,438
B002113,2025-09-30,V044,singles,T0006,T0055,1,1,T0006,T0055,home,7,232.19,0,Odd Aura,1536
B002114,2024-11-29,V009,doubles,T0064,T0070,2,2,T0064,T0070,home,14,112.22,0,High Winds,2287
B002115,2025-04-22,V014,doubles,T0128,T0031,2,2,T0128,T0031,home,16,430.39,0,Glittering,1618
B002116,2025-01-23,V008,doubles,T0095,T0004,2,2,T0095,T0004,home,11,369.95,0,High Winds,323
B002117,2025-01-31,V050,triples,T0180,T0136,3,3,T0136,T0180,away,24,127.16,1,Overcast,175
B002118,2024-02-19,V054,singles,T0017,T0131,1,1,T0017,T0131,home,13,289.67,0,Rain,586
B002119,2025-06-04,V026,singles,T0010,T0078,1,1,T0078,T0010,away,4,137.27,0,Fog,682
B002120,2025-02-09,V021,triples,T0081,T0114,3,3,T0081,T0114,home,11,15.52,0,Harsh Sun,216
B002121,2024-12-24,V034,singles,T0026,T0062,1,1,T0062,T0026,away,4,45.06,0,Hail,1442
B002122,2024-05-18,V030,doubles,T0079,T0007,2,2,T0007,T0079,away,17,17.58,1,Sunny,736
B002123,2025-03-06,V042,doubles,T0116,T0073,2,2,T0116,T0073,home,15,255.97,0,Smog,424
B002124,2024-03-13,V048,doubles,T0163,T0005,2,2,T0005,T0163,away,11,16.8,0,Sandstorm,2052
B002125,2024-07-26,V005,singles,T0078,T0091,1,1,T0078,T0091,home,7,66.97,0,Moonless,1089
B002126,2025-07-07,V024,singles,T0135,T0017,1,1,T0135,T0017,home,9,165.15,0,Windy,706
B002127,2025-06-07,V054,doubles,T0107,T0166,2,1,T0107,T0166,home,12,815.11,0,Rain,425
B002128,2024-08-04,V015,doubles,T0147,T0074,2,2,T0147,T0074,home,13,284.43,0,Glittering,197
B002129,2024-08-15,V037,triples,T0087,T0138,3,3,T0138,T0087,away,14,36.26,0,Clear,1068
B002130,2024-04-18,V007,singles,T0083,T0046,1,1,T0046,T0083,away,8,9.11,0,High Winds,1281
B002131,2025-04-22,V023,doubles,T0031,T0105,2,2,T0031,T0105,home,14,296.65,0,Windy,1227
B002132,2024-08-26,V002,triples,T0009,T0169,3,3,T0009,T0169,home,14,50.33,0,Breezy,1119
B002133,2024-04-01,V005,singles,T0013,T0075,1,1,T0013,T0075,home,8,179.3,0,Moonless,1189
B002134,2024-04-18,V012,triples,T0030,T0084,3,3,T0084,T0030,away,11,187.7,0,Thunderstorm,1014
B002135,2026-01-28,V035,doubles,T0121,T0138,2,2,T0121,T0138,home,13,50.19,0,Hail,369
B002136,2025-02-07,V005,doubles,T0089,T0107,2,2,T0089,T0107,home,12,47.89,0,Moonless,997
B002137,2025-09-30,V035,doubles,T0124,T0128,2,2,T0128,T0124,away,12,14.0,0,Hail,400
B002138,2025-01-14,V046,singles,T0110,T0086,1,2,T0086,T0110,away,13,874.03,0,Sandstorm,538
B002139,2024-08-26,V024,triples,T0080,T0031,3,3,T0080,T0031,home,9,135.82,0,Windy,881
B002140,2025-10-02,V036,singles,T0143,T0113,1,2,T0113,T0143,away,4,529.14,0,Hail,669
B002141,2024-04-16,V005,doubles,T0175,T0080,2,2,T0080,T0175,away,9,36.21,0,Moonless,848
B002142,2024-07-26,V034,doubles,T0051,T0087,2,2,T0087,T0051,away,11,73.18,0,Hail,1664
B002143,2024-06-06,V007,singles,T0143,T0138,1,1,T0143,T0138,home,10,131.4,0,High Winds,1477
B002144,2025-03-14,V044,singles,T0006,T0121,1,1,T0121,T0006,away,8,147.33,0,Odd Aura,1151
B002145,2025-06-20,V010,singles,T0014,T0143,1,1,T0143,T0014,away,15,155.66,0,Thunderstorm,304
B002146,2024-01-28,V019,doubles,T0068,T0172,2,2,T0172,T0068,away,18,9.32,1,Harsh Sun,985
B002147,2024-04-30,V009,singles,T0060,T0032,1,1,T0032,T0060,away,12,324.4,0,High Winds,2289
B002148,2025-10-17,V045,doubles,T0033,T0118,2,2,T0118,T0033,away,10,123.25,0,Odd Aura,392
B002149,2026-01-26,V045,doubles,T0017,T0043,2,2,T0017,T0043,home,12,333.94,0,Odd Aura,487
B002150,2025-06-26,V043,triples,T0105,T0091,3,3,T0091,T0105,away,19,259.17,0,Odd Aura,667
B002151,2024-12-26,V024,triples,T0091,T0001,3,3,T0001,T0091,away,15,298.94,0,Windy,1175
B002152,2024-03-19,V054,triples,T0094,T0009,3,3,T0009,T0094,away,24,64.15,1,Rain,462
B002153,2024-11-17,V042,triples,T0105,T0176,3,3,T0105,T0176,home,12,157.44,0,Smog,562
B002154,2025-06-06,V022,doubles,T0164,T0081,2,2,T0081,T0164,away,13,10.31,0,Windy,974
B002155,2024-07-02,V028,doubles,T0031,T0077,2,3,T0077,T0031,away,12,654.55,0,Sunny,929
B002156,2024-05-26,V022,doubles,T0049,T0031,2,2,T0031,T0049,away,11,36.75,0,Windy,1040
B002157,2024-03-18,V047,doubles,T0050,T0106,2,2,T0106,T0050,away,16,14.52,1,Sandstorm,307
B002158,2024-11-27,V051,doubles,T0141,T0110,2,2,T0141,T0110,home,10,69.56,0,Overcast,416
B002159,2024-10-08,V003,doubles,T0080,T0159,2,2,T0159,T0080,away,12,26.99,0,Breezy,452
B002160,2026-02-12,V035,triples,T0026,T0104,3,3,T0104,T0026,away,22,71.07,1,Hail,374
B002161,2025-01-20,V030,doubles,T0119,T0160,2,2,T0119,T0160,home,14,116.14,0,Sunny,736
B002162,2024-07-12,V047,doubles,T0017,T0031,2,2,T0031,T0017,away,10,207.34,0,Sandstorm,367
B002163,2026-03-30,V004,singles,T0036,T0149,1,2,T0149,T0036,away,8,512.52,0,Moonless,688
B002164,2026-02-26,V038,triples,T0068,T0102,3,3,T0068,T0102,home,24,181.1,1,Clear,895
B002165,2025-09-10,V034,singles,T0118,T0162,1,1,T0118,T0162,home,8,69.68,0,Hail,1453
B002166,2026-02-28,V013,singles,T0175,T0060,1,2,T0060,T0175,away,9,426.75,0,Glittering,1487
B002167,2024-08-19,V003,doubles,T0033,T0052,2,2,T0033,T0052,home,19,335.05,0,Breezy,544
B002168,2024-06-18,V007,doubles,T0140,T0078,2,2,T0078,T0140,away,15,208.62,1,High Winds,1464
B002169,2024-03-01,V004,doubles,T0054,T0095,2,2,T0095,T0054,away,10,243.18,0,Moonless,631
B002170,2024-07-27,V048,singles,T0108,T0175,1,1,T0108,T0175,home,10,384.16,0,Sandstorm,2116
B002171,2024-06-10,V053,triples,T0103,T0073,3,3,T0103,T0073,home,12,125.79,0,Rain,543
B002172,2025-05-25,V006,doubles,T0063,T0014,2,1,T0063,T0014,home,11,485.19,0,Moonless,510
B002173,2026-01-28,V024,doubles,T0136,T0134,2,2,T0136,T0134,home,13,108.85,0,Windy,764
B002174,2025-10-28,V009,singles,T0161,T0176,1,1,T0176,T0161,away,11,186.66,0,High Winds,2102
B002175,2026-01-30,V034,triples,T0128,T0177,3,3,T0128,T0177,home,13,254.85,0,Hail,1198
B002176,2024-12-04,V033,singles,T0061,T0161,1,1,T0161,T0061,away,5,89.19,0,Dusty,1893
B002177,2024-10-05,V012,triples,T0155,T0152,3,3,T0155,T0152,home,13,151.39,0,Thunderstorm,1077
B002178,2024-12-12,V013,triples,T0155,T0075,3,3,T0155,T0075,home,8,347.16,0,Glittering,1465
B002179,2024-07-19,V004,singles,T0110,T0145,1,1,T0145,T0110,away,11,159.36,0,Moonless,786
B002180,2024-01-20,V004,doubles,T0165,T0150,2,2,T0150,T0165,away,13,357.81,0,Moonless,846
B002181,2024-11-27,V044,singles,T0048,T0072,1,1,T0048,T0072,home,12,190.37,0,Odd Aura,1341
B002182,2026-03-19,V023,doubles,T0058,T0005,2,2,T0005,T0058,away,15,64.03,0,Windy,1396
B002183,2024-02-16,V013,singles,T0133,T0020,1,2,T0020,T0133,away,15,138.66,0,Glittering,1673
B002184,2024-08-29,V047,doubles,T0095,T0104,2,2,T0095,T0104,home,8,411.24,0,Sandstorm,334
B002185,2024-09-30,V044,singles,T0048,T0162,1,1,T0048,T0162,home,6,278.73,0,Odd Aura,1321
B002186,2025-03-05,V037,doubles,T0079,T0081,2,2,T0079,T0081,home,12,59.36,0,Clear,1282
B002187,2024-12-30,V013,triples,T0169,T0020,3,3,T0020,T0169,away,13,483.46,0,Glittering,1560
B002188,2025-09-28,V022,doubles,T0164,T0152,2,2,T0152,T0164,away,17,164.14,1,Windy,1083
B002189,2025-08-26,V024,singles,T0055,T0050,1,1,T0050,T0055,away,11,3.24,0,Windy,715
B002190,2025-03-23,V009,triples,T0073,T0091,3,3,T0073,T0091,home,18,60.88,0,High Winds,2095
B002191,2024-08-06,V052,triples,T0143,T0041,3,3,T0041,T0143,away,19,281.37,0,Rain,475
B002192,2024-06-22,V021,doubles,T0143,T0122,2,2,T0122,T0143,away,10,249.7,0,Harsh Sun,280
B002193,2024-10-18,V010,triples,T0052,T0154,3,3,T0052,T0154,home,17,132.32,0,Thunderstorm,811
B002194,2025-12-31,V032,doubles,T0008,T0158,2,2,T0008,T0158,home,14,424.65,0,Dusty,1083
B002195,2024-04-01,V004,triples,T0018,T0049,3,3,T0018,T0049,home,24,44.05,1,Moonless,487
B002196,2025-12-16,V036,doubles,T0056,T0075,2,2,T0056,T0075,home,9,202.66,0,Hail,685
B002197,2024-01-25,V009,doubles,T0149,T0053,2,3,T0053,T0149,away,11,775.05,0,High Winds,1518
B002198,2025-01-16,V028,singles,T0026,T0013,1,1,T0013,T0026,away,4,161.69,0,Sunny,820
B002199,2025-10-13,V034,doubles,T0026,T0169,2,2,T0169,T0026,away,11,155.93,0,Hail,1378
B002200,2024-04-28,V008,doubles,T0177,T0093,2,2,T0093,T0177,away,10,323.06,0,High Winds,386
B002201,2024-05-30,V007,singles,T0178,T0114,1,1,T0178,T0114,home,12,252.99,0,High Winds,1358
B002202,2026-03-13,V018,singles,T0039,T0005,1,1,T0039,T0005,home,5,224.07,0,Clear,1467
B002203,2025-09-30,V050,doubles,T0025,T0023,2,2,T0023,T0025,away,14,7.49,0,Overcast,219
B002204,2025-05-24,V016,doubles,T0158,T0096,2,2,T0096,T0158,away,6,212.71,0,Clear,222
B002205,2025-08-04,V054,doubles,T0107,T0086,2,2,T0086,T0107,away,19,163.01,1,Rain,677
B002206,2024-12-22,V048,doubles,T0004,T0102,2,2,T0004,T0102,home,11,21.76,0,Sandstorm,2070
B002207,2024-06-21,V001,singles,T0150,T0003,1,1,T0003,T0150,away,10,18.0,0,Breezy,915
B002208,2024-12-27,V001,triples,T0072,T0163,3,3,T0163,T0072,away,15,302.17,0,Breezy,587
B002209,2024-11-24,V005,triples,T0071,T0164,3,3,T0164,T0071,away,14,39.0,0,Moonless,1114
B002210,2024-03-18,V043,doubles,T0066,T0124,2,2,T0066,T0124,home,13,79.07,0,Odd Aura,912
B002211,2026-01-26,V048,singles,T0119,T0145,1,1,T0119,T0145,home,10,110.43,0,Sandstorm,2270
B002212,2024-01-07,V005,triples,T0028,T0057,3,3,T0028,T0057,home,12,127.12,0,Moonless,1093
B002213,2024-03-11,V047,triples,T0134,T0171,3,3,T0134,T0171,home,22,112.7,1,Sandstorm,336
B002214,2024-04-24,V019,singles,T0059,T0098,1,1,T0059,T0098,home,10,49.72,0,Harsh Sun,1088
B002215,2024-12-20,V017,doubles,T0095,T0036,2,2,T0036,T0095,away,7,117.66,0,Clear,852
B002216,2024-03-03,V026,triples,T0137,T0058,3,3,T0058,T0137,away,15,179.49,0,Fog,548
B002217,2026-03-14,V044,singles,T0018,T0074,1,1,T0018,T0074,home,9,188.88,0,Odd Aura,1802
B002218,2024-05-02,V038,triples,T0071,T0157,3,3,T0071,T0157,home,18,131.89,0,Clear,894
B002219,2024-05-15,V030,triples,T0067,T0032,3,3,T0032,T0067,away,15,386.69,0,Sunny,801
B002220,2025-10-18,V004,singles,T0036,T0021,1,1,T0036,T0021,home,7,122.91,0,Moonless,856
B002221,2024-11-14,V011,singles,T0174,T0098,1,1,T0098,T0174,away,4,140.66,0,Thunderstorm,139
B002222,2024-05-18,V048,singles,T0056,T0101,1,1,T0101,T0056,away,6,67.89,0,Sandstorm,2039
B002223,2025-09-22,V024,doubles,T0109,T0030,2,2,T0109,T0030,home,11,146.5,0,Windy,914
B002224,2024-09-16,V022,singles,T0071,T0161,1,1,T0161,T0071,away,8,193.65,0,Windy,864
B002225,2024-01-14,V045,singles,T0141,T0040,1,1,T0040,T0141,away,6,316.74,0,Odd Aura,523
B002226,2025-08-14,V043,doubles,T0111,T0011,2,2,T0111,T0011,home,7,233.74,0,Odd Aura,803
B002227,2025-12-13,V016,singles,T0133,T0161,1,1,T0161,T0133,away,10,68.02,0,Clear,229
B002228,2025-11-26,V054,singles,T0156,T0149,1,1,T0149,T0156,away,9,61.46,0,Rain,589
B002229,2025-10-01,V045,doubles,T0044,T0025,2,3,T0025,T0044,away,14,836.64,0,Odd Aura,517
B002230,2024-11-13,V002,singles,T0058,T0113,1,2,T0113,T0058,away,16,755.22,0,Breezy,827
B002231,2024-06-09,V008,doubles,T0079,T0083,2,2,T0079,T0083,home,7,172.27,0,High Winds,228
B002232,2025-11-25,V004,singles,T0146,T0153,1,1,T0146,T0153,home,5,67.02,0,Moonless,640
B002233,2025-02-10,V020,doubles,T0178,T0072,2,2,T0178,T0072,home,10,373.3,0,Harsh Sun,1842
B002234,2025-10-07,V052,triples,T0134,T0132,3,3,T0134,T0132,home,11,50.7,0,Rain,622
B002235,2024-09-12,V047,doubles,T0031,T0037,2,2,T0031,T0037,home,16,216.32,0,Sandstorm,417
B002236,2024-10-21,V052,singles,T0115,T0146,1,1,T0146,T0115,away,12,161.5,0,Rain,671
B002237,2025-09-30,V004,doubles,T0022,T0044,2,2,T0022,T0044,home,12,119.97,0,Moonless,843
B002238,2024-08-24,V049,singles,T0017,T0166,1,1,T0166,T0017,away,6,286.47,0,Overcast,772
B002239,2025-06-18,V004,singles,T0036,T0147,1,1,T0147,T0036,away,13,170.48,0,Moonless,782
B002240,2025-11-23,V007,doubles,T0143,T0070,2,2,T0143,T0070,home,15,391.4,0,High Winds,1310
B002241,2025-05-17,V051,singles,T0149,T0007,1,1,T0149,T0007,home,5,39.96,0,Overcast,517
B002242,2024-04-25,V010,doubles,T0099,T0025,2,2,T0099,T0025,home,12,185.51,0,Thunderstorm,590
B002243,2026-01-08,V041,singles,T0028,T0083,1,1,T0028,T0083,home,11,310.88,0,Smog,634
B002244,2025-01-08,V036,triples,T0026,T0157,3,3,T0157,T0026,away,11,186.62,0,Hail,660
B002245,2024-04-05,V011,singles,T0069,T0143,1,1,T0143,T0069,away,12,111.61,0,Thunderstorm,174
B002246,2025-12-04,V020,doubles,T0004,T0159,2,2,T0159,T0004,away,15,245.44,0,Harsh Sun,1736
B002247,2025-01-24,V025,singles,T0129,T0015,1,1,T0129,T0015,home,11,89.99,0,Fog,1133
B002248,2024-09-01,V009,singles,T0157,T0037,1,1,T0037,T0157,away,11,7.14,0,High Winds,2114
B002249,2024-11-05,V042,singles,T0116,T0064,1,1,T0064,T0116,away,9,141.95,0,Smog,727
B002250,2025-01-06,V050,singles,T0056,T0122,1,1,T0122,T0056,away,11,79.55,0,Overcast,179
B002251,2024-11-13,V011,doubles,T0084,T0072,2,2,T0084,T0072,home,11,164.96,0,Thunderstorm,174
B002252,2024-08-27,V037,doubles,T0167,T0017,2,2,T0017,T0167,away,12,125.43,1,Clear,966
B002253,2024-02-28,V019,doubles,T0107,T0166,2,2,T0166,T0107,away,10,141.36,0,Harsh Sun,1098
B002254,2026-01-09,V017,doubles,T0113,T0007,2,1,T0113,T0007,home,13,396.39,0,Clear,516
B002255,2025-09-22,V012,doubles,T0133,T0174,2,2,T0174,T0133,away,8,297.5,0,Thunderstorm,1086
B002256,2025-06-25,V003,singles,T0036,T0172,1,1,T0036,T0172,home,8,178.05,0,Breezy,539
B002257,2024-06-25,V015,doubles,T0159,T0008,2,2,T0159,T0008,home,10,435.0,0,Glittering,203
B002258,2026-02-03,V042,doubles,T0153,T0047,2,2,T0047,T0153,away,14,25.87,0,Smog,714
B002259,2024-12-26,V037,doubles,T0008,T0153,2,2,T0008,T0153,home,14,432.95,0,Clear,1112
B002260,2024-09-25,V025,singles,T0056,T0180,1,1,T0056,T0180,home,7,99.58,0,Fog,1040
B002261,2026-03-12,V037,doubles,T0040,T0161,2,2,T0161,T0040,away,17,57.21,0,Clear,932
B002262,2025-02-21,V035,doubles,T0172,T0064,2,3,T0064,T0172,away,9,108.38,0,Hail,374
B002263,2025-04-14,V011,singles,T0083,T0171,1,1,T0083,T0171,home,10,216.85,0,Thunderstorm,226
B002264,2024-11-09,V026,triples,T0175,T0029,3,3,T0175,T0029,home,8,265.29,0,Fog,742
B002265,2024-04-13,V028,singles,T0070,T0041,1,1,T0041,T0070,away,7,267.62,0,Sunny,1286
B002266,2026-03-25,V036,singles,T0180,T0044,1,1,T0180,T0044,home,10,97.4,0,Hail,861
B002267,2025-10-21,V001,singles,T0121,T0062,1,1,T0121,T0062,home,12,223.02,0,Breezy,807
B002268,2024-10-12,V009,singles,T0079,T0014,1,1,T0014,T0079,away,15,261.76,0,High Winds,2042
B002269,2026-02-01,V017,doubles,T0110,T0090,2,2,T0110,T0090,home,5,19.58,0,Clear,540
B002270,2025-05-13,V051,triples,T0147,T0103,3,3,T0147,T0103,home,24,322.21,1,Overcast,466
B002271,2024-12-22,V001,singles,T0069,T0036,1,1,T0036,T0069,away,9,252.59,0,Breezy,686
B002272,2024-09-10,V046,triples,T0130,T0063,3,3,T0130,T0063,home,13,507.86,0,Sandstorm,490
B002273,2025-03-23,V028,doubles,T0043,T0106,2,2,T0043,T0106,home,20,182.59,0,Sunny,1162
B002274,2025-03-06,V007,singles,T0133,T0021,1,1,T0133,T0021,home,6,293.74,0,High Winds,1235
B002275,2025-12-19,V038,singles,T0008,T0078,1,2,T0078,T0008,away,7,580.38,0,Clear,1057
B002276,2024-10-02,V021,singles,T0016,T0069,1,2,T0069,T0016,away,4,314.91,0,Harsh Sun,236
B002277,2024-12-15,V016,singles,T0001,T0160,1,1,T0001,T0160,home,12,368.65,0,Clear,193
B002278,2025-01-17,V015,doubles,T0101,T0166,2,2,T0166,T0101,away,12,431.75,0,Glittering,168
B002279,2024-10-15,V016,doubles,T0153,T0034,2,2,T0034,T0153,away,22,307.81,1,Clear,179
B002280,2024-10-06,V012,doubles,T0030,T0101,2,1,T0030,T0101,home,15,575.77,0,Thunderstorm,827
B002281,2026-02-02,V003,doubles,T0080,T0012,2,2,T0012,T0080,away,15,71.93,0,Breezy,567
B002282,2026-01-24,V025,triples,T0160,T0016,3,3,T0016,T0160,away,13,206.86,0,Fog,1147
B002283,2026-03-18,V005,doubles,T0103,T0023,2,2,T0023,T0103,away,13,80.04,0,Moonless,1122
B002284,2024-09-13,V021,triples,T0031,T0133,3,3,T0031,T0133,home,14,230.59,0,Harsh Sun,208
B002285,2026-01-26,V051,triples,T0030,T0146,3,3,T0030,T0146,home,13,79.34,0,Overcast,483
B002286,2026-03-17,V046,doubles,T0088,T0052,2,2,T0088,T0052,home,20,306.42,1,Sandstorm,600
B002287,2024-07-10,V047,singles,T0173,T0016,1,1,T0016,T0173,away,11,8.7,0,Sandstorm,324
B002288,2026-02-05,V003,triples,T0059,T0016,3,3,T0016,T0059,away,19,25.54,0,Breezy,484
B002289,2026-03-02,V031,doubles,T0160,T0097,2,2,T0097,T0160,away,10,286.7,0,Dusty,359
B002290,2025-04-14,V020,singles,T0040,T0112,1,1,T0040,T0112,home,11,132.35,0,Harsh Sun,1764
B002291,2025-10-09,V030,singles,T0141,T0001,1,1,T0141,T0001,home,6,167.93,0,Sunny,676
B002292,2024-06-22,V013,doubles,T0162,T0078,2,2,T0162,T0078,home,14,217.46,0,Glittering,1707
B002293,2024-11-20,V028,doubles,T0067,T0175,2,2,T0175,T0067,away,14,141.07,0,Sunny,826
B002294,2025-11-21,V005,singles,T0177,T0144,1,1,T0177,T0144,home,9,12.97,0,Moonless,914
B002295,2026-03-12,V046,triples,T0006,T0068,3,3,T0068,T0006,away,19,417.97,0,Sandstorm,515
B002296,2024-12-22,V017,singles,T0113,T0123,1,1,T0123,T0113,away,8,178.25,0,Clear,650
B002297,2025-11-18,V052,singles,T0105,T0126,1,1,T0126,T0105,away,7,166.35,0,Rain,689
B002298,2024-07-17,V045,doubles,T0104,T0058,2,2,T0058,T0104,away,7,251.36,0,Odd Aura,457
B002299,2025-04-05,V024,triples,T0023,T0092,3,3,T0023,T0092,home,15,372.58,0,Windy,841
B002300,2024-11-26,V037,doubles,T0040,T0125,2,1,T0040,T0125,home,11,650.17,0,Clear,1170
B002301,2024-01-28,V027,singles,T0031,T0074,1,1,T0031,T0074,home,5,93.0,0,Fog,678
B002302,2024-06-23,V016,doubles,T0065,T0083,2,2,T0083,T0065,away,14,104.82,0,Clear,200
B002303,2025-12-07,V003,singles,T0134,T0101,1,1,T0134,T0101,home,4,197.78,0,Breezy,460
B002304,2024-12-10,V038,triples,T0097,T0157,3,3,T0097,T0157,home,13,204.3,0,Clear,730
B002305,2024-03-02,V043,doubles,T0113,T0037,2,1,T0113,T0037,home,10,558.04,0,Odd Aura,1072
B002306,2024-02-14,V002,singles,T0129,T0154,1,1,T0129,T0154,home,11,15.51,0,Breezy,1188
B002307,2024-05-30,V033,singles,T0156,T0040,1,1,T0040,T0156,away,13,101.64,0,Dusty,1920
B002308,2024-06-13,V036,triples,T0026,T0122,3,3,T0026,T0122,home,10,164.85,0,Hail,750
B002309,2024-04-06,V022,singles,T0157,T0009,1,1,T0009,T0157,away,7,149.99,0,Windy,846
B002310,2024-07-02,V001,singles,T0025,T0100,1,1,T0025,T0100,home,9,23.51,0,Breezy,826
B002311,2025-04-28,V033,singles,T0043,T0089,1,2,T0089,T0043,away,10,717.26,0,Dusty,1778
B002312,2024-12-18,V040,doubles,T0056,T0042,2,2,T0056,T0042,home,12,4.9,0,Smog,246
B002313,2025-11-10,V047,singles,T0073,T0091,1,1,T0091,T0073,away,8,68.37,0,Sandstorm,359
B002314,2025-11-14,V022,singles,T0168,T0120,1,1,T0168,T0120,home,7,223.3,0,Windy,870
B002315,2025-11-07,V027,triples,T0041,T0020,3,3,T0041,T0020,home,18,146.86,0,Fog,722
B002316,2025-12-06,V045,singles,T0078,T0083,1,1,T0083,T0078,away,10,13.53,0,Odd Aura,517
B002317,2025-06-19,V052,doubles,T0037,T0095,2,1,T0037,T0095,home,13,627.42,0,Rain,805
B002318,2024-05-15,V007,triples,T0166,T0165,3,3,T0166,T0165,home,14,207.83,0,High Winds,1487
B002319,2025-08-08,V048,doubles,T0038,T0101,2,2,T0101,T0038,away,14,282.75,0,Sandstorm,2157
B002320,2024-12-29,V054,doubles,T0011,T0179,2,2,T0011,T0179,home,12,7.61,0,Rain,623
B002321,2024-09-29,V024,singles,T0090,T0012,1,1,T0012,T0090,away,10,60.8,0,Windy,804
B002322,2024-12-27,V013,singles,T0161,T0069,1,1,T0161,T0069,home,12,182.65,0,Glittering,1738
B002323,2024-04-15,V004,singles,T0168,T0161,1,1,T0168,T0161,home,5,5.88,0,Moonless,609
B002324,2024-01-20,V051,singles,T0040,T0077,1,1,T0040,T0077,home,12,172.35,0,Overcast,451
B002325,2024-06-26,V014,doubles,T0039,T0164,2,2,T0039,T0164,home,21,132.57,1,Glittering,1310
B002326,2025-02-21,V016,triples,T0094,T0175,3,3,T0175,T0094,away,15,125.29,0,Clear,146
B002327,2025-02-08,V038,triples,T0060,T0161,3,3,T0161,T0060,away,19,56.78,0,Clear,1006
B002328,2026-02-23,V037,doubles,T0015,T0071,2,3,T0071,T0015,away,13,284.66,0,Clear,923
B002329,2025-07-28,V019,singles,T0031,T0039,1,2,T0039,T0031,away,14,378.87,0,Harsh Sun,1112
B002330,2025-01-10,V014,doubles,T0064,T0164,2,2,T0164,T0064,away,10,186.06,0,Glittering,1498
B002331,2025-03-16,V010,singles,T0029,T0110,1,1,T0110,T0029,away,8,250.21,0,Thunderstorm,568
B002332,2024-11-19,V003,singles,T0077,T0177,1,1,T0077,T0177,home,8,216.15,0,Breezy,694
B002333,2025-12-24,V017,singles,T0047,T0019,1,1,T0019,T0047,away,7,136.07,0,Clear,610
B002334,2024-01-11,V002,singles,T0083,T0168,1,1,T0168,T0083,away,12,78.1,0,Breezy,848
B002335,2024-11-16,V053,singles,T0029,T0126,1,1,T0126,T0029,away,14,330.19,0,Rain,433
B002336,2024-10-27,V008,doubles,T0022,T0146,2,2,T0022,T0146,home,6,113.94,0,High Winds,275
B002337,2024-03-17,V038,singles,T0028,T0076,1,1,T0028,T0076,home,13,23.38,0,Clear,945
B002338,2025-02-23,V046,triples,T0130,T0168,3,3,T0130,T0168,home,11,441.96,0,Sandstorm,478
B002339,2025-12-23,V009,doubles,T0133,T0064,2,2,T0133,T0064,home,13,323.81,0,High Winds,1844
B002340,2026-01-14,V004,doubles,T0091,T0168,2,2,T0091,T0168,home,13,192.92,0,Moonless,909
B002341,2025-12-17,V025,triples,T0005,T0137,3,3,T0005,T0137,home,22,377.74,1,Fog,1097
B002342,2025-04-02,V005,doubles,T0013,T0011,2,2,T0013,T0011,home,13,467.32,0,Moonless,1153
B002343,2025-08-18,V019,singles,T0127,T0148,1,1,T0148,T0127,away,7,42.52,0,Harsh Sun,1076
B002344,2024-05-23,V044,singles,T0123,T0120,1,1,T0123,T0120,home,14,7.51,0,Odd Aura,1450
B002345,2025-10-12,V028,doubles,T0165,T0060,2,2,T0060,T0165,away,16,333.21,0,Sunny,838
B002346,2025-03-29,V014,doubles,T0039,T0097,2,1,T0039,T0097,home,8,335.93,0,Glittering,1660
B002347,2025-01-19,V002,singles,T0088,T0159,1,1,T0159,T0088,away,14,44.29,0,Breezy,925
B002348,2026-03-20,V054,triples,T0168,T0098,3,3,T0168,T0098,home,20,36.05,0,Rain,703
B002349,2024-11-21,V048,singles,T0130,T0177,1,1,T0130,T0177,home,11,119.41,0,Sandstorm,2253
B002350,2025-07-01,V034,singles,T0132,T0091,1,1,T0091,T0132,away,6,75.26,0,Hail,1265
B002351,2024-05-04,V009,doubles,T0130,T0156,2,1,T0130,T0156,home,13,673.37,0,High Winds,2132
B002352,2025-10-27,V001,doubles,T0179,T0135,2,2,T0135,T0179,away,19,101.29,1,Breezy,607
B002353,2024-09-24,V005,doubles,T0059,T0125,2,2,T0059,T0125,home,14,293.84,0,Moonless,1235
B002354,2024-06-06,V031,doubles,T0121,T0126,2,2,T0126,T0121,away,10,395.14,0,Dusty,375
B002355,2024-09-15,V030,singles,T0095,T0035,1,1,T0095,T0035,home,8,90.91,0,Sunny,797
B002356,2024-10-18,V018,singles,T0053,T0090,1,1,T0090,T0053,away,7,86.22,0,Clear,1859
B002357,2025-09-29,V051,triples,T0013,T0031,3,3,T0013,T0031,home,10,439.91,0,Overcast,600
B002358,2026-02-08,V051,doubles,T0117,T0090,2,2,T0117,T0090,home,13,330.89,0,Overcast,391
B002359,2025-04-28,V006,singles,T0004,T0062,1,2,T0062,T0004,away,12,905.37,0,Moonless,445
B002360,2026-03-12,V035,doubles,T0005,T0056,2,2,T0005,T0056,home,12,335.25,0,Hail,396
B002361,2024-07-25,V024,doubles,T0015,T0081,2,2,T0015,T0081,home,14,218.5,0,Windy,671
B002362,2025-06-14,V036,triples,T0053,T0032,3,3,T0032,T0053,away,14,376.37,0,Hail,714
B002363,2025-06-01,V004,singles,T0114,T0132,1,1,T0132,T0114,away,17,29.86,0,Moonless,772
B002364,2025-08-18,V042,triples,T0105,T0110,3,3,T0105,T0110,home,15,21.39,0,Smog,709
B002365,2024-08-23,V042,doubles,T0105,T0152,2,2,T0105,T0152,home,14,135.76,0,Smog,792
B002366,2024-12-20,V052,singles,T0122,T0006,1,1,T0006,T0122,away,6,110.63,0,Rain,835
B002367,2025-05-19,V030,doubles,T0056,T0088,2,2,T0088,T0056,away,11,186.27,0,Sunny,750
B002368,2025-02-21,V048,doubles,T0037,T0036,2,2,T0037,T0036,home,17,222.95,1,Sandstorm,2038
B002369,2025-12-19,V019,doubles,T0159,T0106,2,2,T0159,T0106,home,13,331.08,0,Harsh Sun,1020
B002370,2026-01-27,V017,singles,T0113,T0060,1,1,T0113,T0060,home,17,99.73,0,Clear,375
B002371,2026-03-23,V006,singles,T0180,T0109,1,2,T0109,T0180,away,7,457.75,0,Moonless,295
B002372,2024-08-02,V036,singles,T0139,T0108,1,1,T0108,T0139,away,8,185.64,0,Hail,654
B002373,2024-12-07,V039,doubles,T0018,T0008,2,1,T0018,T0008,home,14,689.24,0,Clear,655
B002374,2025-08-26,V018,doubles,T0042,T0092,2,2,T0092,T0042,away,18,120.6,0,Clear,1679
B002375,2025-11-09,V018,doubles,T0036,T0106,2,2,T0036,T0106,home,13,466.16,0,Clear,1202
B002376,2025-09-21,V016,triples,T0170,T0121,3,3,T0170,T0121,home,15,83.38,0,Clear,179
B002377,2026-02-05,V033,triples,T0068,T0009,3,3,T0068,T0009,home,15,245.12,0,Dusty,1957
B002378,2024-10-10,V002,doubles,T0100,T0048,2,2,T0048,T0100,away,22,52.46,1,Breezy,1451
B002379,2025-01-29,V011,doubles,T0075,T0110,2,2,T0075,T0110,home,14,199.18,0,Thunderstorm,190
B002380,2025-11-22,V004,triples,T0044,T0050,3,3,T0050,T0044,away,12,199.0,0,Moonless,650
B002381,2024-01-29,V048,doubles,T0134,T0008,2,1,T0134,T0008,home,8,659.64,0,Sandstorm,1778
B002382,2025-06-27,V050,doubles,T0110,T0111,2,2,T0111,T0110,away,9,202.39,0,Overcast,166
B002383,2025-12-02,V040,triples,T0116,T0177,3,3,T0116,T0177,home,13,485.56,0,Smog,231
B002384,2025-11-17,V035,doubles,T0004,T0100,2,2,T0100,T0004,away,15,101.42,0,Hail,412
B002385,2024-10-18,V044,triples,T0095,T0031,3,3,T0095,T0031,home,24,375.59,1,Odd Aura,1563
B002386,2024-11-29,V015,singles,T0090,T0104,1,1,T0090,T0104,home,16,102.27,0,Glittering,159
B002387,2025-09-03,V053,singles,T0029,T0020,1,1,T0020,T0029,away,9,207.85,0,Rain,408
B002388,2024-12-08,V039,singles,T0043,T0172,1,1,T0172,T0043,away,11,254.45,0,Clear,668
B002389,2024-11-11,V006,doubles,T0075,T0153,2,2,T0153,T0075,away,14,331.34,0,Moonless,384
B002390,2026-01-30,V012,triples,T0030,T0160,3,3,T0030,T0160,home,11,449.52,0,Thunderstorm,992
B002391,2024-11-20,V008,triples,T0142,T0178,3,3,T0142,T0178,home,16,379.14,0,High Winds,305
B002392,2024-12-07,V013,doubles,T0013,T0046,2,2,T0013,T0046,home,9,193.1,0,Glittering,1558
B002393,2025-10-20,V032,triples,T0152,T0106,3,3,T0106,T0152,away,19,15.2,0,Dusty,1073
B002394,2025-07-13,V024,triples,T0064,T0006,3,3,T0006,T0064,away,14,290.15,0,Windy,815
B002395,2025-10-13,V010,triples,T0176,T0162,3,3,T0162,T0176,away,17,270.1,0,Thunderstorm,560
B002396,2025-11-01,V054,doubles,T0012,T0033,2,2,T0033,T0012,away,16,74.45,0,Rain,671
B002397,2025-10-29,V024,singles,T0136,T0134,1,2,T0134,T0136,away,8,771.28,0,Windy,996
B002398,2026-01-01,V008,triples,T0052,T0057,3,3,T0057,T0052,away,12,313.91,0,High Winds,400
B002399,2024-08-26,V052,doubles,T0104,T0107,2,2,T0107,T0104,away,18,322.69,0,Rain,645
B002400,2024-09-18,V014,doubles,T0128,T0074,2,2,T0128,T0074,home,11,399.62,0,Glittering,1244
B002401,2024-01-25,V028,doubles,T0129,T0011,2,2,T0129,T0011,home,7,237.77,0,Sunny,886
B002402,2025-04-11,V023,singles,T0073,T0079,1,1,T0073,T0079,home,9,331.84,0,Windy,1286
B002403,2026-03-12,V041,doubles,T0029,T0096,2,1,T0029,T0096,home,7,622.47,0,Smog,375
B002404,2025-10-28,V036,singles,T0109,T0151,1,1,T0109,T0151,home,15,5.42,0,Hail,652
B002405,2025-11-20,V002,doubles,T0044,T0028,2,2,T0044,T0028,home,11,45.4,0,Breezy,1188
B002406,2025-06-26,V039,singles,T0009,T0147,1,1,T0009,T0147,home,4,230.77,0,Clear,744
B002407,2025-01-16,V006,doubles,T0047,T0004,2,2,T0047,T0004,home,16,68.84,1,Moonless,401
B002408,2025-04-26,V024,singles,T0024,T0115,1,1,T0024,T0115,home,16,147.91,0,Windy,850
B002409,2024-01-22,V041,doubles,T0041,T0014,2,3,T0014,T0041,away,12,42.59,0,Smog,608
B002410,2024-08-08,V001,doubles,T0156,T0093,2,2,T0156,T0093,home,10,104.07,0,Breezy,704
B002411,2025-07-18,V044,triples,T0056,T0152,3,3,T0152,T0056,away,19,180.15,1,Odd Aura,1620
B002412,2025-03-06,V019,singles,T0044,T0024,1,1,T0044,T0024,home,13,4.24,0,Harsh Sun,1118
B002413,2025-01-14,V042,triples,T0063,T0158,3,3,T0063,T0158,home,11,205.6,0,Smog,649
B002414,2024-10-14,V010,singles,T0101,T0108,1,1,T0101,T0108,home,8,79.46,0,Thunderstorm,710
B002415,2025-08-24,V010,triples,T0175,T0070,3,3,T0175,T0070,home,14,115.73,0,Thunderstorm,589
B002416,2025-02-11,V025,singles,T0149,T0162,1,1,T0162,T0149,away,7,42.34,0,Fog,1299
B002417,2025-05-06,V044,singles,T0018,T0141,1,1,T0141,T0018,away,8,98.52,0,Odd Aura,1391
B002418,2024-07-22,V022,singles,T0126,T0048,1,1,T0126,T0048,home,13,126.23,0,Windy,917
B002419,2024-12-28,V032,triples,T0077,T0003,3,3,T0077,T0003,home,12,107.01,0,Dusty,1037
B002420,2026-03-02,V041,singles,T0092,T0094,1,1,T0094,T0092,away,9,193.23,0,Smog,532
B002421,2024-04-07,V037,doubles,T0139,T0114,2,2,T0139,T0114,home,14,415.09,0,Clear,1063
B002422,2025-03-12,V024,singles,T0155,T0129,1,1,T0129,T0155,away,4,117.52,0,Windy,826
B002423,2025-05-10,V054,triples,T0083,T0087,3,3,T0087,T0083,away,11,123.19,0,Rain,541
B002424,2024-01-21,V020,singles,T0070,T0066,1,1,T0066,T0070,away,9,69.92,0,Harsh Sun,1664
B002425,2025-01-14,V007,doubles,T0091,T0004,2,2,T0091,T0004,home,13,312.93,0,High Winds,1478
B002426,2026-02-16,V004,triples,T0036,T0001,3,2,T0036,T0001,home,16,816.96,0,Moonless,864
B002427,2024-10-31,V009,singles,T0006,T0079,1,1,T0079,T0006,away,10,142.78,0,High Winds,1698
B002428,2025-05-12,V043,singles,T0009,T0071,1,1,T0009,T0071,home,7,37.07,0,Odd Aura,994
B002429,2025-11-04,V013,singles,T0001,T0088,1,1,T0088,T0001,away,11,116.63,0,Glittering,1952
B002430,2024-08-19,V050,doubles,T0073,T0139,2,2,T0073,T0139,home,5,183.28,0,Overcast,188
B002431,2024-05-30,V009,triples,T0006,T0054,3,3,T0006,T0054,home,21,347.44,1,High Winds,2013
B002432,2025-11-06,V029,singles,T0107,T0152,1,1,T0107,T0152,home,8,260.93,0,Sunny,504
B002433,2025-05-23,V046,triples,T0075,T0067,3,3,T0067,T0075,away,15,143.52,0,Sandstorm,433
B002434,2024-07-31,V021,triples,T0178,T0015,3,3,T0178,T0015,home,16,101.7,0,Harsh Sun,235
B002435,2024-12-15,V015,singles,T0141,T0138,1,1,T0141,T0138,home,6,87.28,0,Glittering,200
B002436,2024-05-14,V050,singles,T0109,T0061,1,1,T0109,T0061,home,9,79.5,0,Overcast,154
B002437,2024-08-30,V007,doubles,T0106,T0064,2,2,T0106,T0064,home,14,97.74,0,High Winds,1457
B002438,2026-03-16,V004,triples,T0077,T0102,3,3,T0102,T0077,away,24,51.88,1,Moonless,820
B002439,2025-12-01,V012,singles,T0112,T0104,1,1,T0104,T0112,away,9,92.61,0,Thunderstorm,1127
B002440,2025-10-03,V053,singles,T0026,T0065,1,1,T0065,T0026,away,13,212.22,0,Rain,392
B002441,2024-06-16,V011,doubles,T0095,T0073,2,2,T0095,T0073,home,15,219.34,0,Thunderstorm,141
B002442,2025-10-18,V031,doubles,T0019,T0018,2,2,T0018,T0019,away,12,204.05,0,Dusty,422
B002443,2024-10-17,V012,singles,T0137,T0029,1,1,T0137,T0029,home,9,33.99,0,Thunderstorm,1031
B002444,2026-01-07,V033,doubles,T0139,T0134,2,2,T0139,T0134,home,16,626.66,1,Dusty,1879
B002445,2025-11-06,V013,doubles,T0172,T0075,2,2,T0172,T0075,home,15,253.41,0,Glittering,1783
B002446,2024-07-20,V040,singles,T0023,T0175,1,1,T0175,T0023,away,11,211.19,0,Smog,293
B002447,2025-11-03,V011,doubles,T0171,T0153,2,2,T0153,T0171,away,17,188.97,0,Thunderstorm,132
B002448,2026-02-18,V044,doubles,T0023,T0096,2,2,T0096,T0023,away,7,30.64,0,Odd Aura,1526
B002449,2026-01-07,V038,triples,T0059,T0168,3,3,T0059,T0168,home,13,180.73,0,Clear,1049
B002450,2024-06-01,V020,doubles,T0070,T0014,2,2,T0014,T0070,away,11,132.17,0,Harsh Sun,1764
B002451,2025-07-23,V010,singles,T0078,T0037,1,1,T0078,T0037,home,10,195.55,0,Thunderstorm,573
B002452,2024-01-25,V004,triples,T0011,T0042,3,3,T0042,T0011,away,19,106.59,1,Moonless,633
B002453,2024-10-25,V006,doubles,T0042,T0151,2,2,T0151,T0042,away,10,321.94,0,Moonless,568
B002454,2025-02-09,V021,singles,T0056,T0059,1,1,T0059,T0056,away,4,254.08,0,Harsh Sun,215
B002455,2024-07-03,V039,singles,T0068,T0123,1,1,T0123,T0068,away,11,143.21,0,Clear,654
B002456,2025-01-17,V050,singles,T0073,T0104,1,1,T0104,T0073,away,10,34.65,0,Overcast,169
B002457,2025-01-21,V045,doubles,T0118,T0104,2,2,T0104,T0118,away,13,64.71,0,Odd Aura,470
B002458,2026-03-13,V025,singles,T0004,T0171,1,1,T0171,T0004,away,13,43.06,0,Fog,993
B002459,2025-11-11,V010,singles,T0078,T0093,1,1,T0093,T0078,away,4,0.36,0,Thunderstorm,568
B002460,2025-10-03,V051,singles,T0017,T0031,1,1,T0031,T0017,away,8,96.05,0,Overcast,415
B002461,2025-03-31,V044,triples,T0136,T0126,3,3,T0136,T0126,home,14,117.26,0,Odd Aura,1503
B002462,2024-12-20,V050,doubles,T0073,T0174,2,2,T0073,T0174,home,13,244.34,0,Overcast,194
B002463,2024-12-28,V033,doubles,T0047,T0153,2,2,T0153,T0047,away,9,58.12,0,Dusty,1952
B002464,2026-03-04,V053,singles,T0053,T0129,1,1,T0129,T0053,away,7,173.93,0,Rain,457
B002465,2024-11-12,V042,triples,T0112,T0126,3,3,T0112,T0126,home,20,192.61,1,Smog,946
B002466,2024-03-14,V009,doubles,T0108,T0056,2,2,T0108,T0056,home,4,543.67,0,High Winds,2109
B002467,2024-10-05,V002,triples,T0060,T0144,3,3,T0060,T0144,home,16,3.56,0,Breezy,988
B002468,2026-02-27,V026,triples,T0152,T0061,3,3,T0061,T0152,away,9,160.52,0,Fog,760
B002469,2024-12-13,V005,singles,T0079,T0101,1,1,T0079,T0101,home,12,67.08,0,Moonless,956
B002470,2024-05-27,V020,singles,T0016,T0144,1,1,T0016,T0144,home,15,0.93,0,Harsh Sun,1615
B002471,2025-02-24,V027,singles,T0039,T0003,1,1,T0039,T0003,home,4,76.9,0,Fog,616
B002472,2025-10-01,V016,doubles,T0153,T0140,2,2,T0153,T0140,home,13,387.93,0,Clear,212
B002473,2025-10-10,V040,doubles,T0004,T0015,2,2,T0004,T0015,home,11,267.06,0,Smog,252
B002474,2025-05-02,V039,singles,T0139,T0075,1,1,T0139,T0075,home,11,214.97,0,Clear,616
B002475,2025-11-30,V032,triples,T0152,T0090,3,3,T0152,T0090,home,24,185.95,1,Dusty,1451
B002476,2024-04-09,V054,triples,T0163,T0083,3,3,T0083,T0163,away,17,80.11,0,Rain,641
B002477,2024-03-18,V049,doubles,T0130,T0082,2,2,T0130,T0082,home,11,494.63,0,Overcast,659
B002478,2024-08-05,V037,singles,T0014,T0002,1,1,T0002,T0014,away,10,276.99,0,Clear,1213
B002479,2025-08-13,V024,singles,T0165,T0143,1,1,T0165,T0143,home,14,17.94,0,Windy,948
B002480,2025-11-06,V020,singles,T0111,T0144,1,1,T0144,T0111,away,12,64.36,0,Harsh Sun,1599
B002481,2025-06-15,V027,singles,T0118,T0030,1,1,T0030,T0118,away,13,257.87,0,Fog,778
B002482,2025-05-05,V038,triples,T0109,T0044,3,3,T0109,T0044,home,10,103.54,0,Clear,786
B002483,2024-10-15,V012,doubles,T0069,T0144,2,2,T0069,T0144,home,10,46.71,0,Thunderstorm,1026
B002484,2025-05-07,V023,triples,T0051,T0109,3,3,T0051,T0109,home,21,396.9,1,Windy,1467
B002485,2024-02-13,V001,singles,T0063,T0127,1,1,T0063,T0127,home,13,395.43,0,Breezy,807
B002486,2025-03-31,V001,singles,T0070,T0125,1,1,T0125,T0070,away,7,64.29,0,Breezy,676
B002487,2025-02-05,V037,triples,T0040,T0161,3,3,T0040,T0161,home,18,529.3,1,Clear,1115
B002488,2024-03-07,V014,singles,T0175,T0059,1,1,T0059,T0175,away,7,288.1,0,Glittering,1901
B002489,2025-12-03,V026,singles,T0063,T0143,1,1,T0143,T0063,away,12,377.98,0,Fog,825
B002490,2025-01-14,V036,singles,T0030,T0166,1,1,T0030,T0166,home,12,24.84,0,Hail,643
B002491,2024-07-13,V002,doubles,T0128,T0047,2,2,T0128,T0047,home,7,79.81,0,Breezy,1023
B002492,2024-09-16,V051,doubles,T0112,T0060,2,2,T0112,T0060,home,11,313.49,0,Overcast,497
B002493,2025-10-17,V037,singles,T0004,T0046,1,1,T0004,T0046,home,11,5.8,0,Clear,1106
B002494,2024-12-08,V003,triples,T0058,T0169,3,3,T0058,T0169,home,13,15.38,0,Breezy,537
B002495,2025-03-19,V045,singles,T0007,T0144,1,1,T0007,T0144,home,9,105.06,0,Odd Aura,460
B002496,2024-10-12,V034,triples,T0050,T0112,3,3,T0112,T0050,away,20,106.95,0,Hail,1527
B002497,2025-05-12,V039,singles,T0097,T0074,1,1,T0074,T0097,away,11,25.65,0,Clear,617
B002498,2025-03-31,V024,singles,T0169,T0156,1,1,T0169,T0156,home,9,4.61,0,Windy,889
B002499,2024-03-19,V051,doubles,T0047,T0051,2,2,T0051,T0047,away,14,434.13,0,Overcast,515
B002500,2026-01-25,V018,doubles,T0157,T0017,2,2,T0157,T0017,home,9,267.5,0,Clear,1437
B002501,2025-10-07,V053,doubles,T0180,T0168,2,2,T0180,T0168,home,15,116.34,0,Rain,448
B002502,2025-03-21,V022,singles,T0090,T0079,1,1,T0079,T0090,away,10,67.01,0,Windy,1024
B002503,2025-04-18,V005,doubles,T0013,T0034,2,3,T0034,T0013,away,7,624.52,0,Moonless,1155
B002504,2025-05-14,V051,doubles,T0176,T0169,2,2,T0169,T0176,away,9,112.62,0,Overcast,564
B002505,2024-10-10,V007,singles,T0047,T0136,1,1,T0136,T0047,away,6,153.5,0,High Winds,945
B002506,2024-05-10,V020,triples,T0116,T0178,3,3,T0178,T0116,away,16,145.09,0,Harsh Sun,1568
B002507,2025-01-12,V009,doubles,T0128,T0139,2,2,T0139,T0128,away,13,83.53,0,High Winds,1964
B002508,2024-03-07,V039,triples,T0036,T0032,3,3,T0036,T0032,home,24,17.35,1,Clear,891
B002509,2025-11-05,V037,doubles,T0040,T0144,2,2,T0144,T0040,away,17,145.0,0,Clear,1240
B002510,2026-03-23,V033,doubles,T0093,T0101,2,2,T0093,T0101,home,12,221.06,0,Dusty,1878
B002511,2024-02-15,V007,doubles,T0106,T0157,2,2,T0157,T0106,away,17,19.37,0,High Winds,1202
B002512,2024-04-28,V005,singles,T0180,T0166,1,1,T0166,T0180,away,9,352.16,0,Moonless,1221
B002513,2025-10-11,V009,triples,T0006,T0072,3,3,T0006,T0072,home,8,350.27,0,High Winds,2193
B002514,2025-10-14,V046,doubles,T0130,T0179,2,2,T0130,T0179,home,24,555.11,1,Sandstorm,459
B002515,2024-06-07,V036,doubles,T0173,T0025,2,2,T0025,T0173,away,11,264.17,0,Hail,643
B002516,2025-05-06,V045,singles,T0030,T0152,1,1,T0030,T0152,home,11,7.83,0,Odd Aura,464
B002517,2025-09-10,V020,singles,T0116,T0139,1,1,T0116,T0139,home,15,232.93,0,Harsh Sun,2007
B002518,2025-05-13,V034,doubles,T0038,T0129,2,2,T0038,T0129,home,9,109.41,0,Hail,1339
B002519,2024-07-16,V004,doubles,T0029,T0155,2,2,T0155,T0029,away,9,341.19,0,Moonless,675
B002520,2025-04-21,V044,singles,T0048,T0059,1,1,T0059,T0048,away,11,126.38,0,Odd Aura,1571
B002521,2024-05-28,V051,doubles,T0121,T0038,2,2,T0121,T0038,home,13,233.59,0,Overcast,395
B002522,2024-12-22,V006,singles,T0129,T0041,1,1,T0129,T0041,home,10,8.58,0,Moonless,506
B002523,2025-05-29,V018,doubles,T0092,T0029,2,2,T0092,T0029,home,11,66.64,0,Clear,1403
B002524,2024-07-31,V027,singles,T0030,T0178,1,1,T0030,T0178,home,13,216.7,0,Fog,789
B002525,2025-09-28,V004,doubles,T0076,T0019,2,1,T0076,T0019,home,13,420.83,0,Moonless,851
B002526,2026-01-11,V052,singles,T0061,T0045,1,1,T0061,T0045,home,6,14.69,0,Rain,651
B002527,2025-07-09,V022,triples,T0049,T0025,3,3,T0049,T0025,home,14,79.98,0,Windy,802
B002528,2025-03-14,V029,doubles,T0064,T0160,2,1,T0064,T0160,home,10,476.17,0,Sunny,463
B002529,2024-07-23,V038,singles,T0162,T0011,1,1,T0011,T0162,away,11,247.85,0,Clear,895
B002530,2025-03-20,V009,doubles,T0117,T0060,2,2,T0117,T0060,home,13,361.25,0,High Winds,2106
B002531,2025-10-17,V018,doubles,T0093,T0130,2,2,T0093,T0130,home,11,54.81,0,Clear,1582
B002532,2026-02-19,V036,triples,T0021,T0122,3,3,T0021,T0122,home,16,308.69,0,Hail,645
B002533,2025-10-22,V034,singles,T0073,T0102,1,1,T0102,T0073,away,13,139.77,0,Hail,1371
B002534,2024-03-18,V006,doubles,T0148,T0126,2,2,T0148,T0126,home,11,170.07,0,Moonless,484
B002535,2024-01-27,V008,doubles,T0095,T0073,2,2,T0095,T0073,home,14,216.29,0,High Winds,420
B002536,2025-04-13,V010,singles,T0144,T0091,1,1,T0091,T0144,away,10,24.86,0,Thunderstorm,659
B002537,2024-08-31,V011,singles,T0028,T0143,1,1,T0143,T0028,away,7,111.48,0,Thunderstorm,147
B002538,2025-11-27,V019,doubles,T0130,T0058,2,2,T0130,T0058,home,20,163.54,1,Harsh Sun,1193
B002539,2024-02-09,V017,doubles,T0101,T0159,2,2,T0101,T0159,home,22,67.54,1,Clear,405
B002540,2024-10-20,V025,doubles,T0037,T0070,2,2,T0037,T0070,home,14,347.43,0,Fog,1277
B002541,2024-09-01,V042,singles,T0111,T0179,1,1,T0179,T0111,away,9,39.66,0,Smog,581
B002542,2025-10-10,V047,doubles,T0070,T0032,2,2,T0032,T0070,away,14,12.95,0,Sandstorm,394
B002543,2024-10-05,V027,singles,T0164,T0013,1,1,T0164,T0013,home,7,29.74,0,Fog,772
B002544,2025-11-15,V025,singles,T0046,T0103,1,1,T0103,T0046,away,13,155.97,0,Fog,908
B002545,2024-05-20,V040,singles,T0131,T0099,1,1,T0131,T0099,home,16,154.98,0,Smog,247
B002546,2024-01-06,V021,doubles,T0047,T0110,2,2,T0047,T0110,home,15,298.14,0,Harsh Sun,167
B002547,2024-09-03,V013,doubles,T0035,T0160,2,2,T0160,T0035,away,9,131.54,0,Glittering,1964
B002548,2025-08-16,V017,singles,T0099,T0048,1,1,T0048,T0099,away,7,203.28,0,Clear,428
B002549,2025-04-03,V040,singles,T0126,T0113,1,1,T0113,T0126,away,13,3.38,0,Smog,247
B002550,2025-10-16,V021,singles,T0087,T0096,1,1,T0087,T0096,home,8,181.91,0,Harsh Sun,272
B002551,2026-01-06,V032,doubles,T0081,T0020,2,2,T0081,T0020,home,10,62.41,0,Dusty,1046
B002552,2026-01-27,V017,singles,T0149,T0145,1,1,T0149,T0145,home,6,155.12,0,Clear,775
B002553,2025-03-06,V007,singles,T0166,T0018,1,1,T0166,T0018,home,8,96.21,0,High Winds,1396
B002554,2025-10-04,V013,doubles,T0065,T0039,2,2,T0039,T0065,away,14,9.58,0,Glittering,1841
B002555,2026-02-17,V031,doubles,T0060,T0144,2,2,T0060,T0144,home,17,267.19,0,Dusty,392
B002556,2024-01-24,V016,singles,T0118,T0068,1,1,T0068,T0118,away,9,132.07,0,Clear,149
B002557,2024-11-22,V053,triples,T0001,T0008,3,2,T0001,T0008,home,15,810.62,0,Rain,501
B002558,2024-07-29,V043,singles,T0156,T0046,1,1,T0046,T0156,away,10,82.71,0,Odd Aura,1172
B002559,2024-04-02,V040,singles,T0126,T0094,1,1,T0126,T0094,home,9,311.07,0,Smog,243
B002560,2025-02-12,V041,singles,T0032,T0122,1,1,T0122,T0032,away,13,36.59,0,Smog,663
B002561,2025-07-29,V034,doubles,T0134,T0151,2,2,T0151,T0134,away,13,58.55,0,Hail,1705
B002562,2025-09-01,V006,triples,T0173,T0075,3,2,T0173,T0075,home,17,671.54,0,Moonless,369
B002563,2025-11-02,V053,singles,T0131,T0104,1,1,T0131,T0104,home,7,294.32,0,Rain,412
B002564,2024-12-08,V006,singles,T0131,T0135,1,1,T0131,T0135,home,13,18.39,0,Moonless,241
B002565,2024-11-22,V030,singles,T0128,T0076,1,1,T0128,T0076,home,13,115.53,0,Sunny,693
B002566,2025-08-20,V052,singles,T0165,T0077,1,1,T0165,T0077,home,8,6.86,0,Rain,547
B002567,2024-06-06,V035,singles,T0005,T0073,1,1,T0073,T0005,away,14,35.17,0,Hail,401
B002568,2025-12-18,V029,doubles,T0087,T0043,2,2,T0043,T0087,away,13,48.61,0,Sunny,482
B002569,2024-04-15,V020,triples,T0016,T0102,3,3,T0102,T0016,away,21,100.55,0,Harsh Sun,1840
B002570,2024-08-05,V042,doubles,T0037,T0137,2,2,T0037,T0137,home,13,201.84,0,Smog,861
B002571,2025-08-22,V040,doubles,T0126,T0144,2,2,T0126,T0144,home,14,252.37,0,Smog,235
B002572,2025-06-20,V054,triples,T0151,T0106,3,3,T0151,T0106,home,17,51.73,0,Rain,796
B002573,2025-05-05,V036,singles,T0154,T0132,1,1,T0132,T0154,away,8,61.37,0,Hail,715
B002574,2024-08-20,V009,singles,T0135,T0122,1,1,T0135,T0122,home,6,436.58,0,High Winds,1535
B002575,2024-02-09,V036,doubles,T0050,T0130,2,2,T0130,T0050,away,10,203.02,0,Hail,729
B002576,2026-02-11,V035,doubles,T0013,T0112,2,2,T0013,T0112,home,14,2.39,0,Hail,406
B002577,2025-08-07,V028,singles,T0118,T0135,1,1,T0118,T0135,home,12,56.4,0,Sunny,1121
B002578,2024-03-27,V014,singles,T0031,T0145,1,1,T0031,T0145,home,10,43.01,0,Glittering,1609
B002579,2026-01-22,V037,singles,T0148,T0048,1,1,T0148,T0048,home,13,0.28,0,Clear,979
B002580,2025-05-17,V024,triples,T0125,T0031,3,3,T0031,T0125,away,24,178.54,1,Windy,876
B002581,2025-11-26,V035,doubles,T0110,T0128,2,2,T0128,T0110,away,10,387.63,0,Hail,344
B002582,2024-03-29,V026,doubles,T0072,T0141,2,2,T0141,T0072,away,11,400.03,0,Fog,574
B002583,2025-12-19,V039,doubles,T0068,T0051,2,2,T0051,T0068,away,9,67.18,0,Clear,912
B002584,2024-11-09,V032,singles,T0116,T0135,1,1,T0116,T0135,home,8,74.71,0,Dusty,1233
B002585,2025-08-01,V050,singles,T0025,T0104,1,1,T0025,T0104,home,10,59.54,0,Overcast,251
B002586,2025-03-16,V027,doubles,T0086,T0015,2,2,T0086,T0015,home,11,340.2,0,Fog,765
B002587,2024-01-25,V034,doubles,T0026,T0054,2,3,T0054,T0026,away,12,457.25,0,Hail,1361
B002588,2025-07-16,V003,doubles,T0080,T0178,2,2,T0178,T0080,away,9,103.39,0,Breezy,411
B002589,2025-11-12,V006,singles,T0036,T0040,1,1,T0040,T0036,away,10,152.95,0,Moonless,507
B002590,2024-06-30,V040,doubles,T0126,T0105,2,2,T0126,T0105,home,18,39.31,1,Smog,253
B002591,2025-04-30,V050,doubles,T0068,T0070,2,2,T0068,T0070,home,15,78.27,0,Overcast,222
B002592,2024-10-02,V028,singles,T0144,T0158,1,1,T0144,T0158,home,10,221.5,0,Sunny,1052
B002593,2024-04-11,V040,triples,T0126,T0052,3,2,T0126,T0052,home,10,1372.03,0,Smog,273
B002594,2025-11-12,V034,triples,T0077,T0123,3,3,T0123,T0077,away,16,617.48,0,Hail,1504
B002595,2025-01-19,V027,singles,T0120,T0165,1,1,T0120,T0165,home,13,172.33,0,Fog,873
B002596,2025-08-30,V012,triples,T0176,T0067,3,3,T0176,T0067,home,15,626.89,0,Thunderstorm,873
B002597,2024-05-15,V007,doubles,T0114,T0030,2,2,T0030,T0114,away,9,609.05,0,High Winds,1286
B002598,2025-01-26,V043,singles,T0148,T0039,1,1,T0148,T0039,home,9,64.42,0,Odd Aura,1050
B002599,2024-01-25,V037,singles,T0145,T0032,1,1,T0145,T0032,home,14,27.69,0,Clear,1009
B002600,2024-07-14,V040,doubles,T0105,T0162,2,2,T0105,T0162,home,8,343.62,0,Smog,301
B002601,2026-03-16,V048,singles,T0173,T0179,1,1,T0173,T0179,home,8,234.9,0,Sandstorm,2084
B002602,2024-02-11,V019,doubles,T0079,T0072,2,2,T0079,T0072,home,11,144.91,0,Harsh Sun,928
B002603,2026-01-08,V024,singles,T0118,T0047,1,1,T0047,T0118,away,13,139.73,0,Windy,937
B002604,2025-12-03,V021,doubles,T0160,T0026,2,2,T0026,T0160,away,10,48.96,0,Harsh Sun,325
B002605,2025-10-30,V033,doubles,T0084,T0172,2,2,T0084,T0172,home,16,134.82,1,Dusty,1356
B002606,2024-12-30,V030,triples,T0175,T0158,3,3,T0175,T0158,home,4,162.57,0,Sunny,700
B002607,2025-03-15,V016,singles,T0054,T0005,1,1,T0054,T0005,home,13,334.03,0,Clear,201
B002608,2026-02-06,V004,doubles,T0036,T0023,2,2,T0036,T0023,home,13,68.93,0,Moonless,664
B002609,2025-06-10,V051,triples,T0099,T0009,3,3,T0099,T0009,home,17,32.14,0,Overcast,479
B002610,2024-10-08,V019,doubles,T0074,T0109,2,2,T0109,T0074,away,13,27.81,0,Harsh Sun,965
B002611,2025-10-20,V046,doubles,T0123,T0095,2,2,T0123,T0095,home,9,188.33,0,Sandstorm,432
B002612,2024-03-13,V052,triples,T0053,T0150,3,3,T0053,T0150,home,24,57.06,1,Rain,558
B002613,2024-09-15,V028,triples,T0083,T0011,3,3,T0083,T0011,home,17,228.1,0,Sunny,1005
B002614,2025-11-15,V027,doubles,T0030,T0020,2,2,T0020,T0030,away,15,25.87,0,Fog,646
B002615,2025-12-26,V026,singles,T0048,T0128,1,1,T0128,T0048,away,6,159.48,0,Fog,730
B002616,2025-03-19,V051,singles,T0135,T0016,1,1,T0016,T0135,away,17,121.13,0,Overcast,615
B002617,2024-05-12,V009,singles,T0055,T0096,1,1,T0096,T0055,away,9,82.48,0,High Winds,1846
B002618,2025-01-21,V048,singles,T0049,T0125,1,1,T0125,T0049,away,11,140.04,0,Sandstorm,1896
B002619,2025-12-26,V023,doubles,T0139,T0091,2,2,T0091,T0139,away,13,161.02,0,Windy,1531
B002620,2024-07-04,V041,doubles,T0073,T0129,2,2,T0073,T0129,home,11,46.02,0,Smog,451
B002621,2024-08-03,V037,triples,T0060,T0115,3,3,T0060,T0115,home,21,85.44,1,Clear,1327
B002622,2025-09-20,V049,doubles,T0149,T0065,2,2,T0149,T0065,home,18,9.58,1,Overcast,663
B002623,2024-01-03,V018,doubles,T0027,T0112,2,2,T0112,T0027,away,13,110.07,0,Clear,1449
B002624,2024-02-18,V032,singles,T0152,T0108,1,2,T0108,T0152,away,11,517.7,0,Dusty,1286
B002625,2025-07-22,V049,doubles,T0028,T0102,2,2,T0028,T0102,home,4,55.13,0,Overcast,526
B002626,2024-09-02,V032,doubles,T0047,T0064,2,2,T0047,T0064,home,13,1.7,0,Dusty,1231
B002627,2025-11-29,V010,singles,T0176,T0140,1,1,T0176,T0140,home,8,121.18,0,Thunderstorm,593
B002628,2024-06-02,V054,doubles,T0147,T0020,2,2,T0020,T0147,away,14,273.44,0,Rain,520
B002629,2025-03-19,V018,singles,T0145,T0173,1,1,T0173,T0145,away,5,163.63,0,Clear,1178
B002630,2024-04-11,V036,triples,T0150,T0121,3,3,T0150,T0121,home,13,13.36,0,Hail,806
B002631,2025-01-08,V016,singles,T0166,T0043,1,1,T0043,T0166,away,11,210.2,0,Clear,104
B002632,2024-09-04,V040,singles,T0168,T0140,1,1,T0168,T0140,home,5,149.92,0,Smog,263
B002633,2026-02-23,V041,singles,T0077,T0115,1,1,T0077,T0115,home,6,102.3,0,Smog,677
B002634,2024-09-10,V041,doubles,T0002,T0011,2,2,T0002,T0011,home,9,122.04,0,Smog,469
B002635,2025-08-06,V032,triples,T0152,T0020,3,3,T0152,T0020,home,8,142.69,0,Dusty,1316
B002636,2024-06-07,V006,triples,T0065,T0045,3,3,T0045,T0065,away,24,290.35,1,Moonless,385
B002637,2024-08-04,V031,singles,T0115,T0045,1,1,T0045,T0115,away,9,243.85,0,Dusty,480
B002638,2025-08-11,V034,doubles,T0131,T0042,2,2,T0131,T0042,home,20,608.39,1,Hail,1037
B002639,2025-06-13,V008,doubles,T0021,T0119,2,2,T0119,T0021,away,11,263.23,0,High Winds,320
B002640,2024-06-25,V007,doubles,T0099,T0111,2,2,T0111,T0099,away,11,1.85,0,High Winds,1552
B002641,2024-02-04,V004,doubles,T0139,T0084,2,2,T0139,T0084,home,13,166.85,0,Moonless,524
B002642,2024-06-30,V029,singles,T0092,T0145,1,1,T0145,T0092,away,11,122.32,0,Sunny,400
B002643,2024-07-28,V052,doubles,T0098,T0164,2,2,T0098,T0164,home,15,531.77,0,Rain,592
B002644,2024-03-05,V030,triples,T0078,T0174,3,3,T0174,T0078,away,17,153.14,0,Sunny,951
B002645,2025-07-28,V011,singles,T0094,T0034,1,1,T0034,T0094,away,9,91.17,0,Thunderstorm,204
B002646,2025-12-01,V020,singles,T0007,T0074,1,1,T0007,T0074,home,9,113.01,0,Harsh Sun,1768
B002647,2025-10-28,V024,doubles,T0038,T0062,2,2,T0038,T0062,home,20,267.77,1,Windy,944
B002648,2025-06-14,V019,triples,T0097,T0121,3,3,T0121,T0097,away,19,208.61,1,Harsh Sun,942
B002649,2024-10-15,V014,doubles,T0113,T0044,2,2,T0044,T0113,away,12,43.41,0,Glittering,1921
B002650,2024-11-24,V052,triples,T0138,T0061,3,2,T0138,T0061,home,24,376.67,1,Rain,639
B002651,2025-02-22,V049,doubles,T0010,T0054,2,2,T0054,T0010,away,6,409.82,0,Overcast,713
B002652,2025-08-14,V034,doubles,T0086,T0015,2,2,T0086,T0015,home,16,48.01,0,Hail,1364
B002653,2025-09-12,V003,doubles,T0077,T0033,2,2,T0077,T0033,home,9,51.96,0,Breezy,323
B002654,2024-09-05,V006,doubles,T0178,T0130,2,2,T0130,T0178,away,8,198.34,0,Moonless,598
B002655,2025-11-18,V052,doubles,T0062,T0106,2,2,T0062,T0106,home,18,555.59,1,Rain,776
B002656,2026-02-06,V031,doubles,T0028,T0157,2,2,T0157,T0028,away,9,270.04,0,Dusty,367
B002657,2026-01-14,V043,triples,T0094,T0138,3,3,T0094,T0138,home,20,415.59,1,Odd Aura,1469
B002658,2024-10-13,V028,doubles,T0075,T0140,2,2,T0075,T0140,home,15,132.84,0,Sunny,911
B002659,2025-11-08,V017,triples,T0080,T0120,3,3,T0120,T0080,away,21,78.11,1,Clear,712
B002660,2024-03-24,V028,doubles,T0165,T0141,2,2,T0165,T0141,home,13,424.92,0,Sunny,682
B002661,2024-05-01,V040,singles,T0080,T0148,1,1,T0148,T0080,away,6,136.38,0,Smog,274
B002662,2024-01-11,V007,doubles,T0039,T0155,2,2,T0039,T0155,home,20,75.45,0,High Winds,1368
B002663,2025-12-02,V009,singles,T0138,T0065,1,1,T0065,T0138,away,11,53.46,0,High Winds,1806
B002664,2025-09-13,V046,singles,T0130,T0168,1,1,T0130,T0168,home,10,435.91,0,Sandstorm,471
B002665,2024-06-13,V040,triples,T0174,T0011,3,3,T0174,T0011,home,13,257.55,0,Smog,255
B002666,2024-01-28,V009,singles,T0155,T0130,1,1,T0130,T0155,away,8,120.96,0,High Winds,2289
B002667,2025-04-03,V022,triples,T0004,T0063,3,3,T0063,T0004,away,17,781.95,0,Windy,1087
B002668,2024-12-03,V024,singles,T0079,T0002,1,1,T0002,T0079,away,8,22.01,0,Windy,982
B002669,2025-08-08,V045,singles,T0009,T0111,1,1,T0111,T0009,away,15,1.91,0,Odd Aura,531
B002670,2025-12-16,V042,doubles,T0039,T0111,2,2,T0039,T0111,home,7,97.61,0,Smog,854
B002671,2024-12-14,V047,singles,T0013,T0064,1,1,T0013,T0064,home,8,217.05,0,Sandstorm,363
B002672,2025-03-27,V029,doubles,T0142,T0147,2,2,T0142,T0147,home,20,328.36,1,Sunny,460
B002673,2024-08-12,V009,singles,T0044,T0152,1,1,T0152,T0044,away,8,186.11,0,High Winds,1754
B002674,2025-03-19,V020,singles,T0064,T0139,1,1,T0064,T0139,home,7,3.18,0,Harsh Sun,1745
B002675,2025-10-07,V048,singles,T0029,T0118,1,1,T0118,T0029,away,11,121.74,0,Sandstorm,1932
B002676,2025-05-21,V027,doubles,T0107,T0020,2,2,T0020,T0107,away,10,230.54,0,Fog,836
B002677,2024-10-28,V010,doubles,T0017,T0038,2,2,T0038,T0017,away,9,261.58,0,Thunderstorm,566
B002678,2025-06-13,V022,doubles,T0164,T0017,2,2,T0017,T0164,away,24,245.02,1,Windy,916
B002679,2026-01-13,V004,singles,T0060,T0119,1,1,T0060,T0119,home,7,208.62,0,Moonless,489
B002680,2024-07-29,V015,doubles,T0137,T0020,2,2,T0020,T0137,away,5,440.37,0,Glittering,174
B002681,2024-11-08,V054,triples,T0090,T0023,3,3,T0090,T0023,home,19,307.22,0,Rain,537
B002682,2024-06-05,V034,doubles,T0165,T0134,2,2,T0134,T0165,away,13,186.29,0,Hail,1044
B002683,2025-06-13,V020,doubles,T0016,T0092,2,2,T0016,T0092,home,9,75.25,0,Harsh Sun,1723
B002684,2024-05-30,V049,singles,T0170,T0162,1,1,T0162,T0170,away,8,118.19,0,Overcast,789
B002685,2025-04-16,V049,singles,T0002,T0007,1,1,T0002,T0007,home,7,200.01,0,Overcast,797
B002686,2024-01-08,V014,singles,T0094,T0057,1,1,T0094,T0057,home,5,15.25,0,Glittering,1471
B002687,2024-10-28,V020,triples,T0057,T0090,3,3,T0057,T0090,home,13,392.95,0,Harsh Sun,1593
B002688,2024-03-21,V040,singles,T0077,T0113,1,1,T0113,T0077,away,11,138.08,0,Smog,255
B002689,2026-02-21,V011,singles,T0095,T0144,1,1,T0095,T0144,home,9,291.77,0,Thunderstorm,154
B002690,2024-08-24,V030,triples,T0041,T0177,3,3,T0041,T0177,home,24,136.61,1,Sunny,740
B002691,2024-02-25,V020,triples,T0011,T0137,3,3,T0137,T0011,away,12,132.51,0,Harsh Sun,2034
B002692,2024-09-25,V003,doubles,T0077,T0140,2,2,T0140,T0077,away,13,171.17,0,Breezy,657
B002693,2025-07-07,V010,doubles,T0137,T0047,2,2,T0137,T0047,home,20,198.79,0,Thunderstorm,391
B002694,2025-09-01,V006,doubles,T0109,T0073,2,2,T0073,T0109,away,9,20.02,0,Moonless,420
B002695,2024-01-02,V012,singles,T0030,T0084,1,1,T0030,T0084,home,15,33.87,0,Thunderstorm,957
B002696,2024-05-02,V026,triples,T0080,T0153,3,3,T0080,T0153,home,10,139.76,0,Fog,609
B002697,2024-12-27,V003,doubles,T0080,T0097,2,2,T0080,T0097,home,6,76.14,0,Breezy,552
B002698,2024-09-24,V033,singles,T0087,T0130,1,1,T0130,T0087,away,12,16.31,0,Dusty,1758
B002699,2025-05-13,V042,doubles,T0168,T0086,2,1,T0168,T0086,home,12,696.87,0,Smog,799
B002700,2026-01-05,V039,doubles,T0141,T0160,2,2,T0160,T0141,away,13,57.72,0,Clear,702
B002701,2026-01-06,V012,singles,T0180,T0150,1,1,T0150,T0180,away,6,57.81,0,Thunderstorm,1013
B002702,2024-09-20,V006,singles,T0101,T0161,1,1,T0161,T0101,away,11,70.91,0,Moonless,386
B002703,2024-12-11,V006,singles,T0004,T0081,1,1,T0081,T0004,away,10,107.02,0,Moonless,567
B002704,2025-05-14,V054,doubles,T0134,T0008,2,3,T0008,T0134,away,12,338.57,0,Rain,534
B002705,2025-07-07,V033,doubles,T0073,T0117,2,2,T0117,T0073,away,20,404.91,1,Dusty,1773
B002706,2025-02-21,V020,triples,T0016,T0151,3,2,T0016,T0151,home,24,107.77,1,Harsh Sun,1680
B002707,2025-03-12,V036,triples,T0037,T0138,3,3,T0037,T0138,home,11,258.82,0,Hail,793
B002708,2024-05-09,V025,doubles,T0026,T0025,2,2,T0025,T0026,away,14,53.16,1,Fog,1030
B002709,2025-04-03,V011,triples,T0007,T0121,3,3,T0007,T0121,home,16,25.42,1,Thunderstorm,111
B002710,2025-08-28,V001,singles,T0039,T0037,1,1,T0037,T0039,away,7,28.39,0,Breezy,779
B002711,2024-10-02,V046,triples,T0146,T0023,3,3,T0146,T0023,home,22,160.58,1,Sandstorm,545
B002712,2025-11-14,V053,doubles,T0150,T0003,2,2,T0150,T0003,home,16,106.37,0,Rain,474
B002713,2025-06-16,V042,doubles,T0159,T0162,2,2,T0159,T0162,home,7,294.2,0,Smog,651
B002714,2024-01-30,V048,doubles,T0119,T0001,2,2,T0119,T0001,home,10,33.95,0,Sandstorm,2088
B002715,2024-02-04,V035,triples,T0124,T0179,3,3,T0124,T0179,home,14,282.97,0,Hail,369
B002716,2024-09-10,V035,doubles,T0002,T0025,2,2,T0002,T0025,home,16,130.52,1,Hail,333
B002717,2025-08-02,V052,doubles,T0032,T0077,2,3,T0077,T0032,away,10,399.67,0,Rain,879
B002718,2024-03-19,V028,doubles,T0169,T0026,2,2,T0169,T0026,home,14,201.87,0,Sunny,1157
B002719,2025-02-15,V016,triples,T0037,T0146,3,3,T0037,T0146,home,16,47.55,0,Clear,181
B002720,2024-01-30,V016,singles,T0111,T0014,1,1,T0111,T0014,home,15,298.94,0,Clear,160
B002721,2025-08-28,V034,doubles,T0033,T0153,2,2,T0033,T0153,home,8,170.76,0,Hail,1700
B002722,2025-10-24,V045,doubles,T0124,T0002,2,2,T0124,T0002,home,13,289.65,0,Odd Aura,515
B002723,2024-03-24,V001,singles,T0147,T0171,1,1,T0171,T0147,away,12,133.61,0,Breezy,682
B002724,2026-03-17,V013,doubles,T0058,T0055,2,1,T0058,T0055,home,14,402.2,0,Glittering,1489
B002725,2025-11-07,V004,doubles,T0121,T0027,2,1,T0121,T0027,home,11,855.09,0,Moonless,842
B002726,2025-03-29,V003,singles,T0062,T0058,1,1,T0058,T0062,away,5,143.02,0,Breezy,517
B002727,2025-10-17,V014,singles,T0004,T0041,1,1,T0041,T0004,away,8,81.66,0,Glittering,1635
B002728,2025-05-24,V034,singles,T0174,T0103,1,1,T0174,T0103,home,11,46.07,0,Hail,1609
B002729,2024-07-31,V052,singles,T0179,T0013,1,1,T0013,T0179,away,11,227.62,0,Rain,678
B002730,2024-04-21,V024,singles,T0038,T0085,1,1,T0038,T0085,home,6,106.54,0,Windy,894
B002731,2026-02-11,V020,doubles,T0038,T0109,2,2,T0038,T0109,home,7,364.68,0,Harsh Sun,1810
B002732,2024-01-08,V021,singles,T0091,T0177,1,1,T0091,T0177,home,10,375.34,0,Harsh Sun,285
B002733,2024-01-21,V045,doubles,T0068,T0078,2,2,T0068,T0078,home,8,18.54,0,Odd Aura,467
B002734,2026-03-31,V040,singles,T0043,T0012,1,1,T0043,T0012,home,13,83.7,0,Smog,254
B002735,2024-08-17,V004,singles,T0083,T0056,1,1,T0056,T0083,away,4,117.01,0,Moonless,810
B002736,2024-03-29,V040,singles,T0126,T0094,1,1,T0126,T0094,home,12,75.17,0,Smog,288
B002737,2025-02-20,V017,singles,T0128,T0120,1,1,T0128,T0120,home,11,357.35,0,Clear,692
B002738,2025-05-05,V003,triples,T0118,T0166,3,3,T0166,T0118,away,17,189.07,0,Breezy,553
B002739,2024-02-12,V012,triples,T0111,T0078,3,3,T0111,T0078,home,23,165.06,1,Thunderstorm,929
B002740,2024-09-19,V045,singles,T0009,T0035,1,1,T0009,T0035,home,6,170.98,0,Odd Aura,614
B002741,2025-03-13,V006,doubles,T0159,T0039,2,2,T0159,T0039,home,9,102.61,0,Moonless,565
B002742,2026-01-16,V050,doubles,T0173,T0087,2,2,T0173,T0087,home,11,253.33,0,Overcast,181
B002743,2025-12-02,V007,doubles,T0177,T0176,2,2,T0176,T0177,away,18,393.72,0,High Winds,1570
B002744,2025-05-08,V036,doubles,T0050,T0134,2,2,T0050,T0134,home,19,494.06,1,Hail,728
B002745,2025-07-14,V017,singles,T0163,T0161,1,1,T0161,T0163,away,4,15.65,0,Clear,708
B002746,2024-11-17,V003,singles,T0135,T0086,1,1,T0135,T0086,home,9,73.99,0,Breezy,648
B002747,2024-04-08,V036,singles,T0057,T0085,1,1,T0057,T0085,home,7,159.06,0,Hail,610
B002748,2025-10-01,V007,doubles,T0117,T0043,2,2,T0043,T0117,away,13,55.24,0,High Winds,1553
B002749,2025-05-28,V051,singles,T0138,T0120,1,1,T0120,T0138,away,8,105.02,0,Overcast,532
B002750,2025-07-15,V051,doubles,T0173,T0056,2,2,T0056,T0173,away,10,74.46,0,Overcast,414
B002751,2025-03-05,V022,singles,T0173,T0133,1,1,T0133,T0173,away,8,359.26,0,Windy,1174
B002752,2024-04-12,V045,doubles,T0009,T0155,2,2,T0155,T0009,away,11,27.91,0,Odd Aura,508
B002753,2025-01-18,V015,singles,T0076,T0077,1,1,T0077,T0076,away,11,22.51,0,Glittering,190
B002754,2025-07-19,V026,singles,T0062,T0018,1,1,T0062,T0018,home,12,136.63,0,Fog,620
B002755,2024-08-20,V048,singles,T0119,T0160,1,1,T0160,T0119,away,5,53.83,0,Sandstorm,2332
B002756,2024-12-16,V043,singles,T0112,T0138,1,1,T0112,T0138,home,10,52.18,0,Odd Aura,1035
B002757,2025-01-14,V036,doubles,T0145,T0109,2,2,T0145,T0109,home,16,183.66,0,Hail,526
B002758,2026-01-16,V053,singles,T0082,T0118,1,1,T0082,T0118,home,11,66.35,0,Rain,495
B002759,2025-05-23,V046,singles,T0112,T0165,1,1,T0165,T0112,away,16,5.58,0,Sandstorm,568
B002760,2025-06-24,V007,triples,T0004,T0026,3,3,T0026,T0004,away,11,52.78,0,High Winds,1188
B002761,2026-01-31,V027,singles,T0043,T0051,1,1,T0043,T0051,home,12,119.02,0,Fog,724
B002762,2024-07-17,V019,singles,T0107,T0070,1,1,T0107,T0070,home,12,167.81,0,Harsh Sun,1276
B002763,2024-01-30,V004,doubles,T0040,T0179,2,2,T0040,T0179,home,18,598.24,1,Moonless,687
B002764,2025-03-01,V047,singles,T0036,T0148,1,1,T0148,T0036,away,5,166.84,0,Sandstorm,456
B002765,2025-08-09,V044,singles,T0140,T0055,1,1,T0140,T0055,home,10,24.07,0,Odd Aura,1806
B002766,2025-11-29,V036,singles,T0048,T0151,1,1,T0151,T0048,away,10,226.67,0,Hail,648
B002767,2025-10-16,V044,doubles,T0048,T0174,2,2,T0174,T0048,away,7,29.28,0,Odd Aura,1547
B002768,2024-03-23,V042,singles,T0084,T0013,1,1,T0013,T0084,away,10,160.46,0,Smog,470
B002769,2025-05-12,V040,singles,T0126,T0094,1,1,T0126,T0094,home,10,181.93,0,Smog,250
B002770,2025-05-16,V012,singles,T0006,T0004,1,1,T0006,T0004,home,13,31.26,0,Thunderstorm,844
B002771,2024-12-26,V004,doubles,T0106,T0101,2,2,T0101,T0106,away,14,2.88,0,Moonless,692
B002772,2024-09-23,V016,triples,T0154,T0109,3,3,T0154,T0109,home,19,41.78,1,Clear,111
B002773,2025-12-02,V035,triples,T0062,T0110,3,3,T0062,T0110,home,16,571.75,0,Hail,349
B002774,2025-11-03,V053,singles,T0122,T0083,1,1,T0083,T0122,away,10,274.79,0,Rain,543
B002775,2025-02-06,V004,singles,T0148,T0140,1,1,T0148,T0140,home,4,358.52,0,Moonless,720
B002776,2025-10-01,V030,triples,T0078,T0051,3,3,T0051,T0078,away,18,15.65,0,Sunny,776
B002777,2024-09-11,V001,singles,T0116,T0147,1,1,T0116,T0147,home,8,300.13,0,Breezy,732
B002778,2026-02-01,V027,singles,T0088,T0055,1,1,T0088,T0055,home,13,118.59,0,Fog,709
B002779,2025-07-20,V022,triples,T0052,T0148,3,3,T0052,T0148,home,14,0.09,0,Windy,1293
B002780,2024-03-30,V043,triples,T0143,T0153,3,3,T0143,T0153,home,13,50.23,0,Odd Aura,876
B002781,2024-09-08,V033,doubles,T0152,T0122,2,2,T0152,T0122,home,15,19.48,0,Dusty,1635
B002782,2025-06-02,V034,singles,T0131,T0147,1,1,T0131,T0147,home,10,219.34,0,Hail,1387
B002783,2025-08-24,V016,singles,T0077,T0023,1,1,T0077,T0023,home,10,38.58,0,Clear,212
B002784,2024-06-16,V009,doubles,T0013,T0012,2,3,T0012,T0013,away,14,475.37,0,High Winds,2124
B002785,2024-04-11,V016,triples,T0110,T0018,3,3,T0018,T0110,away,14,110.73,0,Clear,216
B002786,2024-08-09,V012,doubles,T0030,T0023,2,2,T0030,T0023,home,17,59.77,1,Thunderstorm,1164
B002787,2024-03-06,V008,singles,T0052,T0035,1,1,T0052,T0035,home,11,29.24,0,High Winds,367
B002788,2026-03-11,V001,doubles,T0164,T0083,2,2,T0083,T0164,away,11,52.5,0,Breezy,826
B002789,2024-10-09,V031,singles,T0060,T0081,1,1,T0081,T0060,away,10,20.23,0,Dusty,473
B002790,2024-04-18,V019,doubles,T0098,T0009,2,2,T0098,T0009,home,12,74.1,0,Harsh Sun,802
B002791,2025-11-20,V026,singles,T0107,T0132,1,1,T0132,T0107,away,13,78.95,0,Fog,468
B002792,2025-08-26,V042,triples,T0076,T0025,3,3,T0076,T0025,home,20,284.02,1,Smog,527
B002793,2024-01-05,V038,doubles,T0161,T0108,2,2,T0108,T0161,away,13,160.19,0,Clear,836
B002794,2025-05-02,V027,doubles,T0103,T0160,2,2,T0160,T0103,away,9,149.69,0,Fog,774
B002795,2025-05-04,V049,triples,T0170,T0079,3,3,T0170,T0079,home,18,260.86,0,Overcast,652
B002796,2025-07-21,V030,singles,T0072,T0056,1,1,T0072,T0056,home,9,1.54,0,Sunny,894
B002797,2024-03-27,V001,doubles,T0039,T0020,2,2,T0020,T0039,away,12,335.82,0,Breezy,793
B002798,2024-09-17,V036,doubles,T0050,T0123,2,2,T0123,T0050,away,12,212.34,0,Hail,707
B002799,2025-09-29,V028,triples,T0172,T0085,3,3,T0172,T0085,home,14,167.06,0,Sunny,706
B002800,2024-10-03,V033,doubles,T0024,T0111,2,2,T0111,T0024,away,8,185.46,0,Dusty,2057
B002801,2024-10-17,V021,singles,T0056,T0134,1,1,T0056,T0134,home,9,30.68,0,Harsh Sun,240
B002802,2025-05-20,V015,triples,T0050,T0025,3,3,T0050,T0025,home,19,154.6,0,Glittering,140
B002803,2024-07-20,V017,doubles,T0134,T0006,2,2,T0006,T0134,away,21,196.53,1,Clear,516
B002804,2025-09-25,V020,singles,T0016,T0179,1,1,T0016,T0179,home,12,92.86,0,Harsh Sun,1544
B002805,2025-01-05,V002,doubles,T0106,T0176,2,2,T0176,T0106,away,17,343.48,1,Breezy,863
B002806,2024-09-05,V036,doubles,T0170,T0108,2,2,T0170,T0108,home,13,203.63,0,Hail,780
B002807,2024-07-10,V054,singles,T0002,T0039,1,1,T0002,T0039,home,12,64.86,0,Rain,367
B002808,2026-03-15,V004,singles,T0010,T0146,1,1,T0146,T0010,away,9,197.76,0,Moonless,811
B002809,2025-10-30,V043,triples,T0138,T0118,3,3,T0118,T0138,away,15,48.6,0,Odd Aura,1073
B002810,2025-07-24,V051,singles,T0008,T0163,1,1,T0008,T0163,home,6,39.9,0,Overcast,418
B002811,2025-04-13,V031,doubles,T0060,T0066,2,2,T0066,T0060,away,19,312.56,0,Dusty,438
B002812,2024-07-07,V017,singles,T0096,T0024,1,1,T0096,T0024,home,8,136.64,0,Clear,440
B002813,2024-05-01,V030,triples,T0133,T0044,3,3,T0133,T0044,home,11,93.62,0,Sunny,836
B002814,2025-07-13,V034,doubles,T0026,T0086,2,2,T0086,T0026,away,9,126.76,0,Hail,1503
B002815,2025-11-15,V003,triples,T0073,T0068,3,3,T0073,T0068,home,18,142.6,0,Breezy,569
B002816,2024-03-28,V018,doubles,T0034,T0033,2,2,T0034,T0033,home,24,194.02,1,Clear,1592
B002817,2025-09-07,V022,singles,T0104,T0017,1,1,T0104,T0017,home,4,118.39,0,Windy,736
B002818,2024-12-18,V029,singles,T0115,T0124,1,1,T0124,T0115,away,17,182.11,0,Sunny,443
B002819,2026-03-05,V048,doubles,T0133,T0107,2,2,T0133,T0107,home,11,214.58,0,Sandstorm,2153
B002820,2025-09-19,V052,singles,T0091,T0050,1,1,T0050,T0091,away,10,28.27,0,Rain,726
B002821,2024-05-20,V049,doubles,T0172,T0087,2,2,T0087,T0172,away,23,553.76,1,Overcast,840
B002822,2024-04-02,V020,singles,T0112,T0044,1,1,T0112,T0044,home,8,80.36,0,Harsh Sun,1336
B002823,2025-03-29,V007,triples,T0169,T0133,3,3,T0133,T0169,away,12,253.3,0,High Winds,1216
B002824,2025-01-14,V023,singles,T0159,T0109,1,1,T0159,T0109,home,10,237.18,0,Windy,1243
B002825,2025-11-29,V003,singles,T0083,T0146,1,1,T0146,T0083,away,11,3.13,0,Breezy,402
B002826,2024-08-14,V045,singles,T0154,T0164,1,1,T0164,T0154,away,11,38.39,0,Odd Aura,442
B002827,2024-07-05,V015,singles,T0109,T0041,1,1,T0041,T0109,away,11,114.98,0,Glittering,93
B002828,2024-10-30,V033,doubles,T0165,T0045,2,2,T0165,T0045,home,13,94.45,0,Dusty,1563
B002829,2024-01-27,V004,doubles,T0036,T0049,2,2,T0049,T0036,away,17,76.49,0,Moonless,474
B002830,2024-10-27,V022,doubles,T0018,T0045,2,2,T0018,T0045,home,8,287.88,0,Windy,809
B002831,2024-12-19,V046,doubles,T0067,T0054,2,2,T0054,T0067,away,13,274.6,0,Sandstorm,510
B002832,2024-11-16,V046,singles,T0084,T0110,1,1,T0084,T0110,home,8,170.06,0,Sandstorm,432
B002833,2026-01-04,V013,doubles,T0058,T0049,2,3,T0049,T0058,away,7,436.77,0,Glittering,1931
B002834,2025-05-22,V042,doubles,T0105,T0150,2,2,T0150,T0105,away,12,205.67,0,Smog,605
B002835,2025-10-20,V010,singles,T0020,T0114,1,1,T0114,T0020,away,4,51.23,0,Thunderstorm,750
B002836,2025-08-24,V018,doubles,T0164,T0118,2,2,T0164,T0118,home,8,40.55,0,Clear,1440
B002837,2024-04-06,V024,doubles,T0020,T0128,2,2,T0020,T0128,home,10,85.66,0,Windy,1007
B002838,2024-01-25,V019,triples,T0012,T0085,3,3,T0012,T0085,home,17,54.7,0,Harsh Sun,1215
B002839,2024-04-24,V031,doubles,T0033,T0044,2,2,T0033,T0044,home,10,26.43,0,Dusty,431
B002840,2024-07-02,V009,singles,T0177,T0023,1,1,T0023,T0177,away,8,178.64,0,High Winds,1984
B002841,2024-09-05,V028,singles,T0028,T0013,1,1,T0013,T0028,away,12,199.17,0,Sunny,789
B002842,2024-08-16,V023,triples,T0024,T0161,3,3,T0024,T0161,home,19,305.56,1,Windy,1317
B002843,2024-11-14,V012,singles,T0060,T0052,1,1,T0052,T0060,away,12,109.4,0,Thunderstorm,966
B002844,2024-01-06,V017,singles,T0036,T0150,1,1,T0150,T0036,away,11,137.52,0,Clear,569
B002845,2024-10-10,V016,singles,T0131,T0103,1,1,T0131,T0103,home,6,91.54,0,Clear,204
B002846,2025-06-02,V054,triples,T0044,T0036,3,3,T0036,T0044,away,14,301.84,0,Rain,739
B002847,2025-11-30,V020,triples,T0127,T0119,3,3,T0119,T0127,away,12,317.48,0,Harsh Sun,1463
B002848,2025-05-10,V002,triples,T0044,T0072,3,3,T0044,T0072,home,20,51.99,1,Breezy,1130
B002849,2024-06-11,V015,singles,T0057,T0060,1,1,T0060,T0057,away,13,374.35,0,Glittering,201
B002850,2024-05-08,V027,doubles,T0028,T0096,2,2,T0028,T0096,home,12,127.24,0,Fog,650
B002851,2024-09-03,V036,triples,T0124,T0122,3,3,T0124,T0122,home,14,733.14,0,Hail,758
B002852,2024-04-14,V001,singles,T0114,T0105,1,1,T0114,T0105,home,9,49.48,0,Breezy,576
B002853,2024-01-05,V041,singles,T0031,T0136,1,1,T0136,T0031,away,10,131.02,0,Smog,531
B002854,2024-12-29,V045,singles,T0027,T0112,1,1,T0112,T0027,away,6,51.09,0,Odd Aura,573
B002855,2025-07-01,V041,singles,T0151,T0178,1,1,T0178,T0151,away,15,87.38,0,Smog,589
B002856,2024-09-23,V027,doubles,T0175,T0118,2,2,T0118,T0175,away,10,107.44,0,Fog,692
B002857,2026-02-09,V050,triples,T0100,T0014,3,3,T0100,T0014,home,14,585.25,0,Overcast,190
B002858,2024-11-11,V028,doubles,T0047,T0169,2,2,T0047,T0169,home,17,37.83,1,Sunny,848
B002859,2024-12-17,V030,singles,T0150,T0087,1,1,T0150,T0087,home,6,45.17,0,Sunny,679
B002860,2025-08-28,V017,singles,T0164,T0041,1,1,T0041,T0164,away,6,17.75,0,Clear,590
B002861,2024-06-13,V033,singles,T0105,T0102,1,1,T0105,T0102,home,10,31.46,0,Dusty,1683
B002862,2025-03-20,V014,doubles,T0128,T0077,2,2,T0128,T0077,home,11,235.89,0,Glittering,1837
B002863,2024-09-15,V002,doubles,T0179,T0054,2,2,T0054,T0179,away,11,461.5,0,Breezy,1368
B002864,2025-10-24,V054,triples,T0025,T0001,3,3,T0001,T0025,away,16,374.71,0,Rain,213
B002865,2025-06-15,V016,triples,T0084,T0177,3,3,T0084,T0177,home,15,46.39,0,Clear,180
B002866,2025-07-30,V004,triples,T0113,T0116,3,3,T0113,T0116,home,14,141.44,0,Moonless,714
B002867,2025-09-18,V006,doubles,T0153,T0103,2,2,T0153,T0103,home,7,254.4,0,Moonless,372
B002868,2026-03-29,V003,triples,T0154,T0059,3,3,T0154,T0059,home,24,150.53,1,Breezy,558
B002869,2024-11-26,V016,doubles,T0131,T0018,2,2,T0131,T0018,home,15,13.03,0,Clear,197
B002870,2025-02-26,V027,doubles,T0177,T0068,2,2,T0068,T0177,away,14,230.12,0,Fog,688
B002871,2025-10-23,V047,singles,T0122,T0142,1,1,T0142,T0122,away,11,364.71,0,Sandstorm,302
B002872,2026-03-18,V019,triples,T0131,T0020,3,3,T0020,T0131,away,12,231.4,0,Harsh Sun,1206
B002873,2024-05-23,V005,doubles,T0178,T0171,2,2,T0178,T0171,home,12,428.97,0,Moonless,1141
B002874,2026-01-05,V038,doubles,T0004,T0130,2,2,T0130,T0004,away,11,226.98,0,Clear,733
B002875,2025-11-09,V012,doubles,T0047,T0077,2,2,T0077,T0047,away,18,228.89,0,Thunderstorm,913
B002876,2025-08-17,V037,singles,T0012,T0005,1,1,T0005,T0012,away,7,127.38,0,Clear,1277
B002877,2025-11-04,V027,doubles,T0127,T0177,2,2,T0177,T0127,away,17,230.18,0,Fog,826
B002878,2024-03-20,V036,triples,T0118,T0132,3,3,T0118,T0132,home,18,9.11,0,Hail,592
B002879,2024-05-22,V035,doubles,T0066,T0056,2,2,T0066,T0056,home,12,235.92,0,Hail,294
B002880,2025-05-14,V041,doubles,T0111,T0023,2,2,T0111,T0023,home,4,180.44,0,Smog,563
B002881,2024-11-13,V011,singles,T0063,T0162,1,1,T0063,T0162,home,11,428.15,0,Thunderstorm,155
B002882,2024-04-06,V021,singles,T0035,T0073,1,1,T0073,T0035,away,10,115.27,0,Harsh Sun,246
B002883,2026-03-26,V052,doubles,T0028,T0064,2,2,T0064,T0028,away,14,275.16,0,Rain,724
B002884,2025-12-24,V038,doubles,T0111,T0097,2,2,T0097,T0111,away,10,202.1,0,Clear,771
B002885,2024-03-23,V022,doubles,T0100,T0091,2,2,T0091,T0100,away,11,153.91,0,Windy,950
B002886,2025-05-10,V013,doubles,T0022,T0159,2,2,T0159,T0022,away,20,109.33,1,Glittering,1845
B002887,2024-03-12,V019,singles,T0006,T0008,1,1,T0008,T0006,away,11,72.42,0,Harsh Sun,1146
B002888,2025-06-24,V037,singles,T0010,T0165,1,1,T0165,T0010,away,9,64.1,0,Clear,1220
B002889,2025-03-12,V017,triples,T0158,T0044,3,3,T0044,T0158,away,10,445.9,0,Clear,679
B002890,2024-08-16,V031,singles,T0014,T0162,1,1,T0014,T0162,home,9,251.83,0,Dusty,392
B002891,2024-09-19,V016,doubles,T0142,T0155,2,2,T0155,T0142,away,15,401.29,0,Clear,145
B002892,2024-01-12,V049,doubles,T0002,T0017,2,2,T0017,T0002,away,21,21.66,1,Overcast,711
B002893,2025-02-19,V011,triples,T0074,T0104,3,3,T0104,T0074,away,24,334.38,1,Thunderstorm,209
B002894,2025-10-19,V027,singles,T0048,T0011,1,1,T0048,T0011,home,8,72.17,0,Fog,768
B002895,2025-05-16,V006,doubles,T0004,T0165,2,2,T0004,T0165,home,14,141.83,0,Moonless,481
B002896,2024-03-21,V005,singles,T0025,T0154,1,1,T0025,T0154,home,9,41.69,0,Moonless,1047
B002897,2026-03-20,V009,singles,T0109,T0091,1,1,T0091,T0109,away,7,51.6,0,High Winds,2037
B002898,2024-10-09,V022,singles,T0101,T0007,1,1,T0007,T0101,away,7,143.91,0,Windy,963
B002899,2024-04-22,V050,triples,T0042,T0133,3,3,T0042,T0133,home,24,17.16,0,Overcast,178
B002900,2025-08-09,V043,singles,T0144,T0067,1,1,T0144,T0067,home,8,33.73,0,Odd Aura,917
B002901,2024-09-28,V023,singles,T0032,T0023,1,1,T0023,T0032,away,7,139.75,0,Windy,1119
B002902,2026-02-19,V016,doubles,T0131,T0175,2,2,T0131,T0175,home,18,5.81,1,Clear,215
B002903,2025-12-07,V034,singles,T0011,T0116,1,1,T0116,T0011,away,12,198.47,0,Hail,1389
B002904,2024-01-04,V049,doubles,T0113,T0048,2,2,T0113,T0048,home,14,3.23,0,Overcast,705
B002905,2025-11-21,V010,doubles,T0176,T0017,2,2,T0017,T0176,away,12,79.34,0,Thunderstorm,647
B002906,2025-10-25,V022,doubles,T0115,T0017,2,2,T0017,T0115,away,17,148.15,1,Windy,971
B002907,2024-08-14,V014,singles,T0175,T0167,1,1,T0167,T0175,away,4,298.71,0,Glittering,1639
B002908,2026-01-23,V044,singles,T0049,T0099,1,1,T0099,T0049,away,10,353.63,0,Odd Aura,1454
B002909,2024-08-26,V032,doubles,T0041,T0065,2,2,T0065,T0041,away,9,16.24,0,Dusty,1400
B002910,2024-10-02,V020,doubles,T0140,T0026,2,2,T0026,T0140,away,10,172.43,0,Harsh Sun,1708
B002911,2024-09-07,V012,triples,T0140,T0178,3,3,T0178,T0140,away,20,447.28,1,Thunderstorm,910
B002912,2024-05-13,V026,doubles,T0170,T0049,2,2,T0170,T0049,home,9,131.08,0,Fog,747
B002913,2026-01-17,V007,doubles,T0023,T0078,2,2,T0078,T0023,away,12,134.87,0,High Winds,1545
B002914,2024-02-10,V050,triples,T0032,T0090,3,3,T0032,T0090,home,15,397.43,0,Overcast,174
B002915,2026-03-10,V003,doubles,T0155,T0001,2,2,T0001,T0155,away,10,4.63,0,Breezy,484
B002916,2024-08-01,V012,doubles,T0028,T0069,2,2,T0069,T0028,away,10,47.36,0,Thunderstorm,1013
B002917,2024-04-13,V019,doubles,T0057,T0153,2,2,T0057,T0153,home,21,44.8,1,Harsh Sun,895
B002918,2025-07-02,V051,doubles,T0079,T0037,2,2,T0037,T0079,away,16,82.61,1,Overcast,433
B002919,2025-05-10,V026,triples,T0099,T0076,3,3,T0076,T0099,away,11,69.71,0,Fog,662
B002920,2025-07-26,V002,doubles,T0016,T0091,2,2,T0091,T0016,away,24,393.33,1,Breezy,984
B002921,2025-02-05,V043,triples,T0041,T0017,3,2,T0041,T0017,home,23,631.32,1,Odd Aura,949
B002922,2024-04-20,V038,doubles,T0093,T0113,2,2,T0093,T0113,home,14,147.03,0,Clear,764
B002923,2024-01-23,V006,doubles,T0004,T0087,2,2,T0004,T0087,home,12,46.7,0,Moonless,455
B002924,2025-02-06,V031,singles,T0118,T0155,1,1,T0118,T0155,home,11,49.87,0,Dusty,447
B002925,2025-10-27,V048,singles,T0165,T0170,1,1,T0170,T0165,away,8,112.06,0,Sandstorm,2306
B002926,2024-07-23,V031,triples,T0060,T0066,3,3,T0066,T0060,away,13,356.15,0,Dusty,419
B002927,2025-11-09,V046,doubles,T0147,T0048,2,2,T0048,T0147,away,15,101.1,0,Sandstorm,623
B002928,2026-01-27,V007,triples,T0140,T0125,3,3,T0125,T0140,away,16,348.84,0,High Winds,1313
B002929,2024-09-18,V045,doubles,T0018,T0002,2,2,T0018,T0002,home,15,168.88,0,Odd Aura,478
B002930,2025-05-27,V019,doubles,T0027,T0122,2,3,T0122,T0027,away,19,150.2,1,Harsh Sun,768
B002931,2026-01-31,V040,doubles,T0024,T0138,2,2,T0024,T0138,home,12,80.47,0,Smog,227
B002932,2024-11-23,V050,doubles,T0070,T0154,2,2,T0070,T0154,home,14,182.69,0,Overcast,183
B002933,2025-10-30,V014,singles,T0148,T0153,1,1,T0153,T0148,away,12,38.7,0,Glittering,1340
B002934,2024-07-03,V033,triples,T0084,T0123,3,3,T0123,T0084,away,17,35.76,0,Dusty,1565
B002935,2026-02-18,V010,doubles,T0028,T0067,2,2,T0028,T0067,home,12,318.7,0,Thunderstorm,535
B002936,2024-11-15,V053,singles,T0173,T0127,1,1,T0127,T0173,away,11,258.08,0,Rain,452
B002937,2026-03-23,V013,doubles,T0093,T0169,2,2,T0093,T0169,home,9,42.6,0,Glittering,1445
B002938,2024-12-10,V039,doubles,T0068,T0170,2,2,T0068,T0170,home,18,128.17,1,Clear,774
B002939,2024-07-18,V053,doubles,T0134,T0051,2,2,T0051,T0134,away,12,57.09,0,Rain,451
B002940,2025-01-18,V012,doubles,T0168,T0048,2,2,T0048,T0168,away,11,24.58,0,Thunderstorm,1007
B002941,2025-11-18,V041,doubles,T0063,T0025,2,2,T0025,T0063,away,15,82.89,0,Smog,628
B002942,2024-07-21,V034,triples,T0027,T0148,3,3,T0148,T0027,away,20,232.47,1,Hail,1513
B002943,2024-05-14,V053,singles,T0137,T0067,1,1,T0067,T0137,away,9,57.91,0,Rain,401
B002944,2025-06-30,V035,triples,T0096,T0048,3,3,T0048,T0096,away,14,5.96,0,Hail,376
B002945,2024-03-27,V001,singles,T0167,T0024,1,1,T0024,T0167,away,11,221.75,0,Breezy,671
B002946,2026-01-22,V037,doubles,T0141,T0072,2,2,T0141,T0072,home,15,525.37,0,Clear,1048
B002947,2025-08-07,V015,doubles,T0166,T0038,2,2,T0166,T0038,home,11,9.37,0,Glittering,170
B002948,2025-09-21,V045,singles,T0009,T0101,1,1,T0009,T0101,home,14,44.77,0,Odd Aura,485
B002949,2025-12-20,V014,doubles,T0117,T0105,2,2,T0117,T0105,home,13,241.29,0,Glittering,1529
B002950,2024-09-26,V034,doubles,T0137,T0058,2,2,T0058,T0137,away,14,341.59,0,Hail,1634
B002951,2024-11-23,V004,doubles,T0049,T0066,2,2,T0066,T0049,away,16,84.32,0,Moonless,769
B002952,2025-08-28,V021,singles,T0092,T0077,1,1,T0092,T0077,home,12,185.73,0,Harsh Sun,285
B002953,2024-12-05,V046,singles,T0148,T0007,1,1,T0007,T0148,away,18,62.51,0,Sandstorm,568
B002954,2026-02-08,V041,singles,T0144,T0105,1,1,T0105,T0144,away,12,104.14,0,Smog,604
B002955,2025-06-24,V049,doubles,T0170,T0098,2,2,T0170,T0098,home,12,238.58,0,Overcast,579
B002956,2024-01-08,V037,doubles,T0040,T0083,2,2,T0040,T0083,home,11,730.07,0,Clear,897
B002957,2024-08-17,V039,triples,T0160,T0110,3,3,T0110,T0160,away,15,276.93,0,Clear,839
B002958,2024-12-21,V018,doubles,T0120,T0083,2,2,T0120,T0083,home,11,164.5,0,Clear,1722
B002959,2024-04-22,V040,doubles,T0061,T0130,2,2,T0061,T0130,home,23,50.31,1,Smog,240
B002960,2025-06-19,V043,doubles,T0093,T0009,2,2,T0093,T0009,home,8,227.38,0,Odd Aura,1255
B002961,2025-09-07,V003,singles,T0080,T0028,1,1,T0080,T0028,home,8,366.85,0,Breezy,363
B002962,2025-05-20,V039,triples,T0051,T0099,3,3,T0051,T0099,home,20,30.31,0,Clear,634
B002963,2025-09-21,V050,singles,T0110,T0111,1,1,T0111,T0110,away,7,282.03,0,Overcast,229
B002964,2025-08-31,V019,singles,T0083,T0026,1,1,T0083,T0026,home,5,56.65,0,Harsh Sun,844
B002965,2025-04-29,V053,doubles,T0048,T0001,2,2,T0001,T0048,away,14,280.55,0,Rain,543
B002966,2025-11-28,V004,triples,T0073,T0069,3,3,T0073,T0069,home,13,272.22,0,Moonless,750
B002967,2025-08-26,V031,singles,T0060,T0114,1,1,T0114,T0060,away,7,132.25,0,Dusty,410
B002968,2025-12-06,V032,doubles,T0097,T0064,2,2,T0064,T0097,away,12,232.11,0,Dusty,1296
B002969,2025-03-08,V006,triples,T0016,T0156,3,3,T0016,T0156,home,15,459.3,0,Moonless,383
B002970,2024-06-22,V037,triples,T0040,T0013,3,3,T0013,T0040,away,13,3.24,0,Clear,1101
B002971,2026-02-08,V023,triples,T0164,T0160,3,3,T0160,T0164,away,15,45.58,0,Windy,1127
B002972,2026-01-14,V005,doubles,T0180,T0028,2,2,T0028,T0180,away,13,73.64,0,Moonless,1246
B002973,2026-02-06,V043,doubles,T0057,T0022,2,2,T0022,T0057,away,9,120.08,0,Odd Aura,1447
B002974,2025-05-15,V022,singles,T0085,T0102,1,1,T0102,T0085,away,10,60.22,0,Windy,800
B002975,2024-02-27,V018,triples,T0150,T0146,3,2,T0150,T0146,home,22,485.84,1,Clear,1536
B002976,2025-09-29,V007,doubles,T0013,T0085,2,2,T0013,T0085,home,8,234.02,0,High Winds,1331
B002977,2024-12-07,V031,singles,T0020,T0171,1,1,T0020,T0171,home,18,35.49,0,Dusty,498
B002978,2024-04-18,V011,triples,T0046,T0123,3,3,T0123,T0046,away,17,159.68,0,Thunderstorm,122
B002979,2025-04-11,V045,doubles,T0090,T0147,2,2,T0147,T0090,away,16,32.81,0,Odd Aura,487
B002980,2025-10-09,V001,doubles,T0147,T0131,2,2,T0147,T0131,home,12,460.9,0,Breezy,752
B002981,2025-03-29,V028,doubles,T0056,T0091,2,2,T0091,T0056,away,11,397.86,0,Sunny,867
B002982,2024-07-29,V033,doubles,T0173,T0005,2,2,T0005,T0173,away,10,158.84,0,Dusty,1753
B002983,2024-08-19,V021,singles,T0028,T0031,1,1,T0031,T0028,away,12,105.49,0,Harsh Sun,217
B002984,2025-03-29,V032,triples,T0039,T0016,3,3,T0039,T0016,home,16,204.17,0,Dusty,1273
B002985,2024-11-09,V019,singles,T0083,T0002,1,1,T0083,T0002,home,10,265.1,0,Harsh Sun,993
B002986,2025-09-01,V035,triples,T0042,T0034,3,2,T0042,T0034,home,24,319.62,1,Hail,466
B002987,2024-11-20,V006,singles,T0116,T0078,1,1,T0116,T0078,home,4,21.62,0,Moonless,375
B002988,2025-10-15,V049,triples,T0163,T0010,3,3,T0163,T0010,home,17,17.34,0,Overcast,698
B002989,2025-05-24,V013,doubles,T0110,T0017,2,2,T0110,T0017,home,10,233.62,0,Glittering,1903
B002990,2025-09-15,V023,singles,T0064,T0035,1,1,T0035,T0064,away,8,12.74,0,Windy,1041
B002991,2025-11-12,V009,doubles,T0124,T0165,2,2,T0165,T0124,away,10,313.44,0,High Winds,2076
B002992,2025-10-12,V044,singles,T0048,T0125,1,1,T0048,T0125,home,6,142.07,0,Odd Aura,1446
B002993,2025-02-13,V010,singles,T0075,T0009,1,1,T0009,T0075,away,10,141.63,0,Thunderstorm,597
B002994,2025-02-07,V038,singles,T0148,T0025,1,1,T0025,T0148,away,4,161.44,0,Clear,641
B002995,2025-10-22,V052,singles,T0065,T0052,1,1,T0065,T0052,home,9,294.1,0,Rain,738
B002996,2025-02-27,V024,doubles,T0169,T0031,2,2,T0031,T0169,away,12,222.57,0,Windy,947
B002997,2024-08-15,V037,singles,T0031,T0068,1,1,T0068,T0031,away,7,19.15,0,Clear,1209
B002998,2026-01-01,V051,doubles,T0079,T0091,2,2,T0079,T0091,home,13,135.32,0,Overcast,430
B002999,2025-08-30,V021,singles,T0037,T0157,1,1,T0157,T0037,away,4,250.94,0,Harsh Sun,285
B003000,2025-01-18,V017,doubles,T0060,T0044,2,2,T0044,T0060,away,13,150.45,0,Clear,424
B003001,2024-10-15,V025,singles,T0150,T0039,1,1,T0150,T0039,home,10,219.88,0,Fog,897
B003002,2025-02-07,V022,singles,T0111,T0051,1,1,T0051,T0111,away,13,14.4,0,Windy,1051
B003003,2024-11-20,V016,triples,T0055,T0030,3,3,T0055,T0030,home,16,245.66,0,Clear,142
B003004,2025-08-15,V018,singles,T0143,T0173,1,1,T0173,T0143,away,4,277.71,0,Clear,1410
B003005,2025-12-31,V006,singles,T0049,T0106,1,1,T0049,T0106,home,9,0.71,0,Moonless,454
B003006,2024-06-01,V030,triples,T0062,T0023,3,3,T0023,T0062,away,15,64.81,0,Sunny,999
B003007,2025-12-22,V041,doubles,T0035,T0103,2,2,T0035,T0103,home,14,138.81,0,Smog,795
B003008,2024-08-29,V037,doubles,T0134,T0041,2,2,T0041,T0134,away,21,290.05,1,Clear,1031
B003009,2025-03-05,V053,doubles,T0022,T0061,2,2,T0022,T0061,home,15,377.76,0,Rain,404
B003010,2025-12-05,V039,doubles,T0109,T0150,2,2,T0150,T0109,away,13,393.04,0,Clear,732
B003011,2025-08-05,V013,doubles,T0054,T0031,2,1,T0054,T0031,home,11,761.0,0,Glittering,1532
B003012,2025-02-28,V006,doubles,T0153,T0104,2,2,T0153,T0104,home,16,112.39,0,Moonless,442
B003013,2025-09-12,V020,singles,T0057,T0005,1,1,T0005,T0057,away,9,215.27,0,Harsh Sun,1692
B003014,2025-04-22,V012,doubles,T0102,T0142,2,2,T0142,T0102,away,16,218.83,0,Thunderstorm,988
B003015,2025-05-27,V041,singles,T0157,T0066,1,1,T0066,T0157,away,14,12.58,0,Smog,501
B003016,2026-01-30,V042,singles,T0107,T0037,1,1,T0037,T0107,away,13,145.06,0,Smog,489
B003017,2025-03-31,V029,doubles,T0108,T0076,2,2,T0076,T0108,away,11,27.52,0,Sunny,625
B003018,2025-06-19,V050,triples,T0113,T0129,3,3,T0113,T0129,home,20,51.27,1,Overcast,212
B003019,2024-04-06,V024,doubles,T0019,T0022,2,2,T0019,T0022,home,7,190.73,0,Windy,932
B003020,2025-06-06,V046,doubles,T0072,T0138,2,1,T0072,T0138,home,12,365.03,0,Sandstorm,464
B003021,2025-09-07,V003,singles,T0009,T0105,1,1,T0105,T0009,away,12,32.09,0,Breezy,418
B003022,2025-09-17,V051,doubles,T0076,T0070,2,2,T0076,T0070,home,11,575.28,0,Overcast,526
B003023,2024-01-08,V018,singles,T0128,T0011,1,1,T0128,T0011,home,5,123.02,0,Clear,1341
B003024,2024-02-21,V022,triples,T0172,T0041,3,3,T0041,T0172,away,17,234.9,0,Windy,864
B003025,2025-08-31,V033,doubles,T0009,T0114,2,2,T0009,T0114,home,11,467.72,0,Dusty,1911
B003026,2025-06-10,V054,doubles,T0033,T0079,2,2,T0033,T0079,home,22,39.03,1,Rain,554
B003027,2025-12-07,V027,singles,T0116,T0153,1,1,T0153,T0116,away,11,174.98,0,Fog,723
B003028,2025-02-17,V011,triples,T0095,T0133,3,3,T0095,T0133,home,21,647.58,1,Thunderstorm,143
B003029,2025-11-17,V012,triples,T0093,T0043,3,3,T0093,T0043,home,14,291.49,0,Thunderstorm,968
B003030,2025-02-23,V035,singles,T0169,T0007,1,1,T0007,T0169,away,11,52.22,0,Hail,359
B003031,2024-04-03,V042,singles,T0042,T0160,1,2,T0160,T0042,away,10,340.53,0,Smog,554
B003032,2024-01-09,V050,singles,T0085,T0099,1,1,T0099,T0085,away,4,185.12,0,Overcast,217
B003033,2025-11-03,V013,doubles,T0165,T0077,2,2,T0165,T0077,home,11,235.01,0,Glittering,1620
B003034,2025-04-25,V037,doubles,T0149,T0096,2,3,T0096,T0149,away,20,527.37,1,Clear,966
B003035,2025-08-24,V041,singles,T0106,T0149,1,1,T0149,T0106,away,9,24.51,0,Smog,571
B003036,2025-05-14,V038,singles,T0131,T0095,1,1,T0095,T0131,away,10,13.31,0,Clear,781
B003037,2025-08-22,V017,triples,T0095,T0028,3,3,T0095,T0028,home,14,117.48,0,Clear,662
B003038,2024-03-23,V049,doubles,T0088,T0171,2,2,T0088,T0171,home,11,394.81,0,Overcast,707
B003039,2024-08-15,V010,doubles,T0176,T0175,2,3,T0175,T0176,away,18,97.76,1,Thunderstorm,496
B003040,2025-05-06,V003,triples,T0171,T0106,3,3,T0171,T0106,home,13,189.37,0,Breezy,328
B003041,2024-08-27,V009,singles,T0136,T0100,1,1,T0136,T0100,home,8,80.71,0,High Winds,1791
B003042,2026-03-24,V033,singles,T0027,T0043,1,1,T0027,T0043,home,11,115.26,0,Dusty,1819
B003043,2025-02-24,V054,singles,T0121,T0155,1,1,T0121,T0155,home,15,0.79,0,Rain,554
B003044,2025-05-09,V054,doubles,T0168,T0085,2,2,T0085,T0168,away,17,44.73,1,Rain,553
B003045,2025-07-08,V045,singles,T0002,T0046,1,1,T0002,T0046,home,12,53.71,0,Odd Aura,574
B003046,2024-05-26,V043,singles,T0085,T0077,1,1,T0085,T0077,home,11,409.03,0,Odd Aura,1145
B003047,2025-04-07,V016,doubles,T0044,T0104,2,2,T0104,T0044,away,13,173.41,0,Clear,205
B003048,2024-12-12,V021,singles,T0149,T0102,1,1,T0102,T0149,away,10,177.86,0,Harsh Sun,179
B003049,2024-04-19,V043,singles,T0142,T0038,1,1,T0038,T0142,away,6,104.13,0,Odd Aura,1293
B003050,2024-08-25,V004,doubles,T0164,T0077,2,2,T0164,T0077,home,12,112.82,0,Moonless,939
B003051,2024-08-12,V029,triples,T0108,T0091,3,3,T0108,T0091,home,17,322.44,0,Sunny,516
B003052,2024-01-19,V036,doubles,T0151,T0012,2,1,T0151,T0012,home,11,580.98,0,Hail,745
B003053,2026-01-28,V009,doubles,T0006,T0052,2,2,T0006,T0052,home,11,205.69,0,High Winds,1950
B003054,2025-02-04,V029,singles,T0108,T0085,1,1,T0108,T0085,home,10,165.3,0,Sunny,494
B003055,2025-01-16,V001,doubles,T0121,T0131,2,2,T0121,T0131,home,11,187.08,0,Breezy,646
B003056,2024-01-08,V003,doubles,T0113,T0117,2,2,T0117,T0113,away,14,121.27,0,Breezy,553
B003057,2024-11-27,V013,singles,T0144,T0165,1,1,T0165,T0144,away,7,87.35,0,Glittering,1745
B003058,2025-12-15,V021,doubles,T0056,T0175,2,2,T0056,T0175,home,15,583.22,0,Harsh Sun,188
B003059,2025-06-26,V003,doubles,T0090,T0064,2,2,T0064,T0090,away,17,162.72,0,Breezy,404
B003060,2025-05-05,V039,singles,T0159,T0048,1,1,T0159,T0048,home,7,137.08,0,Clear,617
B003061,2025-09-03,V044,singles,T0065,T0174,1,1,T0174,T0065,away,7,283.38,0,Odd Aura,1509
B003062,2026-03-12,V022,triples,T0157,T0097,3,3,T0157,T0097,home,15,266.21,0,Windy,949
B003063,2026-01-03,V012,doubles,T0030,T0110,2,2,T0030,T0110,home,7,53.79,0,Thunderstorm,940
B003064,2025-07-02,V011,singles,T0038,T0100,1,1,T0100,T0038,away,7,142.95,0,Thunderstorm,122
B003065,2025-03-17,V030,triples,T0122,T0114,3,3,T0114,T0122,away,24,73.76,1,Sunny,761
B003066,2025-05-16,V035,singles,T0101,T0103,1,1,T0103,T0101,away,10,334.24,0,Hail,387
B003067,2024-07-02,V049,doubles,T0170,T0086,2,2,T0170,T0086,home,11,215.85,0,Overcast,740
B003068,2025-05-16,V017,singles,T0003,T0024,1,1,T0024,T0003,away,10,289.57,0,Clear,713
B003069,2025-06-02,V025,doubles,T0028,T0025,2,2,T0025,T0028,away,9,90.93,0,Fog,1175
B003070,2025-02-12,V020,singles,T0143,T0087,1,1,T0143,T0087,home,9,8.02,0,Harsh Sun,1488
B003071,2024-03-25,V017,doubles,T0113,T0091,2,2,T0113,T0091,home,13,105.71,0,Clear,609
B003072,2024-02-28,V018,triples,T0165,T0147,3,3,T0147,T0165,away,12,302.05,0,Clear,1188
B003073,2025-12-18,V035,doubles,T0068,T0101,2,2,T0068,T0101,home,16,192.77,0,Hail,365
B003074,2024-04-14,V048,doubles,T0052,T0090,2,2,T0090,T0052,away,11,81.11,0,Sandstorm,2500
B003075,2024-06-10,V004,triples,T0027,T0108,3,3,T0108,T0027,away,16,386.01,0,Moonless,580
B003076,2024-03-28,V051,singles,T0108,T0020,1,1,T0020,T0108,away,10,21.26,0,Overcast,262
B003077,2025-10-02,V051,doubles,T0117,T0070,2,2,T0117,T0070,home,9,647.9,0,Overcast,421
B003078,2025-05-29,V051,singles,T0124,T0074,1,1,T0124,T0074,home,12,134.61,0,Overcast,411
B003079,2024-12-15,V026,singles,T0033,T0005,1,1,T0005,T0033,away,11,267.11,0,Fog,618
B003080,2026-03-04,V011,doubles,T0171,T0082,2,2,T0082,T0171,away,13,34.96,0,Thunderstorm,180
B003081,2024-04-22,V045,singles,T0078,T0168,1,2,T0168,T0078,away,13,649.62,0,Odd Aura,487
B003082,2026-02-24,V051,singles,T0008,T0050,1,1,T0050,T0008,away,13,194.72,0,Overcast,558
B003083,2024-08-24,V050,singles,T0111,T0116,1,1,T0116,T0111,away,9,27.77,0,Overcast,242
B003084,2025-06-08,V024,doubles,T0145,T0095,2,2,T0095,T0145,away,24,133.84,1,Windy,1487
B003085,2024-11-24,V052,doubles,T0157,T0005,2,2,T0157,T0005,home,15,151.82,0,Rain,620
B003086,2024-12-06,V047,doubles,T0088,T0039,2,3,T0039,T0088,away,10,581.31,0,Sandstorm,361
B003087,2024-04-24,V030,doubles,T0111,T0071,2,2,T0111,T0071,home,9,362.88,0,Sunny,740
B003088,2024-04-04,V043,triples,T0147,T0076,3,3,T0147,T0076,home,21,36.39,1,Odd Aura,811
B003089,2024-02-27,V027,doubles,T0043,T0140,2,2,T0043,T0140,home,22,293.94,1,Fog,626
B003090,2024-02-19,V026,singles,T0122,T0065,1,1,T0122,T0065,home,8,7.59,0,Fog,507
B003091,2024-09-10,V005,singles,T0107,T0068,1,1,T0107,T0068,home,8,307.1,0,Moonless,1111
B003092,2024-11-15,V028,singles,T0153,T0004,1,1,T0153,T0004,home,6,111.99,0,Sunny,723
B003093,2024-10-27,V037,doubles,T0076,T0168,2,2,T0076,T0168,home,10,552.37,0,Clear,1300
B003094,2024-08-27,V046,triples,T0161,T0120,3,3,T0161,T0120,home,14,827.77,0,Sandstorm,382
B003095,2024-01-18,V030,triples,T0157,T0077,3,3,T0077,T0157,away,20,45.61,1,Sunny,978
B003096,2025-04-30,V010,singles,T0023,T0112,1,1,T0023,T0112,home,11,173.8,0,Thunderstorm,544
B003097,2024-02-02,V009,singles,T0003,T0025,1,1,T0003,T0025,home,8,62.38,0,High Winds,1658
B003098,2024-08-27,V004,doubles,T0089,T0127,2,2,T0089,T0127,home,12,333.91,0,Moonless,865
B003099,2024-02-26,V042,doubles,T0117,T0135,2,2,T0117,T0135,home,10,132.99,0,Smog,728
B003100,2024-11-23,V029,singles,T0021,T0071,1,1,T0021,T0071,home,8,5.11,0,Sunny,533
B003101,2025-01-01,V043,doubles,T0145,T0099,2,2,T0145,T0099,home,14,100.96,0,Odd Aura,923
B003102,2025-05-05,V031,doubles,T0018,T0033,2,2,T0018,T0033,home,20,365.34,1,Dusty,388
B003103,2026-01-28,V022,doubles,T0103,T0163,2,2,T0163,T0103,away,14,445.55,0,Windy,1141
B003104,2024-10-16,V050,doubles,T0135,T0034,2,2,T0034,T0135,away,9,288.84,0,Overcast,272
B003105,2024-08-19,V047,singles,T0059,T0179,1,1,T0059,T0179,home,7,96.52,0,Sandstorm,312
B003106,2025-10-02,V046,triples,T0037,T0072,3,3,T0037,T0072,home,17,323.39,0,Sandstorm,565
B003107,2025-11-24,V049,triples,T0161,T0131,3,3,T0131,T0161,away,12,541.31,0,Overcast,732
B003108,2025-06-21,V053,doubles,T0057,T0111,2,2,T0057,T0111,home,5,25.21,0,Rain,448
B003109,2024-10-11,V028,singles,T0120,T0071,1,1,T0120,T0071,home,10,28.36,0,Sunny,1139
B003110,2024-03-29,V007,doubles,T0094,T0089,2,2,T0089,T0094,away,18,290.5,1,High Winds,1283
B003111,2024-08-11,V004,singles,T0024,T0001,1,1,T0001,T0024,away,11,321.19,0,Moonless,655
B003112,2026-03-18,V036,singles,T0123,T0013,1,1,T0123,T0013,home,9,107.4,0,Hail,745
B003113,2025-08-09,V026,doubles,T0068,T0144,2,2,T0068,T0144,home,13,77.19,0,Fog,718
B003114,2024-11-01,V053,triples,T0081,T0108,3,3,T0108,T0081,away,10,184.73,0,Rain,452
B003115,2024-07-05,V054,singles,T0017,T0083,1,1,T0083,T0017,away,7,133.88,0,Rain,680
B003116,2025-03-04,V012,triples,T0095,T0137,3,3,T0095,T0137,home,17,642.18,0,Thunderstorm,1022
B003117,2026-03-20,V001,doubles,T0112,T0168,2,2,T0112,T0168,home,10,149.59,0,Breezy,630
B003118,2024-01-12,V037,doubles,T0125,T0041,2,2,T0041,T0125,away,24,348.26,1,Clear,1033
B003119,2025-02-10,V004,triples,T0079,T0052,3,3,T0052,T0079,away,13,132.38,0,Moonless,677
B003120,2025-01-11,V047,triples,T0009,T0068,3,3,T0009,T0068,home,20,253.14,1,Sandstorm,260
B003121,2025-12-24,V045,singles,T0077,T0064,1,1,T0064,T0077,away,8,164.01,0,Odd Aura,459
B003122,2024-02-19,V030,singles,T0071,T0116,1,1,T0116,T0071,away,10,99.45,0,Sunny,681
B003123,2025-04-13,V041,doubles,T0031,T0114,2,2,T0114,T0031,away,20,139.21,1,Smog,447
B003124,2025-06-08,V034,doubles,T0040,T0070,2,2,T0040,T0070,home,20,676.16,1,Hail,1419
B003125,2025-07-17,V019,triples,T0061,T0076,3,3,T0076,T0061,away,12,527.36,0,Harsh Sun,1155
B003126,2024-12-12,V027,singles,T0158,T0011,1,1,T0158,T0011,home,10,3.52,0,Fog,780
B003127,2025-05-15,V028,triples,T0152,T0104,3,3,T0152,T0104,home,13,233.26,0,Sunny,901
B003128,2024-01-27,V020,doubles,T0092,T0132,2,2,T0092,T0132,home,17,112.06,0,Harsh Sun,1765
B003129,2024-01-04,V009,doubles,T0119,T0165,2,2,T0119,T0165,home,15,58.73,0,High Winds,1652
B003130,2024-06-28,V033,doubles,T0084,T0029,2,2,T0084,T0029,home,13,364.58,0,Dusty,1509
B003131,2025-11-13,V033,singles,T0120,T0141,1,1,T0120,T0141,home,11,287.26,0,Dusty,1656
B003132,2024-05-17,V011,triples,T0102,T0145,3,3,T0102,T0145,home,12,137.38,0,Thunderstorm,120
B003133,2024-02-19,V034,doubles,T0035,T0096,2,2,T0096,T0035,away,16,390.09,1,Hail,1591
B003134,2024-07-29,V040,doubles,T0008,T0015,2,2,T0015,T0008,away,22,88.67,1,Smog,260
B003135,2024-06-22,V008,doubles,T0018,T0160,2,2,T0018,T0160,home,13,446.03,0,High Winds,344
B003136,2025-07-26,V034,singles,T0118,T0004,1,1,T0118,T0004,home,8,15.45,0,Hail,1566
B003137,2025-05-29,V040,singles,T0005,T0084,1,1,T0084,T0005,away,6,120.0,0,Smog,253
B003138,2026-01-05,V022,singles,T0049,T0032,1,1,T0032,T0049,away,9,328.95,0,Windy,1388
B003139,2024-09-05,V052,singles,T0081,T0095,1,1,T0095,T0081,away,11,275.04,0,Rain,750
B003140,2025-03-14,V004,doubles,T0063,T0013,2,2,T0013,T0063,away,15,116.85,0,Moonless,790
B003141,2025-09-01,V023,singles,T0044,T0131,1,1,T0131,T0044,away,13,131.19,0,Windy,1255
B003142,2026-03-02,V020,singles,T0111,T0170,1,1,T0170,T0111,away,6,56.26,0,Harsh Sun,1956
B003143,2025-05-18,V019,triples,T0168,T0161,3,3,T0168,T0161,home,16,97.64,0,Harsh Sun,939
B003144,2025-02-09,V028,doubles,T0091,T0089,2,2,T0091,T0089,home,17,149.96,0,Sunny,1141
B003145,2025-11-22,V011,doubles,T0141,T0136,2,2,T0136,T0141,away,9,138.4,0,Thunderstorm,239
B003146,2025-11-24,V033,doubles,T0020,T0108,2,2,T0108,T0020,away,13,523.33,0,Dusty,1782
B003147,2024-09-14,V038,singles,T0020,T0178,1,1,T0178,T0020,away,17,14.01,0,Clear,1116
B003148,2025-05-24,V029,singles,T0108,T0158,1,1,T0108,T0158,home,7,301.72,0,Sunny,486
B003149,2024-06-24,V013,doubles,T0174,T0065,2,2,T0065,T0174,away,11,430.4,0,Glittering,1312
B003150,2024-05-08,V032,singles,T0071,T0109,1,1,T0071,T0109,home,12,190.34,0,Dusty,1337
B003151,2025-01-03,V021,singles,T0163,T0035,1,1,T0035,T0163,away,6,89.04,0,Harsh Sun,201
B003152,2025-05-28,V013,doubles,T0164,T0064,2,2,T0064,T0164,away,13,362.3,0,Glittering,1521
B003153,2024-01-22,V032,doubles,T0052,T0012,2,2,T0012,T0052,away,12,150.48,0,Dusty,908
B003154,2026-02-23,V029,doubles,T0153,T0087,2,2,T0087,T0153,away,12,123.24,0,Sunny,400
B003155,2025-10-24,V027,triples,T0180,T0022,3,3,T0180,T0022,home,13,205.72,0,Fog,826
B003156,2024-10-13,V016,triples,T0080,T0171,3,3,T0080,T0171,home,19,87.23,0,Clear,243
B003157,2024-09-16,V053,doubles,T0043,T0180,2,2,T0180,T0043,away,15,8.54,0,Rain,492
B003158,2025-11-01,V053,doubles,T0106,T0014,2,2,T0106,T0014,home,17,108.43,0,Rain,474
B003159,2025-09-22,V027,singles,T0167,T0127,1,1,T0167,T0127,home,7,322.66,0,Fog,741
B003160,2025-11-18,V053,singles,T0053,T0180,1,1,T0180,T0053,away,9,5.03,0,Rain,483
B003161,2024-10-06,V030,doubles,T0131,T0133,2,2,T0131,T0133,home,18,91.21,1,Sunny,745
B003162,2025-12-01,V046,doubles,T0095,T0100,2,2,T0095,T0100,home,17,239.38,1,Sandstorm,465
B003163,2025-03-25,V006,singles,T0102,T0068,1,1,T0102,T0068,home,7,224.32,0,Moonless,464
B003164,2025-05-07,V043,singles,T0119,T0050,1,1,T0050,T0119,away,9,50.87,0,Odd Aura,1195
B003165,2025-05-15,V005,triples,T0053,T0044,3,3,T0044,T0053,away,17,184.28,0,Moonless,1176
B003166,2026-03-23,V016,triples,T0117,T0014,3,3,T0117,T0014,home,16,623.65,0,Clear,213
B003167,2024-09-26,V004,singles,T0173,T0102,1,1,T0102,T0173,away,14,105.81,0,Moonless,610
B003168,2025-10-28,V043,doubles,T0140,T0119,2,2,T0119,T0140,away,13,205.71,0,Odd Aura,862
B003169,2024-11-13,V046,doubles,T0096,T0021,2,2,T0021,T0096,away,14,237.89,0,Sandstorm,448
B003170,2024-10-20,V053,triples,T0051,T0020,3,3,T0051,T0020,home,10,59.73,0,Rain,479
B003171,2026-03-28,V017,doubles,T0037,T0138,2,2,T0037,T0138,home,10,250.45,0,Clear,563
B003172,2026-03-17,V042,singles,T0103,T0154,1,1,T0154,T0103,away,12,227.56,0,Smog,607
B003173,2025-05-06,V012,doubles,T0028,T0042,2,2,T0028,T0042,home,14,528.28,0,Thunderstorm,968
B003174,2025-05-20,V049,doubles,T0045,T0042,2,2,T0042,T0045,away,8,19.14,0,Overcast,731
B003175,2025-08-03,V010,triples,T0106,T0089,3,3,T0089,T0106,away,18,212.26,0,Thunderstorm,417
B003176,2025-08-18,V033,triples,T0027,T0105,3,3,T0105,T0027,away,19,336.34,0,Dusty,1855
B003177,2025-04-17,V037,doubles,T0093,T0051,2,2,T0093,T0051,home,9,26.67,0,Clear,1241
B003178,2025-07-25,V015,singles,T0027,T0099,1,1,T0027,T0099,home,8,280.02,0,Glittering,149
B003179,2025-03-21,V025,singles,T0029,T0144,1,1,T0029,T0144,home,4,27.44,0,Fog,1151
B003180,2025-07-14,V032,singles,T0152,T0063,1,1,T0152,T0063,home,11,70.76,0,Dusty,1205
B003181,2024-06-09,V014,triples,T0029,T0178,3,3,T0178,T0029,away,13,474.96,0,Glittering,1504
B003182,2024-04-27,V044,doubles,T0057,T0156,2,2,T0156,T0057,away,15,160.58,0,Odd Aura,1192
B003183,2024-11-08,V023,singles,T0068,T0180,1,1,T0180,T0068,away,12,211.35,0,Windy,1278
B003184,2024-05-14,V004,singles,T0113,T0096,1,1,T0113,T0096,home,11,232.13,0,Moonless,772
B003185,2024-01-08,V037,doubles,T0054,T0151,2,2,T0151,T0054,away,12,6.46,0,Clear,1179
B003186,2026-01-25,V021,singles,T0016,T0152,1,1,T0016,T0152,home,10,308.98,0,Harsh Sun,273
B003187,2024-11-18,V017,doubles,T0157,T0073,2,2,T0157,T0073,home,9,75.57,0,Clear,615
B003188,2025-09-26,V052,doubles,T0104,T0019,2,2,T0019,T0104,away,12,112.85,0,Rain,596
B003189,2025-03-18,V017,singles,T0147,T0091,1,1,T0091,T0147,away,10,24.45,0,Clear,622
B003190,2024-07-13,V001,singles,T0151,T0153,1,1,T0151,T0153,home,18,202.13,0,Breezy,687
B003191,2024-04-05,V026,singles,T0180,T0062,1,1,T0062,T0180,away,6,114.85,0,Fog,684
B003192,2025-11-09,V016,doubles,T0100,T0004,2,2,T0004,T0100,away,14,100.26,0,Clear,146
B003193,2025-07-05,V045,singles,T0024,T0126,1,1,T0024,T0126,home,11,113.18,0,Odd Aura,551
B003194,2025-07-29,V016,doubles,T0093,T0004,2,2,T0093,T0004,home,10,488.5,0,Clear,222
B003195,2025-03-04,V034,doubles,T0101,T0106,2,2,T0106,T0101,away,14,248.59,0,Hail,1395
B003196,2024-03-05,V026,singles,T0150,T0134,1,1,T0150,T0134,home,11,179.13,0,Fog,734
B003197,2025-06-20,V026,triples,T0150,T0123,3,3,T0150,T0123,home,15,105.35,0,Fog,758
B003198,2024-10-31,V025,doubles,T0084,T0047,2,2,T0084,T0047,home,21,44.24,1,Fog,1242
B003199,2025-12-27,V035,doubles,T0034,T0083,2,2,T0034,T0083,home,4,230.69,0,Hail,334
B003200,2026-03-28,V053,doubles,T0109,T0154,2,2,T0154,T0109,away,19,240.85,1,Rain,453
B003201,2025-04-22,V051,singles,T0046,T0145,1,1,T0046,T0145,home,4,214.06,0,Overcast,459
B003202,2024-01-03,V027,doubles,T0152,T0160,2,2,T0152,T0160,home,18,9.01,1,Fog,710
B003203,2024-02-10,V039,singles,T0047,T0111,1,1,T0111,T0047,away,12,90.61,0,Clear,444
B003204,2024-06-07,V016,singles,T0020,T0141,1,1,T0020,T0141,home,16,158.55,0,Clear,215
B003205,2025-11-29,V005,doubles,T0124,T0107,2,2,T0124,T0107,home,21,304.44,1,Moonless,1059
B003206,2024-03-23,V031,doubles,T0009,T0039,2,2,T0009,T0039,home,9,191.47,0,Dusty,497
B003207,2025-05-14,V005,doubles,T0051,T0034,2,3,T0034,T0051,away,19,1009.98,0,Moonless,1304
B003208,2026-01-06,V010,singles,T0150,T0140,1,1,T0150,T0140,home,9,192.98,0,Thunderstorm,477
B003209,2024-03-25,V003,triples,T0065,T0074,3,3,T0065,T0074,home,14,101.01,0,Breezy,423
B003210,2025-09-06,V024,doubles,T0136,T0088,2,2,T0088,T0136,away,13,332.5,0,Windy,987
B003211,2025-10-13,V026,triples,T0009,T0110,3,3,T0009,T0110,home,22,370.23,1,Fog,633
B003212,2024-02-17,V009,doubles,T0006,T0045,2,2,T0045,T0006,away,20,69.83,0,High Winds,2080
B003213,2025-07-07,V016,triples,T0046,T0132,3,3,T0132,T0046,away,23,87.69,1,Clear,171
B003214,2025-02-03,V052,triples,T0104,T0050,3,3,T0050,T0104,away,14,167.8,0,Rain,674
B003215,2024-12-25,V015,doubles,T0039,T0159,2,3,T0159,T0039,away,12,656.86,0,Glittering,198
B003216,2025-04-01,V016,doubles,T0039,T0089,2,3,T0089,T0039,away,14,806.52,0,Clear,202
B003217,2025-02-23,V004,doubles,T0103,T0175,2,2,T0175,T0103,away,16,485.77,0,Moonless,506
B003218,2025-04-16,V007,triples,T0048,T0143,3,3,T0048,T0143,home,18,54.3,0,High Winds,1383
B003219,2025-01-22,V009,singles,T0062,T0178,1,1,T0062,T0178,home,8,116.16,0,High Winds,1609
B003220,2025-09-10,V023,triples,T0060,T0040,3,3,T0040,T0060,away,23,494.25,1,Windy,1330
B003221,2024-06-19,V004,singles,T0112,T0047,1,1,T0112,T0047,home,9,197.21,0,Moonless,679
B003222,2025-03-23,V017,doubles,T0040,T0058,2,2,T0058,T0040,away,20,206.75,0,Clear,546
B003223,2025-03-22,V017,doubles,T0089,T0022,2,2,T0089,T0022,home,20,28.71,1,Clear,596
B003224,2024-03-08,V019,doubles,T0049,T0171,2,2,T0049,T0171,home,6,97.99,0,Harsh Sun,1095
B003225,2024-10-06,V004,doubles,T0036,T0125,2,3,T0125,T0036,away,16,60.43,1,Moonless,551
B003226,2025-07-21,V044,triples,T0171,T0089,3,3,T0089,T0171,away,19,542.28,0,Odd Aura,1840
B003227,2025-02-28,V005,doubles,T0040,T0044,2,2,T0040,T0044,home,24,298.07,1,Moonless,1259
B003228,2024-08-03,V013,triples,T0025,T0135,3,3,T0135,T0025,away,12,62.95,0,Glittering,1499
B003229,2025-12-27,V053,triples,T0104,T0036,3,3,T0104,T0036,home,12,98.52,0,Rain,445
B003230,2025-09-16,V018,singles,T0122,T0150,1,1,T0150,T0122,away,8,97.15,0,Clear,1565
B003231,2024-07-22,V031,doubles,T0036,T0013,2,2,T0013,T0036,away,11,201.13,0,Dusty,409
B003232,2024-11-14,V004,singles,T0166,T0017,1,1,T0166,T0017,home,16,124.33,0,Moonless,626
B003233,2025-10-12,V018,singles,T0157,T0136,1,1,T0136,T0157,away,13,62.05,0,Clear,1771
B003234,2025-06-28,V015,triples,T0094,T0030,3,3,T0094,T0030,home,9,127.83,0,Glittering,179
B003235,2026-01-28,V048,doubles,T0073,T0045,2,2,T0073,T0045,home,19,183.25,0,Sandstorm,1891
B003236,2026-02-09,V004,singles,T0082,T0016,1,1,T0082,T0016,home,9,211.99,0,Moonless,558
B003237,2024-10-02,V008,singles,T0154,T0137,1,1,T0154,T0137,home,18,254.78,0,High Winds,184
B003238,2024-11-04,V039,doubles,T0007,T0016,2,2,T0007,T0016,home,8,130.99,0,Clear,661
B003239,2025-12-20,V047,singles,T0076,T0080,1,1,T0076,T0080,home,9,190.78,0,Sandstorm,415
B003240,2024-06-28,V021,singles,T0178,T0028,1,1,T0028,T0178,away,10,5.5,0,Harsh Sun,266
B003241,2024-11-29,V015,triples,T0075,T0170,3,3,T0170,T0075,away,17,456.01,0,Glittering,199
B003242,2026-02-27,V012,doubles,T0086,T0079,2,2,T0086,T0079,home,18,390.87,1,Thunderstorm,997
B003243,2024-06-07,V019,triples,T0171,T0040,3,3,T0040,T0171,away,14,646.85,0,Harsh Sun,1229
B003244,2025-03-02,V022,singles,T0104,T0170,1,1,T0170,T0104,away,13,187.58,0,Windy,1393
B003245,2026-02-18,V045,triples,T0158,T0153,3,3,T0153,T0158,away,10,195.39,0,Odd Aura,465
B003246,2025-07-27,V048,triples,T0029,T0090,3,3,T0090,T0029,away,12,242.8,0,Sandstorm,2093
B003247,2024-03-21,V044,triples,T0006,T0052,3,3,T0006,T0052,home,24,434.42,1,Odd Aura,1404
B003248,2025-12-17,V022,triples,T0177,T0106,3,3,T0177,T0106,home,5,200.39,0,Windy,928
B003249,2025-05-14,V019,doubles,T0150,T0054,2,2,T0054,T0150,away,7,39.75,0,Harsh Sun,1003
B003250,2024-02-26,V007,triples,T0166,T0108,3,3,T0166,T0108,home,18,314.91,0,High Winds,1454
B003251,2024-05-22,V046,doubles,T0120,T0124,2,2,T0124,T0120,away,18,222.63,0,Sandstorm,616
B003252,2024-01-26,V014,singles,T0066,T0077,1,1,T0066,T0077,home,16,332.3,0,Glittering,1608
B003253,2024-06-21,V041,singles,T0052,T0006,1,1,T0006,T0052,away,10,140.79,0,Smog,458
B003254,2026-02-13,V050,singles,T0088,T0007,1,1,T0007,T0088,away,8,68.84,0,Overcast,246
B003255,2025-10-18,V048,triples,T0098,T0169,3,3,T0169,T0098,away,17,235.85,0,Sandstorm,2110
B003256,2025-09-10,V019,triples,T0145,T0162,3,3,T0145,T0162,home,13,162.17,0,Harsh Sun,836
B003257,2025-06-23,V044,singles,T0048,T0083,1,1,T0083,T0048,away,8,78.13,0,Odd Aura,1723
B003258,2025-05-04,V024,triples,T0140,T0037,3,3,T0037,T0140,away,17,352.85,0,Windy,1182
B003259,2025-04-04,V020,triples,T0016,T0176,3,3,T0016,T0176,home,8,94.37,0,Harsh Sun,1721
B003260,2025-03-15,V008,doubles,T0010,T0054,2,2,T0054,T0010,away,11,284.67,0,High Winds,373
B003261,2025-09-14,V026,triples,T0057,T0081,3,3,T0081,T0057,away,15,61.53,0,Fog,687
B003262,2025-02-07,V011,triples,T0154,T0103,3,3,T0103,T0154,away,19,218.87,0,Thunderstorm,151
B003263,2025-01-08,V026,doubles,T0063,T0067,2,2,T0063,T0067,home,11,203.32,0,Fog,636
B003264,2025-01-22,V029,triples,T0058,T0085,3,3,T0058,T0085,home,7,471.42,0,Sunny,499
B003265,2025-06-23,V046,doubles,T0087,T0053,2,3,T0053,T0087,away,12,485.66,0,Sandstorm,530
B003266,2025-07-08,V018,singles,T0093,T0040,1,1,T0093,T0040,home,10,206.57,0,Clear,1361
B003267,2024-09-17,V025,triples,T0077,T0155,3,3,T0155,T0077,away,10,308.61,0,Fog,1068
B003268,2024-05-16,V042,doubles,T0078,T0025,2,2,T0025,T0078,away,17,47.55,0,Smog,734
B003269,2024-05-15,V038,doubles,T0109,T0176,2,2,T0176,T0109,away,16,242.64,0,Clear,944
B003270,2024-08-05,V043,triples,T0131,T0026,3,3,T0131,T0026,home,20,124.13,0,Odd Aura,1189
B003271,2025-07-31,V051,singles,T0002,T0112,1,1,T0112,T0002,away,4,126.64,0,Overcast,251
B003272,2026-03-30,V020,doubles,T0134,T0149,2,2,T0149,T0134,away,17,221.73,1,Harsh Sun,1615
B003273,2025-06-22,V042,singles,T0105,T0023,1,1,T0105,T0023,home,8,204.2,0,Smog,439
B003274,2024-05-29,V054,doubles,T0011,T0004,2,2,T0004,T0011,away,13,19.63,0,Rain,703
B003275,2025-12-30,V005,doubles,T0080,T0002,2,2,T0002,T0080,away,17,314.06,0,Moonless,1181
B003276,2024-04-08,V050,singles,T0013,T0121,1,1,T0013,T0121,home,9,32.16,0,Overcast,213
B003277,2025-07-13,V024,doubles,T0079,T0144,2,2,T0079,T0144,home,14,64.39,0,Windy,699
B003278,2025-04-16,V037,doubles,T0126,T0109,2,2,T0109,T0126,away,15,0.19,0,Clear,1205
B003279,2024-05-22,V050,doubles,T0100,T0050,2,2,T0050,T0100,away,16,121.79,0,Overcast,242
B003280,2024-09-28,V017,doubles,T0118,T0041,2,2,T0041,T0118,away,12,311.66,0,Clear,487
B003281,2024-02-12,V014,singles,T0130,T0126,1,1,T0126,T0130,away,9,460.6,0,Glittering,1685
B003282,2024-05-23,V035,doubles,T0089,T0116,2,2,T0089,T0116,home,12,47.74,0,Hail,321
B003283,2026-03-12,V008,singles,T0121,T0043,1,1,T0121,T0043,home,9,404.57,0,High Winds,295
B003284,2024-03-26,V032,doubles,T0077,T0098,2,2,T0098,T0077,away,10,63.0,0,Dusty,1280
B003285,2024-08-03,V054,triples,T0124,T0164,3,3,T0124,T0164,home,19,335.79,0,Rain,720
B003286,2024-01-07,V002,singles,T0130,T0047,1,1,T0130,T0047,home,10,123.34,0,Breezy,977
B003287,2024-03-30,V001,triples,T0106,T0046,3,3,T0046,T0106,away,13,266.56,0,Breezy,772
B003288,2024-08-17,V044,doubles,T0098,T0069,2,2,T0098,T0069,home,13,25.2,0,Odd Aura,1536
B003289,2024-01-22,V003,doubles,T0111,T0146,2,2,T0111,T0146,home,16,151.17,0,Breezy,448
B003290,2025-10-11,V014,doubles,T0165,T0009,2,2,T0009,T0165,away,24,195.02,1,Glittering,1511
B003291,2025-01-10,V021,triples,T0145,T0020,3,3,T0020,T0145,away,17,393.55,0,Harsh Sun,220
B003292,2024-04-24,V035,doubles,T0065,T0045,2,2,T0045,T0065,away,16,65.58,0,Hail,353
B003293,2025-02-26,V020,doubles,T0133,T0107,2,2,T0133,T0107,home,14,496.8,0,Harsh Sun,1841
B003294,2026-01-17,V031,triples,T0072,T0086,3,3,T0086,T0072,away,15,533.77,0,Dusty,478
B003295,2025-07-14,V008,doubles,T0073,T0105,2,2,T0073,T0105,home,11,115.26,0,High Winds,243
B003296,2024-01-03,V019,singles,T0054,T0042,1,1,T0054,T0042,home,10,226.93,0,Harsh Sun,1078
B003297,2024-10-23,V019,singles,T0016,T0107,1,1,T0016,T0107,home,8,230.83,0,Harsh Sun,907
B003298,2024-02-06,V015,singles,T0025,T0074,1,1,T0025,T0074,home,8,119.61,0,Glittering,181
B003299,2025-12-06,V010,doubles,T0171,T0079,2,2,T0171,T0079,home,19,180.31,1,Thunderstorm,522
B003300,2024-11-09,V006,singles,T0126,T0127,1,1,T0126,T0127,home,10,466.3,0,Moonless,506
B003301,2024-04-11,V050,doubles,T0030,T0156,2,2,T0030,T0156,home,13,499.77,0,Overcast,154
B003302,2024-08-16,V019,doubles,T0057,T0033,2,2,T0057,T0033,home,21,449.61,1,Harsh Sun,1108
B003303,2025-11-27,V007,singles,T0164,T0082,1,1,T0082,T0164,away,11,102.09,0,High Winds,1270
B003304,2026-01-27,V033,triples,T0154,T0018,3,3,T0018,T0154,away,14,376.24,0,Dusty,1696
B003305,2024-12-04,V017,doubles,T0113,T0093,2,2,T0093,T0113,away,13,3.49,0,Clear,670
B003306,2025-02-23,V028,doubles,T0153,T0066,2,2,T0066,T0153,away,12,202.15,0,Sunny,1009
B003307,2025-09-06,V006,singles,T0029,T0032,1,1,T0032,T0029,away,12,493.01,0,Moonless,283
B003308,2024-03-03,V018,doubles,T0093,T0085,2,2,T0093,T0085,home,7,167.05,0,Clear,1627
B003309,2026-01-07,V021,triples,T0139,T0120,3,3,T0139,T0120,home,15,145.86,0,Harsh Sun,215
B003310,2024-01-29,V046,doubles,T0130,T0027,2,2,T0130,T0027,home,15,156.08,1,Sandstorm,519
B003311,2024-10-22,V046,doubles,T0112,T0008,2,3,T0008,T0112,away,13,402.51,0,Sandstorm,493
B003312,2024-10-25,V025,triples,T0026,T0027,3,3,T0027,T0026,away,12,50.04,0,Fog,1047
B003313,2024-04-04,V002,doubles,T0160,T0145,2,2,T0145,T0160,away,10,34.13,0,Breezy,1467
B003314,2024-03-06,V042,singles,T0163,T0045,1,1,T0163,T0045,home,12,182.0,0,Smog,733
B003315,2024-05-17,V005,singles,T0079,T0028,1,1,T0079,T0028,home,8,325.36,0,Moonless,1141
B003316,2024-11-20,V045,singles,T0009,T0011,1,1,T0011,T0009,away,9,68.07,0,Odd Aura,468
B003317,2025-05-23,V023,doubles,T0152,T0168,2,2,T0168,T0152,away,12,120.45,0,Windy,1209
B003318,2024-02-06,V035,doubles,T0094,T0116,2,2,T0116,T0094,away,11,327.49,0,Hail,358
B003319,2025-10-11,V015,doubles,T0158,T0095,2,2,T0095,T0158,away,11,323.59,0,Glittering,136
B003320,2024-04-23,V040,singles,T0109,T0022,1,1,T0022,T0109,away,8,329.45,0,Smog,290
B003321,2024-11-13,V046,doubles,T0169,T0114,2,2,T0114,T0169,away,13,111.15,0,Sandstorm,325
B003322,2024-04-04,V020,doubles,T0093,T0041,2,2,T0041,T0093,away,17,131.21,0,Harsh Sun,1892
B003323,2025-07-18,V005,singles,T0022,T0059,1,1,T0059,T0022,away,4,20.05,0,Moonless,833
B003324,2026-03-01,V040,doubles,T0043,T0104,2,2,T0043,T0104,home,11,78.66,0,Smog,236
B003325,2024-08-12,V042,singles,T0133,T0089,1,1,T0089,T0133,away,8,415.68,0,Smog,528
B003326,2025-01-11,V004,doubles,T0019,T0064,2,2,T0064,T0019,away,8,264.38,0,Moonless,822
B003327,2024-04-19,V036,singles,T0050,T0093,1,1,T0093,T0050,away,10,2.15,0,Hail,684
B003328,2025-09-14,V017,triples,T0082,T0055,3,3,T0055,T0082,away,20,129.46,0,Clear,849
B003329,2025-07-28,V008,singles,T0052,T0142,1,1,T0142,T0052,away,7,188.76,0,High Winds,348
B003330,2024-05-23,V021,singles,T0094,T0128,1,1,T0094,T0128,home,12,178.41,0,Harsh Sun,210
B003331,2025-09-07,V008,doubles,T0026,T0051,2,2,T0026,T0051,home,7,19.67,0,High Winds,408
B003332,2025-10-30,V013,triples,T0061,T0051,3,3,T0051,T0061,away,13,391.0,0,Glittering,1822
B003333,2024-06-03,V044,singles,T0096,T0068,1,1,T0068,T0096,away,13,6.31,0,Odd Aura,1773
B003334,2025-07-25,V007,triples,T0172,T0124,3,3,T0172,T0124,home,16,227.68,0,High Winds,1473
B003335,2024-07-06,V045,doubles,T0169,T0105,2,2,T0105,T0169,away,16,59.24,0,Odd Aura,469
B003336,2025-02-26,V007,doubles,T0088,T0094,2,2,T0094,T0088,away,11,178.23,0,High Winds,1406
B003337,2024-05-14,V009,doubles,T0006,T0047,2,2,T0006,T0047,home,13,251.5,0,High Winds,1694
B003338,2024-11-29,V013,singles,T0010,T0130,1,1,T0130,T0010,away,11,445.96,0,Glittering,1853
B003339,2025-04-09,V051,triples,T0061,T0094,3,3,T0094,T0061,away,13,169.92,0,Overcast,256
B003340,2025-06-27,V048,doubles,T0052,T0042,2,2,T0052,T0042,home,11,261.46,0,Sandstorm,2191
B003341,2024-09-12,V021,singles,T0138,T0006,1,1,T0006,T0138,away,9,28.37,0,Harsh Sun,237
B003342,2025-03-23,V046,doubles,T0088,T0074,2,2,T0088,T0074,home,12,540.36,0,Sandstorm,541
B003343,2026-03-18,V021,singles,T0030,T0059,1,1,T0059,T0030,away,11,226.71,0,Harsh Sun,188
B003344,2025-03-19,V018,triples,T0029,T0136,3,3,T0136,T0029,away,9,554.1,0,Clear,1757
B003345,2025-07-14,V029,singles,T0139,T0095,1,1,T0095,T0139,away,6,28.7,0,Sunny,441
B003346,2025-09-02,V046,singles,T0032,T0121,1,1,T0032,T0121,home,7,362.42,0,Sandstorm,532
B003347,2024-03-25,V007,singles,T0166,T0171,1,1,T0171,T0166,away,12,186.37,0,High Winds,1170
B003348,2024-01-19,V043,singles,T0041,T0142,1,2,T0142,T0041,away,6,86.36,0,Odd Aura,782
B003349,2025-08-05,V043,triples,T0138,T0047,3,3,T0138,T0047,home,20,111.14,1,Odd Aura,1002
B003350,2024-11-24,V038,singles,T0109,T0056,1,1,T0109,T0056,home,8,144.68,0,Clear,643
B003351,2024-04-15,V008,doubles,T0100,T0118,2,2,T0118,T0100,away,17,124.29,0,High Winds,406
B003352,2024-09-04,V032,doubles,T0072,T0138,2,2,T0138,T0072,away,6,153.77,0,Dusty,1067
B003353,2025-11-01,V013,doubles,T0112,T0088,2,2,T0088,T0112,away,15,210.34,0,Glittering,1973
B003354,2024-07-06,V009,singles,T0006,T0125,1,1,T0125,T0006,away,12,87.33,0,High Winds,1544
B003355,2025-12-30,V008,singles,T0103,T0114,1,1,T0103,T0114,home,4,22.06,0,High Winds,354
B003356,2026-03-12,V017,singles,T0020,T0043,1,1,T0020,T0043,home,12,84.2,0,Clear,677
B003357,2025-12-21,V053,triples,T0098,T0176,3,3,T0176,T0098,away,10,249.81,0,Rain,497
B003358,2024-05-27,V028,singles,T0043,T0126,1,1,T0126,T0043,away,8,524.97,0,Sunny,851
B003359,2024-09-27,V045,doubles,T0073,T0053,2,2,T0073,T0053,home,12,80.09,0,Odd Aura,518
B003360,2025-10-15,V032,doubles,T0126,T0103,2,2,T0126,T0103,home,12,62.43,0,Dusty,1396
B003361,2025-09-13,V006,singles,T0083,T0034,1,1,T0083,T0034,home,7,171.05,0,Moonless,559
B003362,2025-09-06,V051,singles,T0095,T0043,1,1,T0095,T0043,home,16,278.11,0,Overcast,463
B003363,2025-11-24,V012,singles,T0178,T0022,1,1,T0178,T0022,home,9,78.96,0,Thunderstorm,1013
B003364,2024-10-21,V042,doubles,T0179,T0158,2,2,T0158,T0179,away,14,78.42,0,Smog,727
B003365,2024-08-13,V053,doubles,T0053,T0065,2,2,T0065,T0053,away,15,180.76,0,Rain,482
B003366,2025-03-19,V012,singles,T0132,T0179,1,1,T0132,T0179,home,12,88.68,0,Thunderstorm,841
B003367,2025-04-24,V033,triples,T0088,T0004,3,3,T0088,T0004,home,24,792.46,1,Dusty,1407
B003368,2025-05-04,V007,singles,T0177,T0101,1,1,T0101,T0177,away,4,225.19,0,High Winds,1388
B003369,2024-04-04,V044,singles,T0048,T0094,1,1,T0094,T0048,away,14,348.69,0,Odd Aura,1577
B003370,2025-10-01,V043,doubles,T0035,T0138,2,2,T0035,T0138,home,8,47.92,0,Odd Aura,879
B003371,2024-07-14,V013,doubles,T0030,T0086,2,2,T0086,T0030,away,12,407.66,0,Glittering,1342
B003372,2025-02-05,V039,singles,T0009,T0111,1,1,T0111,T0009,away,11,43.54,0,Clear,770
B003373,2025-08-25,V001,singles,T0067,T0174,1,1,T0174,T0067,away,9,160.05,0,Breezy,647
B003374,2026-01-20,V036,triples,T0171,T0029,3,3,T0171,T0029,home,13,208.61,0,Hail,829
B003375,2024-10-17,V038,doubles,T0155,T0127,2,2,T0155,T0127,home,13,586.28,0,Clear,1160
B003376,2025-09-06,V048,triples,T0133,T0142,3,3,T0133,T0142,home,10,54.55,0,Sandstorm,1541
B003377,2025-07-03,V039,singles,T0104,T0094,1,1,T0094,T0104,away,15,182.05,0,Clear,776
B003378,2025-10-16,V039,doubles,T0001,T0126,2,2,T0126,T0001,away,14,618.42,0,Clear,801
B003379,2026-02-11,V004,triples,T0006,T0147,3,3,T0006,T0147,home,17,283.74,1,Moonless,686
B003380,2024-03-05,V003,doubles,T0173,T0125,2,2,T0173,T0125,home,23,73.82,1,Breezy,607
B003381,2024-05-28,V043,doubles,T0041,T0064,2,2,T0041,T0064,home,14,128.67,0,Odd Aura,900
B003382,2024-02-12,V026,triples,T0149,T0069,3,3,T0149,T0069,home,18,301.72,0,Fog,730
B003383,2024-10-19,V034,triples,T0046,T0099,3,3,T0099,T0046,away,24,11.46,1,Hail,1454
B003384,2024-03-28,V041,doubles,T0123,T0007,2,2,T0123,T0007,home,13,281.61,0,Smog,496
B003385,2024-02-12,V030,doubles,T0027,T0050,2,2,T0050,T0027,away,23,106.11,1,Sunny,389
B003386,2024-05-17,V020,singles,T0012,T0086,1,1,T0086,T0012,away,10,175.25,0,Harsh Sun,1735
B003387,2024-04-11,V002,singles,T0083,T0058,1,1,T0058,T0083,away,8,73.9,0,Breezy,1000
B003388,2025-11-03,V015,triples,T0078,T0144,3,3,T0144,T0078,away,15,50.01,0,Glittering,201
B003389,2024-04-16,V053,triples,T0125,T0141,3,3,T0141,T0125,away,13,408.43,0,Rain,485
B003390,2024-07-02,V042,triples,T0044,T0062,3,3,T0044,T0062,home,15,128.7,0,Smog,700
B003391,2026-01-07,V008,singles,T0052,T0165,1,1,T0052,T0165,home,9,70.16,0,High Winds,327
B003392,2026-01-16,V038,singles,T0148,T0031,1,1,T0148,T0031,home,8,126.0,0,Clear,647
B003393,2025-01-07,V031,doubles,T0166,T0077,2,2,T0077,T0166,away,12,60.25,0,Dusty,446
B003394,2025-07-27,V022,singles,T0073,T0109,1,1,T0073,T0109,home,15,164.39,0,Windy,1008
B003395,2024-01-31,V050,doubles,T0100,T0046,2,2,T0100,T0046,home,9,324.52,0,Overcast,212
B003396,2024-11-22,V015,doubles,T0032,T0151,2,2,T0151,T0032,away,13,71.36,0,Glittering,201
B003397,2024-12-16,V039,doubles,T0030,T0095,2,2,T0095,T0030,away,10,227.17,0,Clear,782
B003398,2025-12-26,V016,doubles,T0077,T0046,2,2,T0046,T0077,away,11,53.89,0,Clear,137
B003399,2026-03-27,V003,singles,T0077,T0025,1,2,T0025,T0077,away,9,699.33,0,Breezy,601
B003400,2025-06-06,V005,doubles,T0072,T0044,2,3,T0044,T0072,away,18,532.13,0,Moonless,1050
B003401,2026-02-05,V052,singles,T0114,T0132,1,1,T0132,T0114,away,11,189.84,0,Rain,879
B003402,2024-01-26,V008,doubles,T0091,T0165,2,2,T0091,T0165,home,8,152.99,0,High Winds,343
B003403,2024-12-15,V045,doubles,T0010,T0087,2,2,T0087,T0010,away,9,439.52,0,Odd Aura,485
B003404,2024-02-25,V025,singles,T0033,T0145,1,1,T0145,T0033,away,13,154.11,0,Fog,1151
B003405,2024-12-04,V011,doubles,T0052,T0113,2,2,T0113,T0052,away,20,50.16,1,Thunderstorm,163
B003406,2025-10-13,V044,triples,T0092,T0121,3,3,T0121,T0092,away,14,173.81,0,Odd Aura,1932
B003407,2025-02-10,V013,singles,T0121,T0021,1,1,T0121,T0021,home,8,190.1,0,Glittering,1634
B003408,2025-08-23,V028,doubles,T0153,T0045,2,2,T0153,T0045,home,23,138.59,1,Sunny,954
B003409,2025-09-21,V030,triples,T0078,T0013,3,3,T0078,T0013,home,12,10.59,0,Sunny,793
B003410,2025-04-04,V014,doubles,T0079,T0176,2,2,T0079,T0176,home,15,3.46,0,Glittering,1467
B003411,2024-09-13,V019,singles,T0057,T0109,1,1,T0057,T0109,home,13,110.46,0,Harsh Sun,1030
B003412,2025-11-03,V025,doubles,T0007,T0153,2,2,T0007,T0153,home,15,19.58,0,Fog,1076
B003413,2025-08-07,V050,doubles,T0100,T0027,2,2,T0100,T0027,home,5,252.94,0,Overcast,218
B003414,2025-08-11,V048,doubles,T0016,T0039,2,2,T0016,T0039,home,11,233.2,0,Sandstorm,2021
B003415,2024-09-04,V039,doubles,T0068,T0102,2,2,T0068,T0102,home,13,181.71,0,Clear,595
B003416,2024-06-29,V004,triples,T0019,T0124,3,3,T0124,T0019,away,24,358.64,1,Moonless,732
B003417,2025-10-26,V035,doubles,T0126,T0051,2,2,T0126,T0051,home,11,362.38,0,Hail,393
B003418,2024-08-24,V049,doubles,T0170,T0133,2,2,T0170,T0133,home,10,398.36,0,Overcast,743
B003419,2025-08-01,V042,doubles,T0090,T0020,2,2,T0020,T0090,away,17,297.58,0,Smog,615
B003420,2024-11-13,V035,doubles,T0042,T0015,2,2,T0042,T0015,home,19,135.49,1,Hail,291
B003421,2025-08-18,V040,doubles,T0073,T0150,2,2,T0073,T0150,home,4,194.25,0,Smog,299
B003422,2025-10-13,V013,doubles,T0163,T0116,2,2,T0116,T0163,away,8,234.88,0,Glittering,1871
B003423,2026-02-04,V035,singles,T0089,T0132,1,1,T0132,T0089,away,5,5.26,0,Hail,340
B003424,2024-06-20,V030,singles,T0051,T0104,1,1,T0051,T0104,home,10,259.69,0,Sunny,925
B003425,2026-01-13,V043,doubles,T0041,T0060,2,2,T0041,T0060,home,14,371.27,1,Odd Aura,885
B003426,2024-04-19,V006,singles,T0005,T0112,1,1,T0005,T0112,home,6,49.46,0,Moonless,420
B003427,2024-03-25,V004,singles,T0122,T0064,1,1,T0064,T0122,away,13,34.28,0,Moonless,757
B003428,2025-11-30,V017,doubles,T0117,T0005,2,2,T0117,T0005,home,16,385.57,0,Clear,742
B003429,2025-01-05,V027,singles,T0149,T0017,1,1,T0017,T0149,away,10,138.39,0,Fog,652
B003430,2024-07-26,V027,singles,T0098,T0168,1,1,T0168,T0098,away,7,54.45,0,Fog,583
B003431,2024-08-04,V008,singles,T0173,T0004,1,1,T0004,T0173,away,7,70.64,0,High Winds,273
B003432,2026-01-15,V030,doubles,T0086,T0040,2,2,T0086,T0040,home,13,365.08,0,Sunny,897
B003433,2026-02-24,V026,singles,T0137,T0006,1,1,T0006,T0137,away,10,127.48,0,Fog,526
B003434,2025-02-26,V026,singles,T0083,T0115,1,1,T0083,T0115,home,14,40.66,0,Fog,813
B003435,2026-01-16,V015,singles,T0041,T0012,1,1,T0012,T0041,away,12,77.32,0,Glittering,151
B003436,2025-03-14,V045,singles,T0061,T0029,1,1,T0061,T0029,home,8,125.65,0,Odd Aura,527
B003437,2025-01-17,V040,singles,T0091,T0048,1,1,T0091,T0048,home,4,26.54,0,Smog,239
B003438,2024-03-28,V034,singles,T0102,T0078,1,1,T0102,T0078,home,6,21.64,0,Hail,1754
B003439,2024-11-05,V039,doubles,T0047,T0173,2,2,T0047,T0173,home,8,427.82,0,Clear,751
B003440,2026-01-26,V011,doubles,T0109,T0080,2,2,T0080,T0109,away,13,35.6,0,Thunderstorm,136
B003441,2024-04-06,V005,singles,T0180,T0044,1,1,T0180,T0044,home,14,198.26,0,Moonless,1028
B003442,2025-04-24,V027,singles,T0163,T0144,1,1,T0163,T0144,home,8,80.19,0,Fog,680
B003443,2025-12-17,V029,doubles,T0108,T0002,2,2,T0002,T0108,away,18,317.47,0,Sunny,524
B003444,2025-12-27,V052,doubles,T0057,T0076,2,1,T0057,T0076,home,14,563.04,0,Rain,358
B003445,2025-02-09,V051,doubles,T0026,T0099,2,2,T0026,T0099,home,14,320.59,0,Overcast,548
B003446,2026-02-24,V049,singles,T0170,T0114,1,1,T0170,T0114,home,10,185.49,0,Overcast,827
B003447,2024-01-04,V025,singles,T0082,T0117,1,1,T0117,T0082,away,14,360.02,0,Fog,1077
B003448,2026-01-17,V028,doubles,T0046,T0061,2,2,T0061,T0046,away,16,56.81,0,Sunny,838
B003449,2024-10-06,V037,triples,T0149,T0102,3,3,T0102,T0149,away,12,155.36,0,Clear,1221
B003450,2025-04-10,V023,triples,T0009,T0046,3,3,T0009,T0046,home,12,228.7,0,Windy,1324
B003451,2026-02-05,V048,singles,T0119,T0075,1,1,T0075,T0119,away,8,35.06,0,Sandstorm,1882
B003452,2024-09-19,V001,doubles,T0117,T0150,2,2,T0117,T0150,home,10,1.7,0,Breezy,745
B003453,2024-02-13,V004,doubles,T0138,T0101,2,2,T0101,T0138,away,17,262.71,1,Moonless,851
B003454,2024-05-11,V015,doubles,T0032,T0069,2,2,T0069,T0032,away,17,94.38,0,Glittering,136
B003455,2024-02-12,V031,singles,T0147,T0177,1,1,T0147,T0177,home,11,331.1,0,Dusty,483
B003456,2024-09-27,V006,doubles,T0004,T0176,2,2,T0004,T0176,home,15,255.56,0,Moonless,413
B003457,2025-09-21,V043,doubles,T0137,T0129,2,2,T0129,T0137,away,10,128.69,0,Odd Aura,1290
B003458,2025-04-02,V002,singles,T0112,T0099,1,1,T0112,T0099,home,12,50.66,0,Breezy,1032
B003459,2025-05-28,V041,singles,T0100,T0003,1,1,T0003,T0100,away,7,141.55,0,Smog,546
B003460,2026-03-11,V022,doubles,T0164,T0110,2,2,T0164,T0110,home,12,157.49,0,Windy,988
B003461,2025-04-05,V027,singles,T0002,T0125,1,1,T0002,T0125,home,8,102.08,0,Fog,637
B003462,2024-07-22,V033,singles,T0143,T0065,1,1,T0065,T0143,away,11,47.35,0,Dusty,1769
B003463,2024-03-05,V042,doubles,T0106,T0137,2,2,T0106,T0137,home,11,93.09,0,Smog,741
B003464,2025-01-04,V054,singles,T0101,T0084,1,1,T0084,T0101,away,10,277.87,0,Rain,430
B003465,2025-02-23,V049,singles,T0170,T0061,1,1,T0170,T0061,home,13,40.63,0,Overcast,745
B003466,2025-02-18,V054,triples,T0082,T0058,3,3,T0082,T0058,home,16,153.11,0,Rain,677
B003467,2025-05-28,V037,triples,T0092,T0127,3,3,T0127,T0092,away,16,124.14,0,Clear,1043
B003468,2025-03-17,V052,doubles,T0112,T0147,2,2,T0112,T0147,home,16,255.98,0,Rain,533
B003469,2024-04-18,V043,triples,T0020,T0142,3,3,T0142,T0020,away,10,281.72,0,Odd Aura,1007
B003470,2025-05-03,V040,triples,T0073,T0101,3,3,T0073,T0101,home,13,416.68,0,Smog,300
B003471,2026-01-06,V019,singles,T0180,T0068,1,1,T0068,T0180,away,8,153.45,0,Harsh Sun,1159
B003472,2025-10-08,V039,doubles,T0054,T0144,2,2,T0054,T0144,home,14,137.86,0,Clear,533
B003473,2025-05-08,V053,doubles,T0154,T0164,2,2,T0164,T0154,away,14,16.88,0,Rain,469
B003474,2025-12-20,V003,singles,T0082,T0141,1,1,T0082,T0141,home,9,50.0,0,Breezy,591
B003475,2025-05-27,V034,doubles,T0085,T0173,2,2,T0173,T0085,away,11,192.1,0,Hail,1532
B003476,2025-10-07,V039,doubles,T0086,T0168,2,2,T0086,T0168,home,14,129.44,0,Clear,780
B003477,2024-11-04,V033,singles,T0073,T0079,1,1,T0073,T0079,home,9,143.08,0,Dusty,1678
B003478,2024-04-06,V018,doubles,T0168,T0167,2,2,T0168,T0167,home,10,99.81,0,Clear,1484
B003479,2025-02-09,V050,singles,T0099,T0047,1,1,T0099,T0047,home,8,71.08,0,Overcast,224
B003480,2024-06-16,V022,singles,T0164,T0128,1,1,T0128,T0164,away,10,54.3,0,Windy,1082
B003481,2026-02-02,V034,singles,T0096,T0024,1,1,T0096,T0024,home,8,98.79,0,Hail,1383
B003482,2024-06-11,V047,doubles,T0051,T0023,2,2,T0023,T0051,away,10,223.72,0,Sandstorm,357
B003483,2025-01-02,V054,singles,T0169,T0063,1,1,T0063,T0169,away,9,38.03,0,Rain,657
B003484,2025-05-23,V027,triples,T0043,T0026,3,3,T0043,T0026,home,12,35.22,0,Fog,862
B003485,2024-05-20,V044,singles,T0098,T0125,1,1,T0098,T0125,home,10,136.84,0,Odd Aura,1510
B003486,2025-03-15,V051,doubles,T0037,T0118,2,2,T0037,T0118,home,9,457.48,0,Overcast,548
B003487,2025-09-21,V021,doubles,T0102,T0125,2,2,T0102,T0125,home,13,10.48,0,Harsh Sun,258
B003488,2025-11-25,V003,singles,T0126,T0150,1,1,T0150,T0126,away,8,84.89,0,Breezy,593
B003489,2024-12-05,V016,singles,T0079,T0047,1,1,T0079,T0047,home,7,235.88,0,Clear,184
B003490,2024-09-12,V015,doubles,T0041,T0052,2,2,T0041,T0052,home,14,390.13,0,Glittering,177
B003491,2025-10-17,V048,singles,T0153,T0039,1,1,T0153,T0039,home,9,168.86,0,Sandstorm,2246
B003492,2025-05-09,V026,singles,T0057,T0101,1,1,T0057,T0101,home,15,3.45,0,Fog,498
B003493,2024-04-11,V035,doubles,T0005,T0057,2,2,T0057,T0005,away,7,329.38,0,Hail,364
B003494,2025-11-20,V022,triples,T0141,T0085,3,3,T0141,T0085,home,12,70.16,0,Windy,1228
B003495,2025-05-24,V043,doubles,T0086,T0164,2,2,T0086,T0164,home,4,319.28,0,Odd Aura,1077
B003496,2025-11-10,V023,triples,T0062,T0127,3,3,T0127,T0062,away,23,123.19,1,Windy,1194
B003497,2025-05-20,V001,doubles,T0130,T0086,2,2,T0130,T0086,home,6,415.9,0,Breezy,783
B003498,2024-07-30,V041,singles,T0123,T0083,1,1,T0123,T0083,home,6,149.05,0,Smog,676
B003499,2024-04-14,V034,doubles,T0013,T0006,2,3,T0006,T0013,away,8,556.0,0,Hail,1264
B003500,2026-02-10,V040,doubles,T0039,T0055,2,2,T0055,T0039,away,13,413.05,0,Smog,233
B003501,2025-05-10,V019,doubles,T0114,T0143,2,2,T0143,T0114,away,12,39.63,0,Harsh Sun,1321
B003502,2024-04-22,V050,singles,T0039,T0157,1,1,T0039,T0157,home,9,40.49,0,Overcast,195
B003503,2025-09-20,V025,singles,T0113,T0057,1,1,T0057,T0113,away,9,65.27,0,Fog,1174
B003504,2026-01-04,V038,singles,T0041,T0168,1,1,T0041,T0168,home,13,374.22,0,Clear,982
B003505,2025-06-28,V004,doubles,T0171,T0102,2,2,T0171,T0102,home,10,74.17,0,Moonless,619
B003506,2025-08-09,V013,triples,T0133,T0021,3,3,T0133,T0021,home,12,532.25,0,Glittering,1917
B003507,2025-07-25,V050,doubles,T0059,T0056,2,2,T0059,T0056,home,13,314.42,0,Overcast,201
B003508,2025-07-01,V002,triples,T0142,T0020,3,3,T0142,T0020,home,12,80.11,0,Breezy,712
B003509,2024-12-13,V024,singles,T0169,T0157,1,1,T0169,T0157,home,5,133.83,0,Windy,1237
B003510,2024-04-10,V037,singles,T0165,T0056,1,1,T0056,T0165,away,12,34.04,0,Clear,1049
B003511,2025-01-27,V045,doubles,T0089,T0071,2,2,T0089,T0071,home,10,164.34,0,Odd Aura,557
B003512,2024-09-12,V026,doubles,T0012,T0029,2,2,T0012,T0029,home,14,330.07,0,Fog,613
B003513,2024-07-25,V028,triples,T0114,T0019,3,3,T0114,T0019,home,23,19.06,1,Sunny,844
B003514,2024-12-22,V001,triples,T0124,T0049,3,3,T0049,T0124,away,12,52.77,0,Breezy,774
B003515,2025-06-23,V036,doubles,T0052,T0044,2,2,T0044,T0052,away,15,149.71,0,Hail,787
B003516,2026-02-12,V036,singles,T0158,T0059,1,1,T0059,T0158,away,9,45.66,0,Hail,604
B003517,2024-11-16,V051,triples,T0125,T0157,3,3,T0157,T0125,away,14,257.57,0,Overcast,553
B003518,2024-06-16,V001,singles,T0015,T0074,1,1,T0015,T0074,home,9,241.84,0,Breezy,595
B003519,2024-02-02,V005,singles,T0012,T0026,1,1,T0026,T0012,away,15,114.75,0,Moonless,1221
B003520,2025-11-27,V031,singles,T0117,T0127,1,1,T0117,T0127,home,13,220.63,0,Dusty,502
B003521,2026-02-20,V042,singles,T0063,T0163,1,1,T0063,T0163,home,12,275.0,0,Smog,706
B003522,2024-09-09,V052,triples,T0087,T0117,3,3,T0087,T0117,home,12,12.79,0,Rain,639
B003523,2024-08-19,V014,singles,T0066,T0161,1,1,T0066,T0161,home,10,195.23,0,Glittering,1650
B003524,2026-03-05,V013,doubles,T0015,T0105,2,2,T0105,T0015,away,13,113.52,0,Glittering,1753
B003525,2025-04-14,V046,doubles,T0162,T0143,2,2,T0162,T0143,home,13,335.2,0,Sandstorm,544
B003526,2025-02-26,V048,doubles,T0024,T0135,2,2,T0135,T0024,away,7,304.69,0,Sandstorm,2241
B003527,2025-12-09,V053,triples,T0051,T0063,3,3,T0063,T0051,away,21,18.12,1,Rain,434
B003528,2025-01-09,V017,doubles,T0075,T0066,2,2,T0066,T0075,away,14,489.77,0,Clear,764
B003529,2025-07-20,V044,singles,T0089,T0128,1,1,T0128,T0089,away,8,140.62,0,Odd Aura,1329
B003530,2024-05-02,V010,singles,T0075,T0158,1,1,T0075,T0158,home,5,208.09,0,Thunderstorm,604
B003531,2025-01-13,V044,triples,T0048,T0170,3,3,T0048,T0170,home,15,232.96,0,Odd Aura,1819
B003532,2024-11-14,V054,triples,T0102,T0031,3,3,T0031,T0102,away,24,112.71,1,Rain,564
B003533,2025-07-07,V029,doubles,T0166,T0097,2,2,T0166,T0097,home,7,859.8,0,Sunny,263
B003534,2025-07-06,V008,triples,T0117,T0001,3,3,T0117,T0001,home,21,17.52,1,High Winds,209
B003535,2024-07-25,V023,doubles,T0127,T0108,2,2,T0127,T0108,home,8,56.31,0,Windy,1229
B003536,2025-04-03,V001,singles,T0087,T0052,1,1,T0087,T0052,home,11,8.68,0,Breezy,733
B003537,2024-05-03,V052,singles,T0086,T0083,1,1,T0086,T0083,home,13,167.87,0,Rain,618
B003538,2026-01-14,V054,triples,T0132,T0064,3,3,T0132,T0064,home,9,480.02,0,Rain,652
B003539,2025-10-18,V050,doubles,T0129,T0048,2,2,T0048,T0129,away,8,221.23,0,Overcast,202
B003540,2025-08-30,V001,doubles,T0119,T0137,2,2,T0119,T0137,home,13,357.53,0,Breezy,709
B003541,2024-11-10,V023,singles,T0143,T0163,1,1,T0163,T0143,away,11,27.31,0,Windy,1319
B003542,2026-03-13,V002,triples,T0097,T0168,3,3,T0168,T0097,away,24,30.74,1,Breezy,952
B003543,2025-12-12,V041,singles,T0013,T0177,1,1,T0013,T0177,home,11,383.51,0,Smog,661
B003544,2025-10-26,V034,singles,T0092,T0061,1,1,T0092,T0061,home,7,174.1,0,Hail,1628
B003545,2024-04-01,V041,doubles,T0167,T0118,2,2,T0118,T0167,away,8,213.54,0,Smog,612
B003546,2024-07-28,V006,doubles,T0058,T0135,2,2,T0058,T0135,home,7,200.52,0,Moonless,588
B003547,2024-04-20,V049,doubles,T0170,T0054,2,2,T0054,T0170,away,20,217.78,1,Overcast,712
B003548,2025-12-08,V029,triples,T0168,T0151,3,2,T0168,T0151,home,19,141.08,1,Sunny,481
B003549,2025-12-17,V037,doubles,T0035,T0016,2,2,T0035,T0016,home,20,32.84,1,Clear,1122
B003550,2025-09-20,V034,singles,T0177,T0009,1,1,T0177,T0009,home,9,187.35,0,Hail,1345
B003551,2024-03-09,V033,singles,T0160,T0156,1,1,T0156,T0160,away,15,110.65,0,Dusty,1915
B003552,2024-03-18,V042,singles,T0049,T0125,1,1,T0125,T0049,away,10,1.24,0,Smog,616
B003553,2024-07-15,V013,doubles,T0088,T0055,2,2,T0088,T0055,home,16,160.3,0,Glittering,1999
B003554,2025-02-02,V022,triples,T0136,T0110,3,3,T0136,T0110,home,17,237.86,0,Windy,1049
B003555,2024-03-08,V023,doubles,T0008,T0030,2,2,T0030,T0008,away,4,159.67,0,Windy,1608
B003556,2025-12-09,V023,singles,T0139,T0051,1,1,T0139,T0051,home,13,260.95,0,Windy,1272
B003557,2025-06-27,V040,triples,T0174,T0066,3,3,T0066,T0174,away,16,42.6,0,Smog,206
B003558,2024-12-02,V045,singles,T0089,T0163,1,2,T0163,T0089,away,8,312.6,0,Odd Aura,485
B003559,2025-07-13,V014,doubles,T0128,T0066,2,2,T0128,T0066,home,18,102.98,0,Glittering,1499
B003560,2025-06-26,V037,doubles,T0040,T0112,2,2,T0112,T0040,away,17,135.4,0,Clear,953
B003561,2025-04-17,V024,triples,T0098,T0040,3,3,T0040,T0098,away,19,446.0,1,Windy,965
B003562,2025-11-07,V030,doubles,T0039,T0022,2,2,T0039,T0022,home,22,177.99,1,Sunny,658
B003563,2025-09-13,V013,singles,T0162,T0135,1,1,T0162,T0135,home,4,49.15,0,Glittering,1606
B003564,2025-04-16,V036,singles,T0050,T0108,1,1,T0050,T0108,home,9,91.43,0,Hail,736
B003565,2024-12-21,V047,doubles,T0163,T0005,2,2,T0005,T0163,away,10,279.43,0,Sandstorm,406
B003566,2024-02-20,V011,doubles,T0035,T0021,2,2,T0035,T0021,home,10,131.91,0,Thunderstorm,152
B003567,2024-05-25,V008,triples,T0081,T0127,3,3,T0081,T0127,home,9,417.82,0,High Winds,313
B003568,2025-01-19,V003,singles,T0001,T0084,1,1,T0084,T0001,away,9,82.3,0,Breezy,550
B003569,2025-11-18,V030,triples,T0163,T0094,3,3,T0094,T0163,away,16,199.54,0,Sunny,821
B003570,2024-04-22,V029,singles,T0108,T0131,1,1,T0131,T0108,away,18,3.65,0,Sunny,650
B003571,2024-11-11,V019,triples,T0021,T0070,3,3,T0021,T0070,home,17,331.82,0,Harsh Sun,1051
B003572,2025-12-20,V030,doubles,T0106,T0095,2,2,T0095,T0106,away,24,43.86,1,Sunny,773
B003573,2025-10-03,V020,singles,T0001,T0154,1,1,T0154,T0001,away,11,91.24,0,Harsh Sun,1610
B003574,2025-12-11,V051,doubles,T0022,T0051,2,2,T0022,T0051,home,12,243.67,0,Overcast,589
B003575,2025-08-19,V019,doubles,T0120,T0157,2,2,T0120,T0157,home,14,235.6,1,Harsh Sun,1189
B003576,2024-05-26,V015,doubles,T0032,T0092,2,2,T0032,T0092,home,20,28.67,1,Glittering,195
B003577,2026-03-21,V040,singles,T0165,T0135,1,1,T0165,T0135,home,8,25.79,0,Smog,266
B003578,2024-04-03,V015,singles,T0171,T0027,1,1,T0027,T0171,away,4,63.37,0,Glittering,123
B003579,2024-05-08,V010,doubles,T0110,T0177,2,2,T0177,T0110,away,14,108.72,0,Thunderstorm,547
B003580,2026-03-06,V019,doubles,T0061,T0093,2,2,T0093,T0061,away,13,355.75,0,Harsh Sun,1347
B003581,2024-05-05,V021,singles,T0063,T0030,1,1,T0063,T0030,home,5,32.33,0,Harsh Sun,223
B003582,2024-01-10,V045,singles,T0129,T0065,1,1,T0065,T0129,away,5,217.77,0,Odd Aura,493
B003583,2024-07-04,V045,triples,T0003,T0166,3,3,T0003,T0166,home,21,98.12,0,Odd Aura,521
B003584,2026-02-03,V001,triples,T0011,T0143,3,3,T0143,T0011,away,15,214.11,0,Breezy,633
B003585,2024-01-27,V033,triples,T0009,T0113,3,3,T0113,T0009,away,23,37.49,1,Dusty,1321
B003586,2025-12-04,V003,triples,T0004,T0130,3,3,T0130,T0004,away,15,566.61,0,Breezy,471
B003587,2025-01-10,V042,triples,T0152,T0013,3,3,T0013,T0152,away,14,358.82,0,Smog,808
B003588,2024-05-25,V053,doubles,T0151,T0130,2,2,T0151,T0130,home,11,2.75,0,Rain,472
B003589,2025-06-05,V011,doubles,T0162,T0100,2,2,T0100,T0162,away,15,306.58,0,Thunderstorm,149
B003590,2024-02-03,V017,singles,T0045,T0043,1,1,T0045,T0043,home,5,73.77,0,Clear,790
B003591,2026-03-24,V006,triples,T0043,T0014,3,3,T0043,T0014,home,15,206.76,0,Moonless,242
B003592,2025-12-12,V030,triples,T0147,T0106,3,3,T0147,T0106,home,14,661.15,0,Sunny,653
B003593,2026-02-01,V002,singles,T0016,T0151,1,1,T0151,T0016,away,9,1.11,0,Breezy,873
B003594,2025-01-05,V031,singles,T0030,T0036,1,1,T0036,T0030,away,8,72.97,0,Dusty,517
B003595,2025-04-01,V042,doubles,T0138,T0117,2,2,T0117,T0138,away,9,129.45,0,Smog,568
B003596,2025-08-13,V017,doubles,T0071,T0073,2,2,T0071,T0073,home,9,229.21,0,Clear,688
B003597,2024-04-18,V002,doubles,T0068,T0081,2,2,T0068,T0081,home,15,95.25,0,Breezy,1193
B003598,2026-02-09,V036,triples,T0050,T0163,3,3,T0050,T0163,home,14,261.86,0,Hail,737
B003599,2024-06-29,V011,singles,T0071,T0042,1,2,T0042,T0071,away,12,40.79,0,Thunderstorm,177
B003600,2026-01-01,V025,singles,T0109,T0016,1,1,T0016,T0109,away,11,9.45,0,Fog,972
B003601,2025-04-20,V006,singles,T0177,T0104,1,1,T0104,T0177,away,9,51.9,0,Moonless,480
B003602,2024-02-10,V037,doubles,T0003,T0136,2,2,T0136,T0003,away,17,302.99,0,Clear,1261
B003603,2024-06-18,V007,doubles,T0118,T0036,2,2,T0036,T0118,away,12,225.01,0,High Winds,1527
B003604,2025-03-10,V013,doubles,T0090,T0167,2,2,T0090,T0167,home,15,91.58,0,Glittering,1830
B003605,2025-08-28,V040,triples,T0126,T0164,3,3,T0126,T0164,home,14,724.56,0,Smog,262
B003606,2025-04-22,V043,doubles,T0174,T0056,2,2,T0174,T0056,home,13,379.55,0,Odd Aura,716
B003607,2024-01-06,V009,doubles,T0048,T0057,2,2,T0048,T0057,home,10,224.49,0,High Winds,1959
B003608,2025-06-13,V001,doubles,T0050,T0128,2,2,T0050,T0128,home,21,49.39,1,Breezy,732
B003609,2025-10-15,V046,singles,T0142,T0111,1,1,T0142,T0111,home,10,428.47,0,Sandstorm,454
B003610,2025-05-26,V036,doubles,T0091,T0098,2,2,T0091,T0098,home,12,117.25,0,Hail,791
B003611,2025-01-11,V036,singles,T0019,T0169,1,1,T0019,T0169,home,15,11.09,0,Hail,715
B003612,2024-12-11,V006,doubles,T0004,T0108,2,2,T0108,T0004,away,10,87.89,0,Moonless,464
B003613,2025-02-04,V031,doubles,T0135,T0069,2,2,T0069,T0135,away,14,122.5,0,Dusty,338
B003614,2024-10-09,V050,doubles,T0100,T0028,2,2,T0100,T0028,home,10,159.46,0,Overcast,207
B003615,2024-12-10,V051,singles,T0153,T0120,1,1,T0153,T0120,home,9,32.08,0,Overcast,477
B003616,2024-12-23,V031,triples,T0045,T0160,3,3,T0045,T0160,home,10,348.8,0,Dusty,409
B003617,2024-12-06,V053,doubles,T0100,T0160,2,2,T0100,T0160,home,8,238.83,0,Rain,487
B003618,2026-03-02,V005,singles,T0149,T0001,1,1,T0001,T0149,away,8,199.75,0,Moonless,1095
B003619,2024-12-26,V030,doubles,T0015,T0074,2,2,T0015,T0074,home,11,293.83,0,Sunny,509
B003620,2025-06-25,V023,singles,T0142,T0067,1,1,T0067,T0142,away,10,0.92,0,Windy,1477
B003621,2024-10-03,V012,singles,T0030,T0016,1,1,T0030,T0016,home,10,95.93,0,Thunderstorm,902
B003622,2024-01-30,V018,triples,T0126,T0120,3,3,T0126,T0120,home,14,717.47,0,Clear,1383
B003623,2024-11-18,V049,doubles,T0156,T0039,2,2,T0039,T0156,away,13,377.86,0,Overcast,685
B003624,2025-04-15,V049,doubles,T0013,T0151,2,1,T0013,T0151,home,24,559.58,1,Overcast,715
B003625,2026-02-06,V030,singles,T0111,T0159,1,1,T0159,T0111,away,10,13.16,0,Sunny,540
B003626,2024-10-27,V006,doubles,T0056,T0006,2,2,T0006,T0056,away,13,555.11,0,Moonless,446
B003627,2025-03-26,V024,doubles,T0136,T0099,2,2,T0136,T0099,home,15,33.06,0,Windy,901
B003628,2024-08-24,V013,doubles,T0108,T0089,2,3,T0089,T0108,away,14,702.5,0,Glittering,1732
B003629,2025-10-01,V049,triples,T0170,T0148,3,3,T0170,T0148,home,13,508.43,0,Overcast,651
B003630,2026-01-27,V007,doubles,T0166,T0157,2,2,T0166,T0157,home,4,412.47,0,High Winds,1258
B003631,2025-01-18,V033,doubles,T0060,T0165,2,2,T0060,T0165,home,14,302.18,0,Dusty,1760
B003632,2025-08-18,V022,singles,T0164,T0102,1,1,T0102,T0164,away,10,99.35,0,Windy,1160
B003633,2024-08-28,V011,doubles,T0092,T0048,2,2,T0092,T0048,home,10,137.8,0,Thunderstorm,112
B003634,2025-07-13,V043,singles,T0013,T0122,1,1,T0013,T0122,home,11,31.69,0,Odd Aura,1142
B003635,2025-02-21,V054,triples,T0039,T0146,3,3,T0146,T0039,away,17,214.6,0,Rain,550
B003636,2024-06-21,V044,singles,T0135,T0157,1,1,T0157,T0135,away,11,130.48,0,Odd Aura,1542
B003637,2026-02-25,V012,singles,T0070,T0035,1,1,T0070,T0035,home,9,112.01,0,Thunderstorm,931
B003638,2025-08-06,V020,triples,T0104,T0107,3,3,T0107,T0104,away,13,235.8,0,Harsh Sun,1921
B003639,2026-02-10,V007,singles,T0153,T0114,1,1,T0153,T0114,home,11,87.55,0,High Winds,1261
B003640,2024-01-11,V014,doubles,T0086,T0025,2,2,T0086,T0025,home,11,95.46,0,Glittering,1562
B003641,2024-12-05,V047,triples,T0075,T0078,3,3,T0078,T0075,away,20,28.73,0,Sandstorm,383
B003642,2024-12-10,V033,singles,T0027,T0129,1,1,T0027,T0129,home,13,179.67,0,Dusty,1848
B003643,2025-11-04,V032,doubles,T0094,T0166,2,2,T0166,T0094,away,13,505.09,0,Dusty,1139
B003644,2025-03-17,V002,doubles,T0097,T0017,2,2,T0017,T0097,away,12,149.97,0,Breezy,1039
B003645,2025-02-08,V020,singles,T0016,T0040,1,1,T0016,T0040,home,7,19.72,0,Harsh Sun,1613
B003646,2024-01-25,V023,doubles,T0139,T0091,2,2,T0139,T0091,home,14,253.75,0,Windy,1516
B003647,2024-05-19,V011,singles,T0080,T0144,1,1,T0144,T0080,away,12,24.3,0,Thunderstorm,185
B003648,2024-12-03,V050,doubles,T0007,T0042,2,3,T0042,T0007,away,15,385.68,0,Overcast,192
B003649,2025-07-09,V028,triples,T0025,T0015,3,3,T0015,T0025,away,15,272.22,0,Sunny,1082
B003650,2025-06-26,V031,doubles,T0022,T0167,2,2,T0022,T0167,home,20,350.8,1,Dusty,421
B003651,2024-04-23,V014,doubles,T0128,T0093,2,2,T0128,T0093,home,9,183.55,0,Glittering,1341
B003652,2025-04-01,V029,triples,T0077,T0040,3,3,T0040,T0077,away,9,629.41,0,Sunny,416
B003653,2026-01-22,V022,doubles,T0164,T0094,2,2,T0094,T0164,away,13,521.97,0,Windy,929
B003654,2024-01-03,V023,doubles,T0112,T0076,2,2,T0076,T0112,away,6,225.96,0,Windy,1175
B003655,2026-01-08,V041,doubles,T0168,T0046,2,3,T0046,T0168,away,9,555.15,0,Smog,465
B003656,2025-09-12,V047,doubles,T0153,T0147,2,2,T0147,T0153,away,12,232.84,0,Sandstorm,276
B003657,2024-10-17,V039,singles,T0097,T0022,1,1,T0022,T0097,away,10,197.94,0,Clear,616
B003658,2024-12-25,V046,singles,T0130,T0059,1,1,T0130,T0059,home,13,330.01,0,Sandstorm,510
B003659,2024-02-24,V012,singles,T0149,T0067,1,1,T0067,T0149,away,14,220.28,0,Thunderstorm,1109
B003660,2024-08-18,V024,doubles,T0077,T0069,2,2,T0069,T0077,away,12,224.34,0,Windy,928
B003661,2025-02-27,V008,doubles,T0089,T0016,2,2,T0089,T0016,home,11,438.87,0,High Winds,241
B003662,2024-01-14,V013,doubles,T0093,T0178,2,2,T0093,T0178,home,24,279.12,1,Glittering,1783
B003663,2025-05-08,V017,triples,T0164,T0028,3,3,T0028,T0164,away,10,196.11,0,Clear,689
B003664,2024-07-05,V022,doubles,T0148,T0137,2,2,T0148,T0137,home,11,186.79,0,Windy,893
B003665,2026-01-17,V021,singles,T0167,T0004,1,1,T0004,T0167,away,5,58.33,0,Harsh Sun,315
B003666,2026-01-03,V048,singles,T0017,T0140,1,1,T0140,T0017,away,12,236.84,0,Sandstorm,2286
B003667,2024-03-06,V022,doubles,T0073,T0176,2,2,T0073,T0176,home,7,217.33,0,Windy,854
B003668,2025-07-02,V032,singles,T0087,T0020,1,1,T0020,T0087,away,11,285.83,0,Dusty,1412
B003669,2024-04-22,V020,triples,T0012,T0169,3,3,T0169,T0012,away,13,42.04,0,Harsh Sun,1906
B003670,2025-10-04,V038,doubles,T0001,T0031,2,2,T0001,T0031,home,18,68.81,1,Clear,906
B003671,2024-01-23,V020,singles,T0027,T0032,1,1,T0027,T0032,home,7,28.94,0,Harsh Sun,1685
B003672,2024-03-08,V046,singles,T0058,T0065,1,1,T0058,T0065,home,6,15.39,0,Sandstorm,492
B003673,2025-12-13,V036,doubles,T0005,T0010,2,2,T0005,T0010,home,9,95.39,0,Hail,704
B003674,2024-08-31,V046,doubles,T0092,T0118,2,2,T0118,T0092,away,20,16.23,1,Sandstorm,494
B003675,2025-01-25,V050,singles,T0154,T0072,1,1,T0154,T0072,home,10,153.28,0,Overcast,154
B003676,2026-01-04,V033,triples,T0014,T0090,3,3,T0014,T0090,home,24,129.91,1,Dusty,1878
B003677,2024-08-18,V018,singles,T0085,T0037,1,1,T0037,T0085,away,12,110.84,0,Clear,1340
B003678,2024-12-13,V052,singles,T0111,T0063,1,1,T0111,T0063,home,8,233.48,0,Rain,687
B003679,2024-07-30,V014,singles,T0164,T0012,1,1,T0164,T0012,home,8,87.82,0,Glittering,1696
B003680,2025-01-12,V054,doubles,T0030,T0005,2,2,T0030,T0005,home,8,6.48,0,Rain,708
B003681,2026-02-01,V030,singles,T0068,T0049,1,1,T0068,T0049,home,11,133.2,0,Sunny,723
B003682,2025-05-27,V004,doubles,T0013,T0138,2,2,T0013,T0138,home,21,402.97,1,Moonless,719
B003683,2024-05-26,V009,singles,T0028,T0166,1,1,T0166,T0028,away,11,102.7,0,High Winds,1719
B003684,2025-11-14,V052,doubles,T0179,T0026,2,2,T0026,T0179,away,11,101.09,0,Rain,699
B003685,2024-07-01,V026,doubles,T0083,T0111,2,2,T0111,T0083,away,17,118.26,0,Fog,416
B003686,2024-03-17,V051,singles,T0123,T0139,1,1,T0123,T0139,home,12,174.5,0,Overcast,392
B003687,2024-06-22,V026,doubles,T0132,T0060,2,2,T0132,T0060,home,10,1.35,0,Fog,679
B003688,2025-03-05,V016,singles,T0012,T0172,1,1,T0012,T0172,home,12,169.93,0,Clear,211
B003689,2025-01-09,V009,singles,T0028,T0066,1,1,T0066,T0028,away,7,254.46,0,High Winds,2074
B003690,2025-08-14,V027,doubles,T0072,T0148,2,2,T0148,T0072,away,7,205.14,0,Fog,697
B003691,2025-12-23,V024,doubles,T0131,T0166,2,2,T0166,T0131,away,20,52.89,0,Windy,914
B003692,2024-06-03,V009,singles,T0154,T0089,1,1,T0089,T0154,away,14,109.75,0,High Winds,1799
B003693,2024-04-03,V051,singles,T0076,T0149,1,1,T0076,T0149,home,7,20.59,0,Overcast,340
B003694,2026-03-12,V042,doubles,T0067,T0048,2,2,T0048,T0067,away,10,262.65,0,Smog,815
B003695,2026-01-06,V028,triples,T0098,T0045,3,3,T0098,T0045,home,16,252.94,0,Sunny,846
B003696,2025-03-05,V049,doubles,T0170,T0158,2,2,T0170,T0158,home,9,77.48,0,Overcast,826
B003697,2025-01-01,V046,singles,T0130,T0018,1,1,T0130,T0018,home,4,522.65,0,Sandstorm,595
B003698,2025-01-04,V014,singles,T0126,T0156,1,1,T0156,T0126,away,9,76.33,0,Glittering,1394
B003699,2025-04-21,V048,doubles,T0094,T0068,2,2,T0068,T0094,away,8,189.22,0,Sandstorm,2015
B003700,2025-04-25,V046,singles,T0044,T0114,1,1,T0114,T0044,away,13,94.4,0,Sandstorm,498
B003701,2024-06-10,V027,singles,T0150,T0045,1,1,T0045,T0150,away,4,5.25,0,Fog,770
B003702,2025-07-29,V023,triples,T0057,T0147,3,2,T0057,T0147,home,17,690.24,0,Windy,1268
B003703,2026-02-18,V034,doubles,T0021,T0008,2,2,T0008,T0021,away,11,17.48,0,Hail,1774
B003704,2024-08-12,V015,doubles,T0001,T0057,2,2,T0001,T0057,home,20,17.46,1,Glittering,191
B003705,2026-03-10,V034,singles,T0086,T0036,1,1,T0086,T0036,home,8,53.66,0,Hail,1433
B003706,2025-01-18,V010,doubles,T0052,T0093,2,2,T0093,T0052,away,11,146.87,0,Thunderstorm,419
B003707,2025-04-22,V033,doubles,T0069,T0147,2,2,T0147,T0069,away,16,423.44,0,Dusty,1381
B003708,2025-09-21,V042,singles,T0142,T0180,1,1,T0180,T0142,away,10,155.69,0,Smog,764
B003709,2024-04-07,V011,triples,T0171,T0118,3,3,T0118,T0171,away,14,127.83,0,Thunderstorm,187
B003710,2024-06-09,V019,singles,T0055,T0040,1,1,T0055,T0040,home,7,176.0,0,Harsh Sun,1106
B003711,2024-11-06,V023,doubles,T0164,T0085,2,2,T0085,T0164,away,8,149.82,0,Windy,1863
B003712,2024-11-12,V050,doubles,T0005,T0021,2,2,T0005,T0021,home,8,149.06,0,Overcast,186
B003713,2024-03-10,V015,doubles,T0112,T0045,2,2,T0045,T0112,away,13,82.47,0,Glittering,194
B003714,2024-05-04,V051,doubles,T0054,T0109,2,2,T0054,T0109,home,15,475.61,0,Overcast,549
B003715,2024-09-03,V002,singles,T0094,T0046,1,1,T0094,T0046,home,8,2.14,0,Breezy,1050
B003716,2025-11-03,V030,triples,T0081,T0016,3,2,T0081,T0016,home,11,550.64,0,Sunny,746
B003717,2025-10-30,V012,doubles,T0143,T0087,2,2,T0087,T0143,away,22,71.19,1,Thunderstorm,993
B003718,2025-01-17,V047,doubles,T0076,T0108,2,2,T0108,T0076,away,24,208.48,1,Sandstorm,395
B003719,2024-05-14,V034,singles,T0160,T0006,1,1,T0160,T0006,home,10,139.12,0,Hail,1702
B003720,2024-09-12,V041,singles,T0163,T0011,1,1,T0163,T0011,home,9,323.25,0,Smog,651
B003721,2025-08-04,V012,triples,T0065,T0179,3,3,T0065,T0179,home,15,819.72,0,Thunderstorm,949
B003722,2025-07-03,V019,doubles,T0116,T0050,2,2,T0116,T0050,home,13,290.58,0,Harsh Sun,1089
B003723,2025-02-04,V008,singles,T0052,T0133,1,1,T0052,T0133,home,12,73.33,0,High Winds,320
B003724,2024-05-29,V015,triples,T0026,T0107,3,3,T0107,T0026,away,11,34.21,0,Glittering,139
B003725,2024-05-25,V051,singles,T0114,T0055,1,1,T0114,T0055,home,7,73.14,0,Overcast,626
B003726,2026-03-01,V039,triples,T0135,T0050,3,3,T0050,T0135,away,21,48.46,1,Clear,736
B003727,2024-11-17,V042,doubles,T0105,T0037,2,2,T0037,T0105,away,11,132.49,0,Smog,602
B003728,2026-01-15,V030,singles,T0124,T0109,1,2,T0109,T0124,away,11,328.78,0,Sunny,690
B003729,2024-10-01,V016,singles,T0125,T0146,1,1,T0125,T0146,home,10,138.17,0,Clear,150
B003730,2025-06-16,V042,doubles,T0068,T0074,2,2,T0068,T0074,home,13,265.91,0,Smog,688
B003731,2025-10-14,V007,singles,T0018,T0007,1,1,T0018,T0007,home,11,79.17,0,High Winds,1193
B003732,2024-03-26,V030,singles,T0127,T0074,1,1,T0127,T0074,home,4,236.15,0,Sunny,1000
B003733,2026-01-01,V013,singles,T0142,T0069,1,2,T0069,T0142,away,11,268.16,0,Glittering,1786
B003734,2025-04-15,V025,singles,T0067,T0024,1,1,T0067,T0024,home,7,47.86,0,Fog,1074
B003735,2024-08-15,V021,doubles,T0178,T0085,2,2,T0178,T0085,home,24,404.21,1,Harsh Sun,288
B003736,2026-01-24,V026,singles,T0098,T0026,1,1,T0098,T0026,home,12,147.69,0,Fog,726
B003737,2025-07-23,V037,triples,T0130,T0039,3,3,T0130,T0039,home,20,897.07,1,Clear,1222
B003738,2024-05-26,V047,doubles,T0060,T0004,2,2,T0060,T0004,home,17,258.79,0,Sandstorm,295
B003739,2025-09-22,V016,singles,T0033,T0017,1,1,T0033,T0017,home,12,252.01,0,Clear,136
B003740,2025-07-07,V005,triples,T0054,T0056,3,3,T0054,T0056,home,13,583.78,0,Moonless,1061
B003741,2024-11-22,V032,singles,T0018,T0108,1,1,T0018,T0108,home,8,118.98,0,Dusty,1148
B003742,2024-05-25,V007,singles,T0080,T0041,1,1,T0041,T0080,away,8,152.69,0,High Winds,1545
B003743,2025-04-17,V007,doubles,T0175,T0102,2,2,T0102,T0175,away,13,29.31,0,High Winds,1422
B003744,2025-10-06,V036,doubles,T0127,T0121,2,2,T0121,T0127,away,14,110.03,0,Hail,661
B003745,2025-06-14,V011,singles,T0131,T0027,1,1,T0131,T0027,home,10,356.17,0,Thunderstorm,147
B003746,2024-11-01,V036,triples,T0120,T0100,3,3,T0100,T0120,away,14,61.18,0,Hail,675
B003747,2025-05-11,V013,triples,T0118,T0175,3,3,T0118,T0175,home,19,363.17,1,Glittering,1785
B003748,2026-02-06,V026,doubles,T0085,T0076,2,2,T0076,T0085,away,14,42.83,0,Fog,645
B003749,2024-09-13,V011,singles,T0159,T0090,1,1,T0090,T0159,away,12,35.84,0,Thunderstorm,179
B003750,2025-06-09,V015,singles,T0170,T0144,1,1,T0144,T0170,away,13,48.02,0,Glittering,171
B003751,2024-06-09,V041,singles,T0080,T0121,1,1,T0080,T0121,home,9,104.24,0,Smog,505
B003752,2024-06-04,V039,doubles,T0139,T0001,2,2,T0139,T0001,home,9,18.51,0,Clear,610
B003753,2026-02-13,V008,triples,T0173,T0044,3,3,T0173,T0044,home,8,189.45,0,High Winds,259
B003754,2024-10-26,V022,singles,T0170,T0027,1,1,T0027,T0170,away,7,121.93,0,Windy,1003
B003755,2026-02-13,V054,singles,T0053,T0019,1,1,T0053,T0019,home,10,227.44,0,Rain,719
B003756,2024-04-22,V045,triples,T0047,T0108,3,3,T0108,T0047,away,15,335.71,0,Odd Aura,431
B003757,2026-02-28,V015,doubles,T0164,T0093,2,2,T0093,T0164,away,18,25.2,0,Glittering,182
B003758,2025-02-20,V045,triples,T0009,T0155,3,3,T0155,T0009,away,17,29.9,0,Odd Aura,591
B003759,2025-12-02,V040,singles,T0169,T0033,1,1,T0169,T0033,home,12,123.97,0,Smog,274
B003760,2025-09-06,V019,singles,T0089,T0112,1,1,T0112,T0089,away,6,56.12,0,Harsh Sun,1019
B003761,2026-01-28,V046,singles,T0032,T0138,1,1,T0032,T0138,home,9,492.61,0,Sandstorm,503
B003762,2026-02-09,V024,singles,T0136,T0166,1,1,T0136,T0166,home,11,52.8,0,Windy,943
B003763,2024-01-26,V024,triples,T0008,T0041,3,3,T0041,T0008,away,13,317.83,0,Windy,707
B003764,2025-09-30,V018,triples,T0128,T0012,3,3,T0128,T0012,home,23,27.66,1,Clear,1268
B003765,2024-07-04,V047,doubles,T0046,T0035,2,2,T0046,T0035,home,11,145.41,0,Sandstorm,484
B003766,2024-03-10,V022,doubles,T0087,T0163,2,2,T0087,T0163,home,18,309.99,1,Windy,928
B003767,2025-06-09,V007,triples,T0148,T0053,3,3,T0148,T0053,home,17,41.33,0,High Winds,1428
B003768,2024-02-25,V043,doubles,T0080,T0157,2,2,T0157,T0080,away,9,481.81,0,Odd Aura,866
B003769,2025-03-28,V020,singles,T0134,T0015,1,1,T0015,T0134,away,5,117.81,0,Harsh Sun,1933
B003770,2025-09-08,V007,doubles,T0166,T0009,2,2,T0009,T0166,away,13,183.55,0,High Winds,1791
B003771,2025-04-24,V003,doubles,T0048,T0036,2,2,T0036,T0048,away,20,3.7,1,Breezy,604
B003772,2024-07-17,V020,singles,T0068,T0028,1,1,T0068,T0028,home,6,13.0,0,Harsh Sun,1761
B003773,2025-05-27,V049,triples,T0075,T0113,3,3,T0113,T0075,away,22,253.04,1,Overcast,687
B003774,2024-01-12,V040,doubles,T0099,T0170,2,3,T0170,T0099,away,19,670.07,1,Smog,258
B003775,2024-01-26,V009,singles,T0006,T0076,1,1,T0076,T0006,away,11,63.03,0,High Winds,1860
B003776,2024-10-24,V004,singles,T0095,T0176,1,1,T0095,T0176,home,15,279.92,0,Moonless,886
B003777,2024-06-26,V012,singles,T0021,T0087,1,1,T0021,T0087,home,11,86.25,0,Thunderstorm,1028
B003778,2025-12-14,V023,doubles,T0051,T0005,2,2,T0051,T0005,home,11,16.74,0,Windy,1239
B003779,2026-02-27,V050,singles,T0151,T0163,1,1,T0163,T0151,away,6,73.58,0,Overcast,194
B003780,2025-08-24,V038,singles,T0167,T0136,1,1,T0136,T0167,away,11,8.1,0,Clear,804
B003781,2024-06-24,V005,singles,T0108,T0146,1,1,T0108,T0146,home,13,202.12,0,Moonless,1247
B003782,2024-02-26,V022,doubles,T0006,T0108,2,2,T0108,T0006,away,14,308.42,0,Windy,690
B003783,2026-03-14,V032,doubles,T0179,T0105,2,1,T0179,T0105,home,14,501.07,0,Dusty,938
B003784,2024-08-26,V026,doubles,T0001,T0022,2,2,T0022,T0001,away,8,27.54,0,Fog,584
B003785,2025-07-08,V052,singles,T0016,T0102,1,1,T0102,T0016,away,11,325.04,0,Rain,530
B003786,2025-06-07,V020,singles,T0016,T0081,1,1,T0016,T0081,home,9,190.2,0,Harsh Sun,1815
B003787,2025-04-03,V021,singles,T0086,T0156,1,1,T0156,T0086,away,11,6.19,0,Harsh Sun,302
B003788,2024-01-30,V003,singles,T0154,T0020,1,1,T0020,T0154,away,6,159.76,0,Breezy,509
B003789,2024-10-07,V035,doubles,T0100,T0127,2,2,T0100,T0127,home,13,327.11,0,Hail,339
B003790,2024-01-27,V026,doubles,T0122,T0152,2,2,T0122,T0152,home,19,92.93,1,Fog,613
B003791,2025-09-01,V013,triples,T0077,T0136,3,3,T0077,T0136,home,14,19.1,0,Glittering,1510
B003792,2025-12-28,V014,singles,T0119,T0117,1,1,T0117,T0119,away,7,30.28,0,Glittering,1687
B003793,2024-02-07,V013,doubles,T0161,T0077,2,2,T0161,T0077,home,4,136.49,0,Glittering,1867
B003794,2024-08-29,V043,doubles,T0126,T0070,2,2,T0126,T0070,home,10,331.05,0,Odd Aura,970
B003795,2025-06-19,V034,singles,T0030,T0167,1,1,T0030,T0167,home,15,162.57,0,Hail,1489
B003796,2025-07-12,V003,triples,T0115,T0028,3,3,T0115,T0028,home,13,80.0,0,Breezy,508
B003797,2024-09-25,V016,singles,T0169,T0159,1,1,T0159,T0169,away,9,114.7,0,Clear,219
B003798,2025-11-03,V016,triples,T0145,T0180,3,3,T0145,T0180,home,24,350.13,1,Clear,138
B003799,2026-01-07,V019,doubles,T0091,T0094,2,1,T0091,T0094,home,10,590.32,0,Harsh Sun,874
B003800,2026-02-03,V018,singles,T0174,T0042,1,1,T0174,T0042,home,8,155.21,0,Clear,1403
B003801,2024-03-05,V049,doubles,T0170,T0007,2,2,T0007,T0170,away,12,96.85,0,Overcast,688
B003802,2026-03-13,V032,doubles,T0119,T0024,2,2,T0119,T0024,home,12,101.7,0,Dusty,1160
B003803,2025-11-19,V043,doubles,T0128,T0172,2,2,T0128,T0172,home,11,279.77,0,Odd Aura,1306
B003804,2024-09-29,V036,doubles,T0050,T0084,2,2,T0084,T0050,away,18,342.79,1,Hail,729
B003805,2024-03-07,V044,doubles,T0089,T0095,2,2,T0089,T0095,home,12,38.22,0,Odd Aura,1237
B003806,2024-11-07,V036,doubles,T0170,T0110,2,2,T0110,T0170,away,10,19.53,0,Hail,805
B003807,2024-12-26,V033,doubles,T0112,T0073,2,2,T0073,T0112,away,11,291.27,0,Dusty,1409
B003808,2026-02-04,V004,doubles,T0009,T0050,2,2,T0050,T0009,away,8,159.73,0,Moonless,686
B003809,2024-01-13,V017,doubles,T0124,T0101,2,2,T0101,T0124,away,11,50.4,0,Clear,788
B003810,2024-12-17,V034,triples,T0089,T0043,3,3,T0089,T0043,home,19,68.75,1,Hail,1468
B003811,2024-06-04,V036,doubles,T0097,T0030,2,2,T0030,T0097,away,13,50.34,0,Hail,889
B003812,2025-10-30,V032,singles,T0166,T0011,1,1,T0011,T0166,away,5,103.63,0,Dusty,1172
B003813,2024-07-08,V043,doubles,T0061,T0121,2,3,T0121,T0061,away,11,843.34,0,Odd Aura,1145
B003814,2024-10-17,V035,doubles,T0064,T0112,2,2,T0112,T0064,away,17,88.45,1,Hail,405
B003815,2024-11-22,V004,singles,T0075,T0096,1,1,T0096,T0075,away,10,271.62,0,Moonless,767
B003816,2025-10-15,V006,singles,T0004,T0164,1,2,T0164,T0004,away,8,211.66,0,Moonless,442
B003817,2025-01-11,V048,singles,T0079,T0034,1,1,T0034,T0079,away,12,17.66,0,Sandstorm,2143
B003818,2025-07-24,V034,doubles,T0108,T0126,2,2,T0126,T0108,away,16,161.2,0,Hail,1753
B003819,2024-01-25,V047,singles,T0106,T0145,1,1,T0106,T0145,home,10,96.29,0,Sandstorm,299
B003820,2026-02-10,V047,doubles,T0040,T0024,2,3,T0024,T0040,away,13,470.05,0,Sandstorm,299
B003821,2024-01-10,V028,singles,T0034,T0169,1,1,T0034,T0169,home,4,220.29,0,Sunny,566
B003822,2025-11-21,V042,doubles,T0132,T0143,2,2,T0143,T0132,away,15,261.45,0,Smog,542
B003823,2025-06-18,V026,doubles,T0016,T0097,2,2,T0016,T0097,home,6,295.24,0,Fog,750
B003824,2024-12-27,V026,singles,T0150,T0008,1,1,T0008,T0150,away,4,86.6,0,Fog,605
B003825,2024-03-29,V018,singles,T0071,T0114,1,1,T0071,T0114,home,14,48.65,0,Clear,1326
B003826,2025-09-19,V003,singles,T0179,T0082,1,1,T0179,T0082,home,11,43.63,0,Breezy,515
B003827,2025-07-13,V018,triples,T0157,T0101,3,3,T0157,T0101,home,8,584.8,0,Clear,1131
B003828,2025-08-26,V026,singles,T0098,T0032,1,1,T0032,T0098,away,12,56.54,0,Fog,782
B003829,2025-11-01,V023,doubles,T0063,T0024,2,2,T0063,T0024,home,14,311.88,0,Windy,1508
B003830,2024-01-13,V048,doubles,T0132,T0076,2,2,T0076,T0132,away,12,401.07,0,Sandstorm,1726
B003831,2025-11-03,V033,triples,T0138,T0035,3,3,T0035,T0138,away,16,186.96,0,Dusty,1500
B003832,2025-04-22,V006,doubles,T0004,T0155,2,1,T0004,T0155,home,16,190.08,0,Moonless,399
B003833,2024-08-27,V022,singles,T0134,T0017,1,1,T0134,T0017,home,5,102.35,0,Windy,1162
B003834,2024-03-22,V012,singles,T0061,T0168,1,1,T0061,T0168,home,7,77.31,0,Thunderstorm,854
B003835,2024-10-23,V011,doubles,T0125,T0070,2,2,T0125,T0070,home,13,173.21,0,Thunderstorm,190
B003836,2024-10-13,V017,doubles,T0113,T0057,2,2,T0057,T0113,away,19,315.1,1,Clear,522
B003837,2024-10-22,V013,doubles,T0050,T0033,2,2,T0050,T0033,home,8,337.73,0,Glittering,1973
B003838,2025-01-02,V037,doubles,T0103,T0102,2,2,T0102,T0103,away,14,93.06,0,Clear,948
B003839,2024-06-27,V001,singles,T0164,T0149,1,1,T0149,T0164,away,11,3.14,0,Breezy,774
B003840,2025-05-07,V015,triples,T0132,T0043,3,3,T0043,T0132,away,13,137.51,0,Glittering,197
B003841,2024-01-24,V026,doubles,T0168,T0101,2,2,T0101,T0168,away,21,181.5,1,Fog,736
B003842,2025-08-29,V005,doubles,T0177,T0086,2,2,T0177,T0086,home,14,48.15,0,Moonless,1319
B003843,2024-04-16,V038,doubles,T0054,T0031,2,2,T0054,T0031,home,7,202.86,0,Clear,940
B003844,2026-01-12,V010,singles,T0014,T0114,1,1,T0114,T0014,away,8,10.76,0,Thunderstorm,439
B003845,2025-07-14,V032,triples,T0114,T0025,3,3,T0025,T0114,away,14,262.07,0,Dusty,1132
B003846,2024-04-05,V049,singles,T0002,T0133,1,1,T0002,T0133,home,11,116.77,0,Overcast,682
B003847,2025-12-05,V007,triples,T0166,T0036,3,3,T0166,T0036,home,24,10.64,1,High Winds,1501
B003848,2024-11-04,V016,doubles,T0047,T0061,2,2,T0061,T0047,away,10,197.11,0,Clear,190
B003849,2025-01-17,V052,singles,T0178,T0063,1,1,T0178,T0063,home,4,108.06,0,Rain,750
B003850,2025-05-10,V004,singles,T0004,T0170,1,1,T0170,T0004,away,10,231.27,0,Moonless,639
B003851,2024-02-15,V025,singles,T0082,T0031,1,1,T0031,T0082,away,5,13.46,0,Fog,1084
B003852,2024-10-22,V020,doubles,T0097,T0101,2,2,T0097,T0101,home,12,80.05,0,Harsh Sun,1464
B003853,2024-01-02,V008,doubles,T0057,T0002,2,2,T0002,T0057,away,11,29.98,0,High Winds,341
B003854,2024-05-17,V048,singles,T0176,T0173,1,1,T0176,T0173,home,11,83.79,0,Sandstorm,2397
B003855,2025-04-04,V047,singles,T0117,T0179,1,1,T0117,T0179,home,13,150.2,0,Sandstorm,392
B003856,2025-09-16,V050,singles,T0092,T0091,1,1,T0091,T0092,away,4,70.94,0,Overcast,229
B003857,2024-01-03,V031,doubles,T0084,T0066,2,2,T0084,T0066,home,12,40.79,0,Dusty,440
B003858,2024-05-23,V040,triples,T0042,T0035,3,3,T0035,T0042,away,9,211.01,0,Smog,301
B003859,2025-11-02,V006,doubles,T0036,T0167,2,2,T0036,T0167,home,13,44.18,0,Moonless,569
B003860,2025-08-05,V044,singles,T0032,T0078,1,1,T0078,T0032,away,10,179.5,0,Odd Aura,1459
B003861,2024-04-20,V002,doubles,T0091,T0011,2,2,T0091,T0011,home,7,265.85,0,Breezy,982
B003862,2024-08-20,V041,doubles,T0088,T0038,2,2,T0038,T0088,away,17,117.38,0,Smog,727
B003863,2025-12-08,V042,singles,T0028,T0098,1,1,T0028,T0098,home,16,141.85,0,Smog,735
B003864,2026-03-20,V034,doubles,T0026,T0145,2,2,T0145,T0026,away,10,34.36,0,Hail,1374
B003865,2024-02-12,V037,doubles,T0150,T0179,2,2,T0150,T0179,home,11,356.34,0,Clear,934
B003866,2026-03-24,V001,doubles,T0170,T0111,2,2,T0170,T0111,home,21,160.14,1,Breezy,755
B003867,2025-02-05,V037,triples,T0146,T0092,3,3,T0146,T0092,home,13,40.3,0,Clear,1226
B003868,2024-07-08,V016,triples,T0092,T0110,3,3,T0092,T0110,home,17,397.62,0,Clear,221
B003869,2025-03-19,V002,singles,T0072,T0060,1,1,T0060,T0072,away,9,205.45,0,Breezy,1077
B003870,2024-10-25,V040,doubles,T0126,T0149,2,2,T0149,T0126,away,6,219.99,0,Smog,278
B003871,2024-07-31,V048,singles,T0064,T0074,1,1,T0064,T0074,home,11,109.93,0,Sandstorm,2405
B003872,2025-10-25,V017,singles,T0175,T0128,1,1,T0175,T0128,home,8,10.33,0,Clear,733
B003873,2026-02-28,V053,doubles,T0011,T0162,2,2,T0162,T0011,away,13,67.98,0,Rain,465
B003874,2026-03-03,V017,singles,T0134,T0019,1,1,T0134,T0019,home,10,4.94,0,Clear,704
B003875,2025-09-05,V018,triples,T0146,T0121,3,3,T0121,T0146,away,15,382.66,0,Clear,1563
B003876,2025-05-12,V010,doubles,T0090,T0129,2,2,T0129,T0090,away,19,325.54,0,Thunderstorm,564
B003877,2025-09-29,V051,triples,T0125,T0140,3,3,T0125,T0140,home,18,421.01,0,Overcast,331
B003878,2024-03-19,V043,doubles,T0065,T0122,2,2,T0065,T0122,home,20,456.15,1,Odd Aura,1199
B003879,2024-03-18,V029,singles,T0159,T0148,1,1,T0159,T0148,home,7,111.35,0,Sunny,447
B003880,2025-01-10,V042,singles,T0028,T0103,1,1,T0103,T0028,away,15,84.95,0,Smog,810
B003881,2026-01-29,V054,doubles,T0053,T0011,2,2,T0053,T0011,home,11,347.22,0,Rain,711
B003882,2025-12-03,V028,doubles,T0147,T0006,2,2,T0006,T0147,away,15,378.4,0,Sunny,1066
B003883,2025-02-28,V013,triples,T0178,T0077,3,3,T0178,T0077,home,18,171.01,0,Glittering,1606
B003884,2025-05-14,V022,doubles,T0040,T0180,2,2,T0040,T0180,home,7,226.46,0,Windy,1042
B003885,2026-03-21,V029,triples,T0108,T0057,3,3,T0108,T0057,home,14,380.64,0,Sunny,531
B003886,2025-01-12,V007,triples,T0022,T0115,3,3,T0115,T0022,away,21,262.37,1,High Winds,1290
B003887,2025-06-08,V035,triples,T0007,T0029,3,3,T0007,T0029,home,16,487.78,0,Hail,318
B003888,2025-04-25,V020,doubles,T0072,T0143,2,2,T0143,T0072,away,13,456.21,0,Harsh Sun,1799
B003889,2025-04-09,V014,doubles,T0128,T0053,2,2,T0128,T0053,home,7,242.88,0,Glittering,1552
B003890,2024-03-05,V032,doubles,T0068,T0015,2,2,T0068,T0015,home,18,167.48,1,Dusty,1199
B003891,2025-10-29,V045,singles,T0009,T0041,1,1,T0009,T0041,home,13,68.05,0,Odd Aura,536
B003892,2025-03-24,V054,singles,T0003,T0149,1,1,T0149,T0003,away,9,9.93,0,Rain,698
B003893,2024-12-25,V011,triples,T0178,T0053,3,3,T0178,T0053,home,12,471.55,0,Thunderstorm,185
B003894,2024-10-20,V010,singles,T0134,T0023,1,1,T0134,T0023,home,9,77.56,0,Thunderstorm,522
B003895,2024-09-12,V016,doubles,T0131,T0125,2,2,T0125,T0131,away,12,56.39,0,Clear,152
B003896,2024-08-07,V047,doubles,T0087,T0016,2,2,T0087,T0016,home,18,166.55,0,Sandstorm,343
B003897,2025-03-16,V020,singles,T0011,T0148,1,1,T0011,T0148,home,9,14.22,0,Harsh Sun,1592
B003898,2025-04-17,V039,doubles,T0046,T0095,2,2,T0095,T0046,away,12,272.01,0,Clear,619
B003899,2025-01-19,V017,triples,T0117,T0021,3,3,T0117,T0021,home,18,302.97,1,Clear,776
B003900,2024-06-29,V017,doubles,T0095,T0171,2,2,T0095,T0171,home,17,306.09,0,Clear,710
B003901,2024-09-18,V038,triples,T0109,T0177,3,3,T0177,T0109,away,17,136.69,0,Clear,978
B003902,2024-03-29,V029,triples,T0142,T0019,3,3,T0142,T0019,home,6,168.59,0,Sunny,676
B003903,2026-01-11,V044,triples,T0119,T0165,3,3,T0119,T0165,home,12,35.51,0,Odd Aura,1215
B003904,2025-09-04,V049,triples,T0168,T0079,3,3,T0079,T0168,away,14,10.31,0,Overcast,761
B003905,2024-03-27,V008,doubles,T0052,T0050,2,3,T0050,T0052,away,11,434.67,0,High Winds,334
B003906,2024-12-11,V040,triples,T0169,T0106,3,3,T0169,T0106,home,17,45.93,0,Smog,248
B003907,2025-04-06,V024,doubles,T0093,T0041,2,2,T0041,T0093,away,23,181.94,1,Windy,949
B003908,2024-02-16,V002,doubles,T0176,T0166,2,2,T0166,T0176,away,9,202.91,0,Breezy,926
B003909,2024-02-26,V031,doubles,T0102,T0122,2,2,T0102,T0122,home,11,237.53,0,Dusty,422
B003910,2025-07-24,V021,triples,T0018,T0034,3,3,T0034,T0018,away,17,304.78,0,Harsh Sun,336
B003911,2025-11-13,V024,doubles,T0047,T0086,2,1,T0047,T0086,home,12,371.67,0,Windy,1076
B003912,2025-11-14,V053,singles,T0125,T0015,1,1,T0015,T0125,away,4,97.46,0,Rain,445
B003913,2024-10-06,V027,singles,T0043,T0067,1,1,T0043,T0067,home,11,117.14,0,Fog,740
B003914,2025-09-16,V021,doubles,T0178,T0017,2,2,T0017,T0178,away,10,221.6,0,Harsh Sun,240
B003915,2025-06-12,V030,triples,T0105,T0002,3,3,T0105,T0002,home,16,176.75,0,Sunny,816
B003916,2024-02-15,V038,singles,T0154,T0042,1,1,T0154,T0042,home,6,109.29,0,Clear,1198
B003917,2026-02-07,V042,singles,T0108,T0123,1,1,T0108,T0123,home,7,390.49,0,Smog,838
B003918,2024-08-29,V022,doubles,T0151,T0034,2,2,T0034,T0151,away,9,467.01,0,Windy,601
B003919,2025-02-27,V029,doubles,T0034,T0159,2,2,T0034,T0159,home,13,8.02,0,Sunny,500
B003920,2025-04-24,V032,singles,T0018,T0052,1,1,T0052,T0018,away,4,14.57,0,Dusty,1169
B003921,2024-03-14,V029,doubles,T0032,T0083,2,2,T0032,T0083,home,9,18.15,0,Sunny,562
B003922,2025-07-25,V028,singles,T0107,T0063,1,1,T0063,T0107,away,6,188.58,0,Sunny,842
B003923,2024-07-14,V037,singles,T0054,T0049,1,1,T0049,T0054,away,11,189.47,0,Clear,1110
B003924,2025-07-11,V051,doubles,T0070,T0180,2,2,T0070,T0180,home,9,18.94,0,Overcast,512
B003925,2025-09-03,V019,singles,T0105,T0110,1,1,T0110,T0105,away,7,165.42,0,Harsh Sun,970
B003926,2025-05-09,V030,doubles,T0119,T0025,2,2,T0119,T0025,home,15,194.14,0,Sunny,831
B003927,2024-04-24,V003,singles,T0073,T0150,1,1,T0150,T0073,away,7,41.0,0,Breezy,473
B003928,2025-04-16,V025,singles,T0097,T0096,1,1,T0097,T0096,home,8,363.46,0,Fog,911
B003929,2025-07-06,V012,triples,T0151,T0043,3,3,T0151,T0043,home,19,332.12,0,Thunderstorm,1035
B003930,2024-10-02,V031,triples,T0151,T0108,3,3,T0108,T0151,away,21,493.34,1,Dusty,415
B003931,2024-01-11,V038,singles,T0083,T0039,1,1,T0083,T0039,home,16,15.99,0,Clear,934
B003932,2024-09-02,V037,doubles,T0098,T0170,2,2,T0170,T0098,away,8,168.75,0,Clear,1025
B003933,2025-04-13,V012,doubles,T0133,T0131,2,2,T0133,T0131,home,15,170.37,0,Thunderstorm,1024
B003934,2025-02-05,V046,doubles,T0034,T0070,2,2,T0034,T0070,home,12,360.33,0,Sandstorm,477
B003935,2026-02-02,V046,doubles,T0033,T0166,2,2,T0166,T0033,away,11,378.41,0,Sandstorm,495
B003936,2026-02-26,V038,singles,T0006,T0096,1,1,T0006,T0096,home,10,164.44,0,Clear,739
B003937,2024-02-25,V043,doubles,T0153,T0062,2,2,T0062,T0153,away,9,413.18,0,Odd Aura,720
B003938,2024-07-15,V026,doubles,T0150,T0091,2,1,T0150,T0091,home,18,620.42,0,Fog,755
B003939,2025-08-08,V023,singles,T0009,T0080,1,1,T0009,T0080,home,10,4.63,0,Windy,1208
B003940,2026-01-01,V002,triples,T0119,T0009,3,3,T0119,T0009,home,6,12.03,0,Breezy,1197
B003941,2024-04-04,V011,triples,T0069,T0003,3,3,T0069,T0003,home,15,36.56,0,Thunderstorm,129
B003942,2024-12-01,V019,doubles,T0020,T0140,2,2,T0140,T0020,away,14,170.05,0,Harsh Sun,1087
B003943,2025-09-29,V027,singles,T0131,T0125,1,1,T0131,T0125,home,11,63.95,0,Fog,705
B003944,2025-11-21,V024,triples,T0136,T0144,3,3,T0136,T0144,home,21,207.6,1,Windy,810
B003945,2026-01-21,V015,doubles,T0162,T0151,2,2,T0151,T0162,away,16,238.9,0,Glittering,241
B003946,2025-06-28,V013,doubles,T0133,T0156,2,2,T0133,T0156,home,13,343.24,0,Glittering,1767
B003947,2024-12-28,V013,doubles,T0110,T0063,2,2,T0063,T0110,away,19,442.77,1,Glittering,1735
B003948,2024-06-08,V020,doubles,T0035,T0012,2,2,T0035,T0012,home,13,169.64,0,Harsh Sun,1529
B003949,2024-10-16,V022,singles,T0164,T0028,1,2,T0028,T0164,away,7,411.5,0,Windy,871
B003950,2024-03-09,V002,doubles,T0083,T0126,2,2,T0126,T0083,away,6,321.53,0,Breezy,1085
B003951,2025-02-10,V026,singles,T0158,T0104,1,1,T0104,T0158,away,7,225.26,0,Fog,416
B003952,2024-07-25,V047,doubles,T0032,T0129,2,2,T0129,T0032,away,13,216.37,0,Sandstorm,325
B003953,2025-07-25,V011,singles,T0178,T0004,1,1,T0004,T0178,away,12,21.13,0,Thunderstorm,130
B003954,2024-10-21,V040,doubles,T0053,T0168,2,2,T0053,T0168,home,12,44.7,0,Smog,255
B003955,2026-03-16,V040,triples,T0172,T0137,3,3,T0172,T0137,home,9,36.98,0,Smog,264
B003956,2025-06-19,V035,doubles,T0067,T0079,2,2,T0079,T0067,away,12,299.19,0,Hail,393
B003957,2024-02-29,V043,singles,T0017,T0133,1,1,T0017,T0133,home,8,106.21,0,Odd Aura,970
B003958,2026-02-14,V010,singles,T0099,T0157,1,1,T0099,T0157,home,12,259.13,0,Thunderstorm,384
B003959,2024-07-13,V044,doubles,T0048,T0093,2,2,T0093,T0048,away,11,1.82,0,Odd Aura,1567
B003960,2024-10-19,V047,doubles,T0040,T0176,2,2,T0176,T0040,away,15,21.59,0,Sandstorm,337
B003961,2025-06-06,V027,doubles,T0036,T0156,2,2,T0036,T0156,home,11,333.52,0,Fog,751
B003962,2026-02-18,V034,doubles,T0122,T0105,2,1,T0122,T0105,home,11,484.45,0,Hail,1258
B003963,2024-02-23,V033,doubles,T0095,T0145,2,2,T0095,T0145,home,14,317.79,0,Dusty,1548
B003964,2026-01-07,V005,doubles,T0119,T0070,2,2,T0119,T0070,home,21,319.27,1,Moonless,1040
B003965,2024-12-10,V038,singles,T0107,T0047,1,1,T0107,T0047,home,13,15.65,0,Clear,972
B003966,2024-12-03,V023,doubles,T0070,T0056,2,2,T0056,T0070,away,10,27.91,0,Windy,1369
B003967,2024-03-16,V016,doubles,T0117,T0068,2,2,T0068,T0117,away,8,106.26,0,Clear,162
B003968,2024-06-16,V016,triples,T0036,T0057,3,3,T0057,T0036,away,17,93.01,0,Clear,226
B003969,2025-07-21,V012,doubles,T0162,T0019,2,2,T0162,T0019,home,7,384.6,0,Thunderstorm,879
B003970,2024-04-09,V001,doubles,T0013,T0109,2,1,T0013,T0109,home,9,709.65,0,Breezy,807
B003971,2025-11-22,V037,doubles,T0134,T0042,2,2,T0134,T0042,home,7,398.85,0,Clear,982
B003972,2024-09-09,V054,doubles,T0031,T0125,2,2,T0125,T0031,away,12,177.83,0,Rain,699
B003973,2025-05-04,V048,singles,T0015,T0102,1,1,T0015,T0102,home,6,107.56,0,Sandstorm,1931
B003974,2026-01-21,V028,singles,T0125,T0159,1,1,T0159,T0125,away,5,294.89,0,Sunny,905
B003975,2024-05-03,V002,doubles,T0064,T0105,2,2,T0105,T0064,away,9,67.43,0,Breezy,628
B003976,2025-02-14,V029,triples,T0012,T0112,3,3,T0112,T0012,away,19,146.05,1,Sunny,446
B003977,2025-03-07,V033,triples,T0027,T0011,3,3,T0027,T0011,home,13,176.77,0,Dusty,2172
B003978,2025-11-27,V038,singles,T0152,T0023,1,1,T0152,T0023,home,10,2.21,0,Clear,715
B003979,2025-04-03,V046,doubles,T0057,T0167,2,2,T0057,T0167,home,18,195.41,1,Sandstorm,440
B003980,2024-07-13,V038,singles,T0110,T0178,1,1,T0110,T0178,home,9,24.01,0,Clear,909
B003981,2024-06-24,V003,doubles,T0077,T0094,2,2,T0094,T0077,away,22,319.5,1,Breezy,426
B003982,2025-12-23,V029,singles,T0137,T0014,1,1,T0014,T0137,away,5,34.36,0,Sunny,430
B003983,2025-06-16,V054,doubles,T0151,T0024,2,1,T0151,T0024,home,14,425.72,0,Rain,659
B003984,2024-07-26,V015,singles,T0054,T0163,1,1,T0163,T0054,away,9,35.78,0,Glittering,132
B003985,2025-06-18,V017,singles,T0013,T0171,1,1,T0013,T0171,home,11,16.95,0,Clear,572
B003986,2025-12-04,V003,doubles,T0080,T0113,2,2,T0080,T0113,home,22,34.92,1,Breezy,641
B003987,2025-06-15,V004,singles,T0144,T0009,1,1,T0144,T0009,home,11,24.67,0,Moonless,355
B003988,2025-04-01,V002,singles,T0037,T0170,1,1,T0037,T0170,home,6,161.29,0,Breezy,1312
B003989,2024-02-01,V038,singles,T0159,T0161,1,1,T0159,T0161,home,12,152.58,0,Clear,875
B003990,2024-08-29,V029,doubles,T0037,T0155,2,2,T0037,T0155,home,16,167.23,1,Sunny,578
B003991,2025-11-30,V026,doubles,T0095,T0068,2,2,T0095,T0068,home,9,130.69,0,Fog,597
B003992,2024-07-17,V040,triples,T0103,T0044,3,3,T0103,T0044,home,24,155.17,1,Smog,219
B003993,2024-02-06,V005,doubles,T0168,T0054,2,2,T0054,T0168,away,11,68.45,0,Moonless,1042
B003994,2024-03-21,V015,doubles,T0137,T0026,2,2,T0026,T0137,away,15,218.03,0,Glittering,152
B003995,2025-10-18,V018,triples,T0104,T0128,3,3,T0128,T0104,away,15,99.57,0,Clear,1578
B003996,2024-07-15,V010,doubles,T0081,T0117,2,2,T0117,T0081,away,9,546.65,0,Thunderstorm,528
B003997,2024-02-05,V017,singles,T0113,T0109,1,1,T0113,T0109,home,10,89.08,0,Clear,553
B003998,2024-01-04,V043,doubles,T0156,T0002,2,2,T0156,T0002,home,13,158.5,0,Odd Aura,962
B003999,2026-02-22,V038,doubles,T0002,T0066,2,2,T0002,T0066,home,17,19.51,1,Clear,714
B004000,2024-10-26,V023,doubles,T0168,T0077,2,2,T0168,T0077,home,14,115.34,0,Windy,1352
B004001,2025-01-22,V003,triples,T0080,T0001,3,3,T0001,T0080,away,9,220.26,0,Breezy,556
B004002,2025-06-26,V007,doubles,T0127,T0033,2,2,T0127,T0033,home,12,65.61,0,High Winds,1598
B004003,2025-10-14,V020,doubles,T0120,T0141,2,3,T0141,T0120,away,14,1113.02,0,Harsh Sun,1751
B004004,2024-02-19,V044,doubles,T0005,T0143,2,2,T0005,T0143,home,14,249.94,0,Odd Aura,1571
B004005,2025-04-17,V008,triples,T0082,T0081,3,3,T0082,T0081,home,20,179.67,0,High Winds,338
B004006,2025-03-27,V054,singles,T0107,T0158,1,1,T0158,T0107,away,15,210.09,0,Rain,546
B004007,2024-02-06,V021,doubles,T0116,T0014,2,2,T0116,T0014,home,15,401.38,1,Harsh Sun,247
B004008,2026-03-17,V039,doubles,T0041,T0017,2,2,T0041,T0017,home,9,606.03,0,Clear,834
B004009,2024-02-23,V037,singles,T0040,T0149,1,1,T0040,T0149,home,7,50.61,0,Clear,1125
B004010,2025-08-24,V043,triples,T0130,T0168,3,3,T0130,T0168,home,10,728.52,0,Odd Aura,822
B004011,2024-06-19,V048,doubles,T0147,T0039,2,2,T0039,T0147,away,5,31.79,0,Sandstorm,2177
B004012,2024-11-09,V052,doubles,T0079,T0025,2,2,T0025,T0079,away,11,169.76,0,Rain,660
B004013,2025-07-03,V013,doubles,T0034,T0087,2,2,T0034,T0087,home,14,382.16,0,Glittering,1614
B004014,2025-09-05,V033,singles,T0034,T0147,1,1,T0034,T0147,home,13,331.76,0,Dusty,1375
B004015,2025-06-16,V006,triples,T0004,T0033,3,3,T0033,T0004,away,13,369.47,0,Moonless,420
B004016,2024-08-19,V042,doubles,T0132,T0085,2,2,T0085,T0132,away,14,103.19,0,Smog,723
B004017,2024-11-20,V014,doubles,T0072,T0082,2,3,T0082,T0072,away,17,501.57,0,Glittering,1647
B004018,2024-08-14,V006,triples,T0004,T0166,3,3,T0166,T0004,away,15,46.02,0,Moonless,461
B004019,2025-12-19,V038,doubles,T0109,T0158,2,2,T0109,T0158,home,14,247.86,0,Clear,1102
B004020,2024-04-25,V030,doubles,T0016,T0061,2,2,T0061,T0016,away,9,40.38,0,Sunny,892
B004021,2025-05-29,V044,triples,T0048,T0146,3,3,T0048,T0146,home,10,49.65,0,Odd Aura,1337
B004022,2025-08-01,V022,doubles,T0097,T0042,2,2,T0097,T0042,home,17,449.79,0,Windy,1083
B004023,2024-03-30,V044,singles,T0048,T0044,1,1,T0048,T0044,home,10,0.85,0,Odd Aura,1469
B004024,2025-12-26,V041,triples,T0043,T0060,3,3,T0060,T0043,away,16,44.13,0,Smog,551
B004025,2026-03-07,V007,singles,T0170,T0003,1,1,T0170,T0003,home,8,95.75,0,High Winds,1274
B004026,2024-03-15,V025,singles,T0082,T0065,1,1,T0065,T0082,away,10,18.57,0,Fog,979
B004027,2024-05-15,V004,triples,T0036,T0148,3,3,T0148,T0036,away,17,19.54,0,Moonless,818
B004028,2024-03-28,V039,doubles,T0045,T0054,2,2,T0054,T0045,away,16,187.44,0,Clear,620
B004029,2024-05-10,V016,singles,T0096,T0088,1,1,T0088,T0096,away,8,161.81,0,Clear,182
B004030,2024-06-30,V010,triples,T0005,T0114,3,3,T0114,T0005,away,23,207.81,1,Thunderstorm,457
B004031,2024-04-28,V042,doubles,T0093,T0179,2,2,T0093,T0179,home,8,120.41,0,Smog,642
B004032,2024-08-16,V054,singles,T0036,T0146,1,1,T0036,T0146,home,8,153.25,0,Rain,721
B004033,2025-10-21,V021,singles,T0178,T0078,1,1,T0078,T0178,away,14,31.48,0,Harsh Sun,276
B004034,2024-08-27,V037,triples,T0064,T0021,3,3,T0021,T0064,away,24,261.26,1,Clear,1114
B004035,2025-04-12,V013,doubles,T0133,T0046,2,2,T0133,T0046,home,10,192.43,0,Glittering,2001
B004036,2024-02-29,V021,doubles,T0087,T0053,2,2,T0087,T0053,home,10,87.18,0,Harsh Sun,212
B004037,2025-06-29,V040,singles,T0060,T0030,1,1,T0030,T0060,away,13,209.5,0,Smog,274
B004038,2024-06-12,V018,doubles,T0160,T0024,2,2,T0024,T0160,away,19,204.6,1,Clear,1398
B004039,2025-03-31,V003,singles,T0078,T0159,1,1,T0078,T0159,home,5,57.51,0,Breezy,571
B004040,2024-06-14,V043,singles,T0041,T0017,1,1,T0017,T0041,away,9,117.4,0,Odd Aura,1205
B004041,2024-11-16,V032,triples,T0068,T0103,3,3,T0068,T0103,home,11,171.73,0,Dusty,1361
B004042,2025-07-07,V035,doubles,T0161,T0102,2,2,T0102,T0161,away,13,31.75,0,Hail,314
B004043,2025-12-03,V027,doubles,T0021,T0102,2,2,T0021,T0102,home,8,133.57,0,Fog,684
B004044,2024-08-09,V051,doubles,T0117,T0019,2,2,T0117,T0019,home,18,510.64,1,Overcast,368
B004045,2024-05-03,V024,doubles,T0140,T0095,2,2,T0095,T0140,away,17,283.97,1,Windy,953
B004046,2024-03-01,V009,singles,T0006,T0012,1,1,T0012,T0006,away,11,129.51,0,High Winds,1965
B004047,2025-05-01,V005,doubles,T0009,T0145,2,2,T0145,T0009,away,8,75.71,0,Moonless,1308
B004048,2025-11-19,V002,singles,T0043,T0119,1,1,T0119,T0043,away,10,129.55,0,Breezy,938
B004049,2024-04-18,V024,triples,T0088,T0001,3,3,T0088,T0001,home,12,94.52,0,Windy,1024
B004050,2025-12-28,V009,singles,T0091,T0160,1,1,T0160,T0091,away,4,41.02,0,High Winds,1930
B004051,2025-12-28,V022,doubles,T0050,T0025,2,2,T0025,T0050,away,14,127.09,0,Windy,840
B004052,2026-03-26,V040,doubles,T0075,T0026,2,2,T0026,T0075,away,18,213.06,0,Smog,221
B004053,2025-01-29,V038,triples,T0086,T0090,3,3,T0086,T0090,home,15,69.76,0,Clear,699
B004054,2024-05-03,V047,singles,T0076,T0166,1,1,T0166,T0076,away,9,84.56,0,Sandstorm,314
B004055,2024-08-06,V031,doubles,T0170,T0062,2,2,T0170,T0062,home,13,158.0,0,Dusty,527
B004056,2024-10-25,V031,triples,T0143,T0009,3,3,T0143,T0009,home,12,309.53,0,Dusty,341
B004057,2024-07-03,V041,doubles,T0163,T0065,2,2,T0065,T0163,away,7,350.09,0,Smog,672
B004058,2024-09-24,V030,doubles,T0054,T0030,2,2,T0030,T0054,away,12,32.42,0,Sunny,817
B004059,2025-04-02,V030,triples,T0037,T0031,3,3,T0037,T0031,home,12,87.73,0,Sunny,877
B004060,2024-08-12,V008,triples,T0114,T0084,3,3,T0084,T0114,away,15,390.72,0,High Winds,339
B004061,2025-02-01,V052,triples,T0063,T0141,3,3,T0141,T0063,away,13,46.08,0,Rain,959
B004062,2025-04-01,V046,doubles,T0083,T0136,2,2,T0083,T0136,home,10,282.55,0,Sandstorm,710
B004063,2024-05-09,V051,doubles,T0140,T0002,2,2,T0002,T0140,away,11,223.68,0,Overcast,541
B004064,2024-12-26,V038,doubles,T0138,T0025,2,2,T0025,T0138,away,11,214.31,0,Clear,611
B004065,2024-01-14,V017,doubles,T0053,T0107,2,2,T0053,T0107,home,10,62.24,0,Clear,543
B004066,2026-03-09,V006,triples,T0011,T0121,3,2,T0011,T0121,home,23,289.23,1,Moonless,512
B004067,2024-11-01,V049,triples,T0170,T0049,3,3,T0170,T0049,home,9,0.67,0,Overcast,719
B004068,2025-11-30,V040,singles,T0103,T0121,1,1,T0121,T0103,away,12,158.99,0,Smog,288
B004069,2026-03-16,V047,singles,T0102,T0003,1,1,T0102,T0003,home,11,195.23,0,Sandstorm,369
B004070,2024-12-05,V027,doubles,T0048,T0153,2,2,T0048,T0153,home,13,269.32,0,Fog,804
B004071,2025-02-17,V030,singles,T0007,T0124,1,1,T0124,T0007,away,11,137.14,0,Sunny,694
B004072,2025-07-24,V001,doubles,T0030,T0169,2,2,T0169,T0030,away,9,275.23,0,Breezy,772
B004073,2024-11-29,V050,doubles,T0112,T0051,2,2,T0112,T0051,home,12,96.89,0,Overcast,188
B004074,2024-04-25,V045,singles,T0009,T0070,1,1,T0070,T0009,away,7,159.85,0,Odd Aura,415
B004075,2025-09-08,V043,triples,T0155,T0061,3,3,T0155,T0061,home,10,168.31,0,Odd Aura,1147
B004076,2025-05-11,V031,doubles,T0060,T0002,2,2,T0060,T0002,home,18,118.17,0,Dusty,458
B004077,2026-02-01,V013,triples,T0021,T0003,3,3,T0021,T0003,home,10,328.45,0,Glittering,2039
B004078,2024-07-15,V024,singles,T0036,T0059,1,1,T0059,T0036,away,13,46.96,0,Windy,805
B004079,2025-01-30,V013,singles,T0152,T0161,1,1,T0161,T0152,away,14,59.75,0,Glittering,1450
B004080,2024-03-06,V008,doubles,T0158,T0138,2,2,T0158,T0138,home,12,271.36,0,High Winds,295
B004081,2025-09-03,V034,triples,T0178,T0078,3,3,T0178,T0078,home,14,1.14,0,Hail,1664
B004082,2025-12-11,V033,doubles,T0066,T0121,2,2,T0066,T0121,home,9,307.92,0,Dusty,1798
B004083,2026-02-18,V038,doubles,T0065,T0075,2,2,T0065,T0075,home,9,262.38,0,Clear,872
B004084,2025-02-20,V050,doubles,T0043,T0162,2,2,T0043,T0162,home,19,182.4,0,Overcast,198
B004085,2024-01-11,V009,triples,T0119,T0102,3,3,T0102,T0119,away,17,241.78,0,High Winds,1650
B004086,2025-05-06,V022,doubles,T0086,T0173,2,2,T0086,T0173,home,10,321.36,0,Windy,604
B004087,2025-12-26,V026,doubles,T0158,T0018,2,2,T0158,T0018,home,11,195.23,0,Fog,796
B004088,2025-10-09,V016,singles,T0127,T0075,1,1,T0127,T0075,home,9,297.61,0,Clear,177
B004089,2025-12-14,V004,doubles,T0061,T0166,2,2,T0061,T0166,home,13,133.45,0,Moonless,730
B004090,2025-09-13,V004,singles,T0054,T0158,1,1,T0054,T0158,home,9,50.14,0,Moonless,877
B004091,2025-11-27,V040,doubles,T0025,T0090,2,2,T0025,T0090,home,12,27.02,0,Smog,229
B004092,2025-12-24,V014,doubles,T0088,T0057,2,2,T0057,T0088,away,10,31.4,0,Glittering,1280
B004093,2024-07-07,V031,doubles,T0153,T0057,2,2,T0057,T0153,away,11,286.7,0,Dusty,466
B004094,2026-02-07,V024,doubles,T0067,T0155,2,2,T0155,T0067,away,12,206.53,0,Windy,709
B004095,2025-03-16,V030,doubles,T0167,T0030,2,2,T0030,T0167,away,12,46.66,0,Sunny,762
B004096,2026-01-14,V014,singles,T0168,T0173,1,1,T0173,T0168,away,12,67.83,0,Glittering,1540
B004097,2026-02-21,V002,triples,T0147,T0106,3,3,T0147,T0106,home,22,420.88,1,Breezy,1346
B004098,2024-05-17,V052,doubles,T0009,T0038,2,3,T0038,T0009,away,5,750.59,0,Rain,518
B004099,2024-06-30,V047,triples,T0114,T0120,3,3,T0120,T0114,away,10,6.78,0,Sandstorm,462
B004100,2025-03-24,V025,singles,T0050,T0099,1,1,T0099,T0050,away,6,45.46,0,Fog,1379
B004101,2025-01-12,V041,doubles,T0133,T0150,2,2,T0150,T0133,away,12,469.05,0,Smog,696
B004102,2026-01-19,V030,doubles,T0152,T0111,2,2,T0152,T0111,home,23,122.7,1,Sunny,565
B004103,2024-11-22,V038,singles,T0116,T0148,1,1,T0116,T0148,home,10,107.58,0,Clear,630
B004104,2024-09-05,V042,doubles,T0121,T0040,2,3,T0040,T0121,away,13,431.72,0,Smog,538
B004105,2025-05-20,V017,doubles,T0118,T0042,2,2,T0042,T0118,away,11,23.29,0,Clear,654
B004106,2025-12-27,V020,doubles,T0008,T0126,2,2,T0008,T0126,home,13,26.79,0,Harsh Sun,1703
B004107,2026-02-22,V028,triples,T0153,T0178,3,3,T0178,T0153,away,15,21.3,0,Sunny,1192
B004108,2025-02-13,V048,doubles,T0101,T0058,2,2,T0058,T0101,away,4,234.78,0,Sandstorm,2060
B004109,2025-01-26,V012,doubles,T0082,T0084,2,2,T0084,T0082,away,19,303.54,1,Thunderstorm,1096
B004110,2025-04-14,V045,singles,T0071,T0177,1,1,T0071,T0177,home,10,76.41,0,Odd Aura,678
B004111,2024-09-10,V017,doubles,T0043,T0166,2,3,T0166,T0043,away,12,365.67,0,Clear,659
B004112,2024-12-20,V047,doubles,T0076,T0061,2,2,T0076,T0061,home,17,42.85,0,Sandstorm,362
B004113,2024-05-02,V021,doubles,T0163,T0041,2,2,T0041,T0163,away,13,164.67,1,Harsh Sun,179
B004114,2024-01-19,V033,triples,T0119,T0133,3,3,T0119,T0133,home,23,153.73,1,Dusty,1938
B004115,2025-08-21,V048,doubles,T0119,T0133,2,2,T0133,T0119,away,4,99.97,0,Sandstorm,2055
B004116,2024-05-03,V026,singles,T0048,T0009,1,2,T0009,T0048,away,7,536.44,0,Fog,787
B004117,2024-09-09,V025,doubles,T0077,T0162,2,3,T0162,T0077,away,10,457.1,0,Fog,1302
B004118,2024-05-31,V003,triples,T0024,T0028,3,3,T0024,T0028,home,16,159.21,0,Breezy,608
B004119,2025-01-19,V049,singles,T0108,T0168,1,1,T0108,T0168,home,12,251.58,0,Overcast,884
B004120,2026-02-07,V027,singles,T0028,T0011,1,1,T0028,T0011,home,13,458.42,0,Fog,769
B004121,2025-04-29,V046,doubles,T0102,T0145,2,2,T0102,T0145,home,13,236.24,0,Sandstorm,577
B004122,2024-10-14,V038,singles,T0075,T0139,1,1,T0139,T0075,away,12,193.21,0,Clear,1259
B004123,2024-07-28,V007,singles,T0166,T0014,1,1,T0166,T0014,home,11,310.65,0,High Winds,1328
B004124,2025-12-25,V033,triples,T0152,T0057,3,3,T0057,T0152,away,23,292.03,1,Dusty,1566
B004125,2025-07-08,V007,triples,T0166,T0012,3,3,T0166,T0012,home,20,229.73,1,High Winds,1347
B004126,2024-12-17,V053,doubles,T0019,T0041,2,1,T0019,T0041,home,9,252.38,0,Rain,375
B004127,2025-10-04,V005,doubles,T0025,T0106,2,2,T0025,T0106,home,9,101.54,0,Moonless,1004
B004128,2024-01-16,V050,doubles,T0178,T0172,2,2,T0178,T0172,home,13,417.54,0,Overcast,174
B004129,2025-08-14,V031,doubles,T0131,T0114,2,2,T0131,T0114,home,9,216.63,0,Dusty,338
B004130,2025-04-29,V009,doubles,T0142,T0081,2,2,T0142,T0081,home,10,320.36,0,High Winds,2067
B004131,2025-01-07,V009,triples,T0138,T0134,3,3,T0138,T0134,home,24,153.38,0,High Winds,1910
B004132,2024-11-30,V001,triples,T0072,T0176,3,3,T0176,T0072,away,21,604.94,1,Breezy,649
B004133,2025-07-24,V040,triples,T0126,T0044,3,3,T0126,T0044,home,11,370.11,0,Smog,190
B004134,2024-09-20,V023,doubles,T0009,T0060,2,2,T0060,T0009,away,10,3.34,0,Windy,1214
B004135,2025-01-05,V013,singles,T0113,T0056,1,1,T0113,T0056,home,9,24.02,0,Glittering,1658
B004136,2024-01-27,V028,doubles,T0169,T0033,2,2,T0169,T0033,home,8,416.94,0,Sunny,733
B004137,2025-11-02,V020,doubles,T0016,T0095,2,2,T0016,T0095,home,22,32.86,1,Harsh Sun,1498
B004138,2024-01-03,V020,doubles,T0122,T0107,2,2,T0107,T0122,away,19,359.72,0,Harsh Sun,1750
B004139,2025-11-29,V040,singles,T0097,T0016,1,1,T0016,T0097,away,8,59.74,0,Smog,253
B004140,2026-02-15,V039,singles,T0040,T0154,1,1,T0154,T0040,away,9,125.16,0,Clear,681
B004141,2026-01-08,V003,singles,T0053,T0086,1,2,T0086,T0053,away,15,1062.73,0,Breezy,501
B004142,2025-11-07,V008,doubles,T0178,T0111,2,2,T0178,T0111,home,18,79.01,1,High Winds,297
B004143,2026-01-08,V054,singles,T0151,T0114,1,1,T0151,T0114,home,8,298.49,0,Rain,484
B004144,2025-02-14,V013,singles,T0101,T0039,1,1,T0101,T0039,home,13,194.74,0,Glittering,1907
B004145,2025-08-30,V015,doubles,T0105,T0009,2,2,T0009,T0105,away,13,199.54,0,Glittering,172
B004146,2025-04-07,V048,singles,T0030,T0082,1,1,T0082,T0030,away,4,142.13,0,Sandstorm,1978
B004147,2025-10-09,V004,triples,T0058,T0129,3,3,T0058,T0129,home,13,225.72,0,Moonless,812
B004148,2025-11-10,V043,triples,T0129,T0156,3,3,T0129,T0156,home,12,19.78,0,Odd Aura,1277
B004149,2024-11-23,V044,singles,T0131,T0122,1,1,T0122,T0131,away,8,118.46,0,Odd Aura,1691
B004150,2024-03-30,V052,singles,T0011,T0170,1,1,T0170,T0011,away,9,58.13,0,Rain,664
B004151,2025-12-30,V052,triples,T0159,T0074,3,3,T0159,T0074,home,20,657.78,1,Rain,891
B004152,2024-01-14,V035,singles,T0111,T0101,1,1,T0111,T0101,home,13,31.81,0,Hail,366
B004153,2025-11-20,V039,doubles,T0101,T0058,2,2,T0101,T0058,home,12,171.39,0,Clear,553
B004154,2024-06-25,V023,triples,T0146,T0106,3,3,T0106,T0146,away,12,176.45,0,Windy,1296
B004155,2024-07-01,V015,doubles,T0001,T0027,2,2,T0001,T0027,home,12,171.17,0,Glittering,133
B004156,2025-01-10,V037,triples,T0040,T0130,3,3,T0040,T0130,home,14,301.2,0,Clear,1151
B004157,2025-06-03,V027,doubles,T0122,T0072,2,2,T0122,T0072,home,4,439.92,0,Fog,718
B004158,2025-02-15,V016,triples,T0044,T0040,3,3,T0040,T0044,away,13,183.15,0,Clear,212
B004159,2024-11-09,V035,doubles,T0064,T0110,2,2,T0064,T0110,home,16,45.49,1,Hail,365
B004160,2026-03-29,V019,doubles,T0033,T0104,2,2,T0033,T0104,home,20,342.09,1,Harsh Sun,1201
B004161,2026-01-12,V019,singles,T0153,T0037,1,1,T0153,T0037,home,10,91.22,0,Harsh Sun,1257
B004162,2024-02-17,V053,singles,T0142,T0126,1,1,T0126,T0142,away,5,103.77,0,Rain,499
B004163,2024-06-03,V044,doubles,T0078,T0042,2,2,T0078,T0042,home,10,51.58,0,Odd Aura,1524
B004164,2025-11-13,V053,singles,T0093,T0067,1,1,T0093,T0067,home,12,53.32,0,Rain,480
B004165,2024-04-29,V040,doubles,T0111,T0153,2,2,T0111,T0153,home,14,123.19,0,Smog,245
B004166,2025-05-19,V048,doubles,T0018,T0122,2,2,T0018,T0122,home,7,250.31,0,Sandstorm,1823
B004167,2025-11-24,V038,triples,T0137,T0034,3,3,T0034,T0137,away,17,633.82,0,Clear,518
B004168,2024-10-03,V048,triples,T0119,T0124,3,3,T0119,T0124,home,13,269.69,0,Sandstorm,1694
B004169,2025-02-17,V010,doubles,T0177,T0011,2,2,T0177,T0011,home,14,232.75,0,Thunderstorm,442
B004170,2024-05-19,V032,singles,T0121,T0123,1,1,T0121,T0123,home,10,138.48,0,Dusty,1262
B004171,2024-08-20,V016,singles,T0077,T0155,1,1,T0155,T0077,away,8,404.67,0,Clear,151
B004172,2024-12-26,V008,doubles,T0007,T0169,2,2,T0007,T0169,home,12,223.7,0,High Winds,285
B004173,2025-01-14,V005,triples,T0132,T0158,3,3,T0132,T0158,home,15,135.6,0,Moonless,1019
B004174,2024-05-16,V049,doubles,T0028,T0030,2,2,T0030,T0028,away,23,366.44,1,Overcast,806
B004175,2024-06-30,V029,triples,T0090,T0118,3,2,T0090,T0118,home,20,312.89,1,Sunny,462
B004176,2024-03-20,V006,singles,T0027,T0155,1,1,T0155,T0027,away,8,423.11,0,Moonless,465
B004177,2025-04-04,V028,doubles,T0153,T0161,2,2,T0161,T0153,away,12,144.91,0,Sunny,933
B004178,2024-10-14,V022,singles,T0050,T0088,1,1,T0050,T0088,home,6,334.58,0,Windy,919
B004179,2024-09-13,V023,doubles,T0030,T0136,2,3,T0136,T0030,away,24,208.77,1,Windy,950
B004180,2025-10-12,V047,triples,T0023,T0136,3,3,T0136,T0023,away,24,44.67,1,Sandstorm,267
B004181,2024-01-15,V023,doubles,T0131,T0114,2,2,T0131,T0114,home,12,220.69,0,Windy,1027
B004182,2024-05-14,V010,triples,T0070,T0120,3,3,T0120,T0070,away,18,46.49,1,Thunderstorm,598
B004183,2025-09-28,V005,doubles,T0131,T0143,2,2,T0131,T0143,home,14,278.82,0,Moonless,1241
B004184,2024-10-15,V026,triples,T0138,T0152,3,3,T0152,T0138,away,18,515.34,1,Fog,958
B004185,2025-06-04,V037,singles,T0040,T0008,1,2,T0008,T0040,away,8,249.34,0,Clear,1316
B004186,2024-10-12,V028,doubles,T0153,T0084,2,2,T0153,T0084,home,22,111.03,1,Sunny,1180
B004187,2025-10-04,V023,singles,T0083,T0109,1,1,T0083,T0109,home,10,124.81,0,Windy,1255
B004188,2024-12-05,V004,doubles,T0036,T0146,2,2,T0146,T0036,away,10,11.37,0,Moonless,767
B004189,2024-11-18,V038,singles,T0049,T0144,1,1,T0049,T0144,home,10,136.21,0,Clear,1036
B004190,2025-10-23,V032,singles,T0027,T0132,1,1,T0027,T0132,home,5,6.69,0,Dusty,1199
B004191,2025-10-02,V023,doubles,T0139,T0170,2,2,T0139,T0170,home,10,91.89,0,Windy,1239
B004192,2025-10-15,V045,singles,T0020,T0100,1,1,T0020,T0100,home,14,166.66,0,Odd Aura,519
B004193,2024-09-10,V037,singles,T0160,T0107,1,1,T0107,T0160,away,6,189.8,0,Clear,1075
B004194,2025-01-05,V021,singles,T0087,T0172,1,1,T0172,T0087,away,12,175.1,0,Harsh Sun,211
B004195,2024-11-26,V011,triples,T0061,T0122,3,3,T0122,T0061,away,17,70.86,0,Thunderstorm,217
B004196,2025-07-23,V011,triples,T0095,T0151,3,3,T0095,T0151,home,14,618.01,0,Thunderstorm,135
B004197,2025-05-25,V026,singles,T0139,T0011,1,1,T0139,T0011,home,12,540.62,0,Fog,914
B004198,2024-07-10,V034,singles,T0050,T0090,1,1,T0050,T0090,home,10,177.24,0,Hail,1543
B004199,2024-05-16,V019,triples,T0045,T0016,3,3,T0016,T0045,away,21,49.48,1,Harsh Sun,886
B004200,2025-02-14,V039,triples,T0002,T0145,3,3,T0002,T0145,home,24,246.82,1,Clear,735
B004201,2024-01-26,V037,triples,T0075,T0114,3,3,T0114,T0075,away,15,470.38,0,Clear,1114
B004202,2026-01-25,V005,doubles,T0161,T0149,2,2,T0161,T0149,home,10,172.41,0,Moonless,1125
B004203,2025-09-08,V014,doubles,T0002,T0079,2,2,T0002,T0079,home,14,325.13,0,Glittering,1704
B004204,2025-08-03,V053,singles,T0151,T0070,1,1,T0070,T0151,away,9,232.36,0,Rain,455
B004205,2024-06-11,V048,singles,T0167,T0057,1,1,T0057,T0167,away,12,5.05,0,Sandstorm,1994
B004206,2024-03-06,V052,doubles,T0179,T0076,2,2,T0076,T0179,away,16,108.34,0,Rain,539
B004207,2026-01-13,V026,singles,T0112,T0058,1,1,T0112,T0058,home,8,42.96,0,Fog,596
B004208,2026-02-21,V030,singles,T0175,T0089,1,1,T0089,T0175,away,11,113.32,0,Sunny,761
B004209,2024-07-11,V052,triples,T0179,T0021,3,3,T0021,T0179,away,23,40.74,1,Rain,605
B004210,2025-11-04,V025,singles,T0082,T0078,1,1,T0082,T0078,home,16,103.51,0,Fog,1163
B004211,2024-10-14,V031,singles,T0144,T0072,1,1,T0072,T0144,away,6,10.94,0,Dusty,407
B004212,2026-01-20,V020,triples,T0016,T0055,3,3,T0016,T0055,home,17,124.35,0,Harsh Sun,1598
B004213,2025-09-29,V026,singles,T0071,T0178,1,1,T0071,T0178,home,7,17.66,0,Fog,511
B004214,2025-07-08,V041,doubles,T0043,T0032,2,2,T0032,T0043,away,24,139.72,1,Smog,634
B004215,2024-03-23,V030,singles,T0020,T0098,1,1,T0020,T0098,home,16,374.18,0,Sunny,810
B004216,2024-07-06,V030,doubles,T0079,T0016,2,2,T0016,T0079,away,6,14.31,0,Sunny,897
B004217,2024-03-14,V031,singles,T0155,T0129,1,1,T0129,T0155,away,15,93.84,0,Dusty,363
B004218,2024-08-03,V027,doubles,T0021,T0136,2,2,T0021,T0136,home,12,337.35,0,Fog,737
B004219,2026-01-29,V021,doubles,T0091,T0168,2,2,T0091,T0168,home,11,185.95,0,Harsh Sun,200
B004220,2025-12-20,V044,doubles,T0048,T0134,2,2,T0048,T0134,home,11,126.97,0,Odd Aura,1506
B004221,2024-01-04,V013,singles,T0016,T0110,1,1,T0016,T0110,home,11,53.28,0,Glittering,1771
B004222,2024-09-06,V042,triples,T0150,T0020,3,2,T0150,T0020,home,15,388.13,0,Smog,862
B004223,2025-05-02,V006,singles,T0019,T0059,1,1,T0019,T0059,home,7,15.01,0,Moonless,503
B004224,2025-03-31,V053,doubles,T0133,T0015,2,2,T0133,T0015,home,16,321.34,0,Rain,434
B004225,2025-09-24,V044,triples,T0131,T0074,3,3,T0131,T0074,home,19,727.67,1,Odd Aura,1261
B004226,2026-03-01,V018,doubles,T0054,T0056,2,2,T0054,T0056,home,12,460.11,0,Clear,1426
B004227,2024-06-06,V021,doubles,T0108,T0077,2,2,T0077,T0108,away,12,125.75,0,Harsh Sun,177
B004228,2024-09-03,V023,doubles,T0162,T0132,2,2,T0132,T0162,away,14,22.12,0,Windy,1408
B004229,2024-08-04,V019,triples,T0016,T0103,3,3,T0016,T0103,home,13,289.55,0,Harsh Sun,1128
B004230,2024-10-31,V050,singles,T0081,T0159,1,1,T0159,T0081,away,10,237.94,0,Overcast,200
B004231,2025-01-10,V026,singles,T0150,T0137,1,1,T0150,T0137,home,10,103.7,0,Fog,631
B004232,2024-02-16,V044,doubles,T0099,T0102,2,2,T0102,T0099,away,8,220.94,0,Odd Aura,1547
B004233,2025-06-24,V005,doubles,T0064,T0069,2,2,T0069,T0064,away,11,65.27,0,Moonless,1090
B004234,2026-03-10,V028,singles,T0153,T0171,1,1,T0171,T0153,away,4,141.48,0,Sunny,839
B004235,2024-01-04,V017,singles,T0116,T0125,1,2,T0125,T0116,away,12,215.85,0,Clear,706
B004236,2024-01-08,V027,singles,T0003,T0170,1,1,T0170,T0003,away,11,195.4,0,Fog,676
B004237,2026-01-28,V010,triples,T0118,T0132,3,3,T0132,T0118,away,23,198.73,0,Thunderstorm,600
B004238,2026-02-13,V021,triples,T0105,T0065,3,3,T0065,T0105,away,14,149.08,0,Harsh Sun,220
B004239,2025-10-29,V031,doubles,T0060,T0104,2,2,T0060,T0104,home,21,135.59,1,Dusty,385
B004240,2024-08-05,V043,doubles,T0045,T0163,2,2,T0045,T0163,home,12,223.11,0,Odd Aura,1231
B004241,2024-03-29,V018,singles,T0173,T0098,1,1,T0173,T0098,home,11,90.61,0,Clear,1420
B004242,2025-05-24,V048,doubles,T0031,T0159,2,2,T0159,T0031,away,6,109.54,0,Sandstorm,2447
B004243,2024-09-24,V022,singles,T0149,T0133,1,1,T0133,T0149,away,11,46.64,0,Windy,913
B004244,2024-05-20,V022,singles,T0089,T0080,1,1,T0089,T0080,home,10,279.28,0,Windy,1298
B004245,2024-12-31,V049,singles,T0029,T0164,1,1,T0029,T0164,home,8,47.95,0,Overcast,668
B004246,2024-03-29,V007,doubles,T0162,T0032,2,2,T0032,T0162,away,19,393.0,1,High Winds,1362
B004247,2026-03-14,V003,triples,T0097,T0145,3,3,T0145,T0097,away,24,244.94,1,Breezy,456
B004248,2025-03-09,V037,triples,T0140,T0008,3,3,T0008,T0140,away,15,234.96,0,Clear,964
B004249,2024-07-16,V053,doubles,T0144,T0176,2,2,T0176,T0144,away,11,398.05,0,Rain,524
B004250,2026-02-23,V019,doubles,T0178,T0036,2,2,T0178,T0036,home,20,85.36,1,Harsh Sun,743
B004251,2025-11-22,V036,triples,T0050,T0043,3,3,T0050,T0043,home,15,325.98,0,Hail,614
B004252,2024-03-20,V007,doubles,T0163,T0011,2,2,T0163,T0011,home,17,141.53,0,High Winds,1148
B004253,2024-05-14,V023,singles,T0161,T0159,1,1,T0161,T0159,home,13,282.12,0,Windy,1162
B004254,2025-06-02,V005,triples,T0013,T0156,3,3,T0013,T0156,home,13,662.82,0,Moonless,1037
B004255,2024-12-29,V027,singles,T0123,T0172,1,1,T0123,T0172,home,9,393.91,0,Fog,847
B004256,2024-05-21,V034,doubles,T0125,T0047,2,2,T0125,T0047,home,14,299.08,0,Hail,1636
B004257,2025-04-07,V024,singles,T0071,T0177,1,1,T0071,T0177,home,8,48.49,0,Windy,827
B004258,2025-02-10,V001,singles,T0079,T0156,1,1,T0079,T0156,home,8,74.74,0,Breezy,793
B004259,2024-06-21,V038,triples,T0145,T0179,3,3,T0145,T0179,home,13,406.99,0,Clear,823
B004260,2025-01-04,V012,doubles,T0029,T0164,2,2,T0164,T0029,away,12,52.27,0,Thunderstorm,1080
B004261,2024-08-24,V040,doubles,T0077,T0111,2,2,T0077,T0111,home,12,155.46,0,Smog,267
B004262,2025-11-23,V010,doubles,T0176,T0159,2,2,T0176,T0159,home,18,158.32,1,Thunderstorm,583
B004263,2024-06-23,V049,triples,T0170,T0169,3,3,T0170,T0169,home,16,43.65,0,Overcast,632
B004264,2024-08-01,V039,singles,T0140,T0051,1,1,T0051,T0140,away,14,55.61,0,Clear,675
B004265,2025-11-16,V050,triples,T0178,T0127,3,3,T0178,T0127,home,16,296.33,0,Overcast,216
B004266,2024-02-19,V027,singles,T0155,T0095,1,2,T0095,T0155,away,10,767.67,0,Fog,668
B004267,2024-08-21,V040,singles,T0025,T0073,1,1,T0025,T0073,home,6,42.1,0,Smog,289
B004268,2024-01-24,V005,singles,T0013,T0107,1,1,T0013,T0107,home,10,175.86,0,Moonless,1131
B004269,2025-11-09,V044,singles,T0048,T0101,1,1,T0048,T0101,home,22,146.73,0,Odd Aura,1484
B004270,2025-10-26,V030,doubles,T0155,T0030,2,2,T0030,T0155,away,18,139.37,0,Sunny,812
B004271,2025-03-01,V050,doubles,T0012,T0150,2,2,T0150,T0012,away,13,209.13,0,Overcast,228
B004272,2025-08-10,V017,triples,T0019,T0055,3,2,T0019,T0055,home,18,308.29,0,Clear,620
B004273,2025-12-20,V023,singles,T0048,T0058,1,1,T0058,T0048,away,10,209.77,0,Windy,1072
B004274,2024-04-13,V034,singles,T0166,T0064,1,1,T0166,T0064,home,10,13.85,0,Hail,887
B004275,2024-05-29,V045,doubles,T0009,T0062,2,2,T0009,T0062,home,20,144.65,1,Odd Aura,536
B004276,2025-08-04,V019,singles,T0175,T0052,1,1,T0052,T0175,away,4,44.02,0,Harsh Sun,1033
B004277,2025-09-05,V036,singles,T0026,T0051,1,1,T0051,T0026,away,7,106.2,0,Hail,724
B004278,2024-09-13,V024,singles,T0136,T0039,1,1,T0136,T0039,home,11,15.4,0,Windy,1186
B004279,2025-02-19,V047,doubles,T0140,T0115,2,2,T0115,T0140,away,12,168.66,0,Sandstorm,289
B004280,2025-07-20,V002,doubles,T0083,T0151,2,2,T0151,T0083,away,13,2.73,0,Breezy,1167
B004281,2025-05-27,V010,triples,T0180,T0123,3,3,T0123,T0180,away,10,175.34,0,Thunderstorm,549
B004282,2024-03-29,V010,singles,T0147,T0115,1,1,T0147,T0115,home,12,95.39,0,Thunderstorm,553
B004283,2026-01-14,V052,triples,T0078,T0145,3,3,T0078,T0145,home,13,85.94,0,Rain,616
B004284,2024-03-24,V032,triples,T0128,T0069,3,3,T0128,T0069,home,15,152.69,0,Dusty,1387
B004285,2024-11-24,V029,doubles,T0087,T0102,2,2,T0087,T0102,home,12,335.49,0,Sunny,467
B004286,2024-01-05,V042,doubles,T0146,T0076,2,2,T0076,T0146,away,17,347.4,0,Smog,610
B004287,2026-01-10,V028,doubles,T0043,T0090,2,2,T0043,T0090,home,21,218.9,1,Sunny,990
B004288,2026-02-25,V049,singles,T0011,T0101,1,1,T0101,T0011,away,10,206.23,0,Overcast,780
B004289,2025-11-18,V003,singles,T0011,T0120,1,1,T0011,T0120,home,12,48.02,0,Breezy,503
B004290,2025-02-02,V054,triples,T0135,T0021,3,3,T0135,T0021,home,15,93.76,0,Rain,670
B004291,2025-09-22,V014,singles,T0032,T0036,1,1,T0036,T0032,away,7,213.62,0,Glittering,1539
B004292,2026-02-05,V002,singles,T0055,T0160,1,1,T0160,T0055,away,11,126.71,0,Breezy,782
B004293,2025-05-07,V024,singles,T0136,T0155,1,1,T0155,T0136,away,10,206.89,0,Windy,1098
B004294,2026-03-31,V050,triples,T0055,T0034,3,3,T0034,T0055,away,19,525.02,0,Overcast,150
B004295,2025-04-01,V005,singles,T0052,T0029,1,1,T0052,T0029,home,13,6.19,0,Moonless,1015
B004296,2024-06-15,V006,triples,T0142,T0121,3,3,T0121,T0142,away,16,214.47,0,Moonless,422
B004297,2025-09-03,V031,doubles,T0079,T0137,2,2,T0079,T0137,home,10,461.12,0,Dusty,473
B004298,2024-06-25,V046,doubles,T0088,T0085,2,2,T0088,T0085,home,17,387.66,0,Sandstorm,411
B004299,2025-12-16,V001,triples,T0135,T0085,3,3,T0135,T0085,home,17,340.66,0,Breezy,768
B004300,2026-01-02,V011,singles,T0095,T0010,1,1,T0095,T0010,home,7,328.38,0,Thunderstorm,167
B004301,2025-11-13,V033,doubles,T0011,T0092,2,2,T0092,T0011,away,16,41.53,0,Dusty,1703
B004302,2026-02-12,V006,triples,T0029,T0164,3,3,T0029,T0164,home,16,11.57,0,Moonless,369
B004303,2024-12-06,V009,doubles,T0113,T0151,2,2,T0113,T0151,home,16,80.92,0,High Winds,1630
B004304,2025-01-16,V037,doubles,T0065,T0167,2,2,T0065,T0167,home,20,224.63,1,Clear,1208
B004305,2025-10-06,V035,singles,T0088,T0141,1,1,T0141,T0088,away,11,39.87,0,Hail,391
B004306,2025-09-21,V039,singles,T0047,T0126,1,1,T0126,T0047,away,7,540.59,0,Clear,783
B004307,2026-01-03,V002,singles,T0073,T0017,1,1,T0017,T0073,away,12,40.14,0,Breezy,949
B004308,2024-09-17,V027,singles,T0179,T0178,1,1,T0179,T0178,home,8,228.91,0,Fog,763
B004309,2024-09-29,V021,doubles,T0036,T0172,2,2,T0036,T0172,home,11,251.65,0,Harsh Sun,294
B004310,2025-12-06,V032,doubles,T0166,T0042,2,1,T0166,T0042,home,12,1192.89,0,Dusty,1023
B004311,2024-09-02,V037,doubles,T0052,T0053,2,2,T0052,T0053,home,19,95.35,0,Clear,1129
B004312,2025-01-08,V011,triples,T0149,T0145,3,3,T0149,T0145,home,13,220.17,0,Thunderstorm,120
B004313,2024-12-17,V040,triples,T0130,T0150,3,3,T0130,T0150,home,13,457.54,0,Smog,248
B004314,2025-05-25,V036,singles,T0098,T0159,1,1,T0159,T0098,away,13,323.46,0,Hail,737
B004315,2025-04-28,V012,singles,T0169,T0008,1,1,T0008,T0169,away,4,10.83,0,Thunderstorm,1111
B004316,2025-09-28,V047,doubles,T0142,T0126,2,2,T0142,T0126,home,11,231.18,0,Sandstorm,433
B004317,2025-03-05,V025,singles,T0023,T0019,1,1,T0019,T0023,away,11,9.19,0,Fog,980
B004318,2025-08-09,V043,singles,T0116,T0085,1,1,T0085,T0116,away,8,257.16,0,Odd Aura,1211
B004319,2025-10-10,V003,triples,T0173,T0161,3,3,T0161,T0173,away,23,75.5,1,Breezy,521
B004320,2025-07-14,V029,singles,T0173,T0008,1,1,T0173,T0008,home,13,54.88,0,Sunny,440
B004321,2024-02-17,V011,doubles,T0054,T0155,2,2,T0054,T0155,home,12,226.56,0,Thunderstorm,149
B004322,2025-04-05,V048,singles,T0088,T0034,1,1,T0034,T0088,away,12,66.74,0,Sandstorm,2106
B004323,2024-03-23,V025,doubles,T0063,T0053,2,2,T0063,T0053,home,12,116.0,0,Fog,1438
B004324,2024-03-09,V050,singles,T0078,T0114,1,1,T0078,T0114,home,4,10.29,0,Overcast,192
B004325,2024-01-21,V031,singles,T0117,T0152,1,1,T0152,T0117,away,14,11.99,0,Dusty,512
B004326,2024-11-16,V041,triples,T0064,T0163,3,3,T0064,T0163,home,12,120.1,0,Smog,613
B004327,2025-10-11,V012,doubles,T0163,T0126,2,2,T0163,T0126,home,11,143.37,0,Thunderstorm,782
B004328,2025-02-10,V046,singles,T0059,T0154,1,1,T0059,T0154,home,8,131.95,0,Sandstorm,761
B004329,2024-03-25,V041,singles,T0138,T0140,1,1,T0138,T0140,home,6,18.97,0,Smog,442
B004330,2025-03-10,V039,singles,T0126,T0082,1,1,T0082,T0126,away,14,60.7,0,Clear,670
B004331,2024-07-01,V023,singles,T0136,T0061,1,1,T0061,T0136,away,11,12.3,0,Windy,1292
B004332,2025-09-10,V054,triples,T0064,T0025,3,3,T0025,T0064,away,6,39.52,0,Rain,614
B004333,2024-11-05,V035,singles,T0005,T0121,1,1,T0005,T0121,home,4,75.56,0,Hail,375
B004334,2025-10-08,V004,doubles,T0173,T0157,2,2,T0157,T0173,away,7,28.9,0,Moonless,615
B004335,2024-03-02,V005,doubles,T0142,T0157,2,2,T0157,T0142,away,11,12.28,0,Moonless,1319
B004336,2024-04-25,V017,doubles,T0099,T0092,2,2,T0099,T0092,home,20,411.45,1,Clear,655
B004337,2024-10-12,V008,triples,T0035,T0128,3,3,T0128,T0035,away,21,187.54,0,High Winds,377
B004338,2024-03-01,V002,doubles,T0011,T0018,2,2,T0018,T0011,away,15,158.94,0,Breezy,1088
B004339,2025-12-01,V038,doubles,T0109,T0113,2,2,T0109,T0113,home,13,15.19,0,Clear,832
B004340,2024-06-18,V024,singles,T0144,T0117,1,1,T0117,T0144,away,11,124.98,0,Windy,1027
B004341,2024-08-10,V015,singles,T0059,T0027,1,2,T0027,T0059,away,13,463.5,0,Glittering,155
B004342,2025-12-10,V045,singles,T0105,T0030,1,1,T0030,T0105,away,6,189.84,0,Odd Aura,587
B004343,2024-09-29,V012,singles,T0081,T0157,1,1,T0157,T0081,away,9,31.14,0,Thunderstorm,814
B004344,2024-11-25,V013,singles,T0043,T0164,1,1,T0043,T0164,home,7,49.11,0,Glittering,1664
B004345,2024-11-12,V021,doubles,T0087,T0147,2,2,T0087,T0147,home,15,290.21,0,Harsh Sun,225
B004346,2025-01-05,V006,singles,T0056,T0063,1,1,T0063,T0056,away,15,269.99,0,Moonless,420
B004347,2025-07-25,V025,doubles,T0057,T0079,2,2,T0057,T0079,home,11,260.74,0,Fog,937
B004348,2025-08-13,V026,singles,T0020,T0129,1,1,T0129,T0020,away,12,20.82,0,Fog,574
B004349,2025-11-23,V047,singles,T0012,T0002,1,1,T0002,T0012,away,8,196.18,0,Sandstorm,384
B004350,2024-05-18,V046,triples,T0130,T0098,3,3,T0130,T0098,home,16,603.5,0,Sandstorm,568
B004351,2024-07-26,V039,singles,T0141,T0042,1,1,T0141,T0042,home,5,161.15,0,Clear,540
B004352,2025-04-01,V049,doubles,T0139,T0163,2,2,T0163,T0139,away,7,208.53,0,Overcast,682
B004353,2025-08-02,V051,singles,T0171,T0142,1,1,T0142,T0171,away,14,191.76,0,Overcast,618
B004354,2025-04-18,V019,triples,T0083,T0139,3,3,T0139,T0083,away,14,380.35,0,Harsh Sun,938
B004355,2026-02-13,V003,doubles,T0111,T0173,2,2,T0111,T0173,home,11,77.03,0,Breezy,615
B004356,2024-02-18,V052,doubles,T0037,T0076,2,2,T0037,T0076,home,9,294.02,0,Rain,752
B004357,2025-06-26,V025,singles,T0079,T0088,1,1,T0079,T0088,home,6,407.31,0,Fog,1276
B004358,2024-09-25,V016,singles,T0056,T0138,1,1,T0056,T0138,home,13,138.08,0,Clear,184
B004359,2025-02-11,V007,doubles,T0108,T0087,2,2,T0108,T0087,home,13,273.07,0,High Winds,1586
B004360,2025-05-03,V004,doubles,T0143,T0112,2,2,T0112,T0143,away,18,250.99,1,Moonless,710
B004361,2025-03-31,V035,singles,T0172,T0152,1,1,T0152,T0172,away,13,83.68,0,Hail,337
B004362,2025-02-03,V024,triples,T0038,T0161,3,3,T0038,T0161,home,16,110.31,0,Windy,1005
B004363,2024-10-31,V022,triples,T0164,T0165,3,3,T0164,T0165,home,14,11.4,0,Windy,862
B004364,2025-03-10,V013,singles,T0146,T0179,1,1,T0179,T0146,away,9,86.16,0,Glittering,2113
B004365,2025-02-06,V036,singles,T0026,T0067,1,1,T0067,T0026,away,12,6.79,0,Hail,776
B004366,2025-07-23,V008,triples,T0107,T0023,3,3,T0107,T0023,home,6,247.17,0,High Winds,290
B004367,2024-12-31,V003,doubles,T0094,T0051,2,2,T0094,T0051,home,17,305.47,0,Breezy,535
B004368,2025-06-13,V034,triples,T0082,T0051,3,2,T0082,T0051,home,21,437.58,1,Hail,1728
B004369,2025-07-10,V031,triples,T0060,T0026,3,3,T0060,T0026,home,10,261.52,0,Dusty,339
B004370,2025-05-01,V032,doubles,T0047,T0106,2,2,T0047,T0106,home,12,75.36,0,Dusty,1379
B004371,2025-02-11,V032,singles,T0088,T0091,1,1,T0091,T0088,away,6,228.68,0,Dusty,1028
B004372,2026-01-17,V043,doubles,T0007,T0151,2,2,T0007,T0151,home,14,117.17,0,Odd Aura,984
B004373,2025-03-03,V028,doubles,T0079,T0042,2,2,T0079,T0042,home,15,195.38,0,Sunny,865
B004374,2024-01-11,V039,doubles,T0109,T0149,2,2,T0149,T0109,away,14,296.36,0,Clear,681
B004375,2025-11-30,V002,singles,T0028,T0091,1,1,T0028,T0091,home,12,287.04,0,Breezy,1313
B004376,2024-04-11,V009,singles,T0006,T0037,1,1,T0037,T0006,away,14,6.99,0,High Winds,2137
B004377,2024-04-17,V040,doubles,T0126,T0003,2,2,T0126,T0003,home,14,442.15,0,Smog,229
B004378,2024-10-04,V007,doubles,T0166,T0121,2,2,T0121,T0166,away,18,26.83,0,High Winds,1332
B004379,2024-04-16,V027,singles,T0043,T0097,1,1,T0043,T0097,home,8,16.93,0,Fog,753
B004380,2024-08-11,V028,singles,T0138,T0079,1,1,T0138,T0079,home,11,50.68,0,Sunny,863
B004381,2024-05-28,V044,doubles,T0048,T0165,2,2,T0165,T0048,away,14,96.23,0,Odd Aura,1659
B004382,2025-09-11,V043,doubles,T0115,T0038,2,2,T0038,T0115,away,7,522.78,0,Odd Aura,1170
B004383,2024-08-09,V043,doubles,T0041,T0004,2,2,T0041,T0004,home,10,514.96,0,Odd Aura,990
B004384,2024-10-17,V008,triples,T0124,T0013,3,3,T0013,T0124,away,16,283.44,0,High Winds,267
B004385,2026-01-20,V038,singles,T0180,T0112,1,1,T0112,T0180,away,14,141.98,0,Clear,1035
B004386,2024-12-30,V031,singles,T0101,T0044,1,1,T0101,T0044,home,14,73.79,0,Dusty,455
B004387,2024-08-26,V002,singles,T0058,T0024,1,1,T0058,T0024,home,8,2.35,0,Breezy,962
B004388,2025-08-04,V034,triples,T0106,T0115,3,3,T0115,T0106,away,16,297.29,0,Hail,1636
B004389,2024-08-31,V011,singles,T0095,T0116,1,1,T0095,T0116,home,10,97.53,0,Thunderstorm,173
B004390,2025-01-12,V030,triples,T0038,T0146,3,3,T0038,T0146,home,17,356.88,0,Sunny,746
B004391,2024-11-29,V046,triples,T0028,T0066,3,3,T0066,T0028,away,14,258.69,0,Sandstorm,406
B004392,2024-07-11,V019,doubles,T0022,T0023,2,2,T0023,T0022,away,15,62.49,0,Harsh Sun,1233
B004393,2024-07-26,V051,triples,T0046,T0007,3,3,T0046,T0007,home,12,78.57,0,Overcast,510
B004394,2024-08-26,V045,singles,T0052,T0085,1,1,T0052,T0085,home,7,432.71,0,Odd Aura,512
B004395,2025-04-23,V007,doubles,T0023,T0039,2,2,T0039,T0023,away,6,250.53,0,High Winds,1549
B004396,2025-06-19,V037,doubles,T0064,T0124,2,2,T0124,T0064,away,10,182.6,0,Clear,1333
B004397,2025-12-20,V032,singles,T0091,T0119,1,2,T0119,T0091,away,14,416.31,0,Dusty,1255
B004398,2025-03-27,V043,singles,T0159,T0092,1,1,T0092,T0159,away,11,200.69,0,Odd Aura,1144
B004399,2024-03-14,V033,singles,T0085,T0031,1,1,T0031,T0085,away,6,152.11,0,Dusty,1887
B004400,2024-09-21,V025,singles,T0082,T0003,1,1,T0082,T0003,home,8,284.51,0,Fog,1177
B004401,2024-02-21,V019,doubles,T0020,T0029,2,2,T0020,T0029,home,14,355.17,0,Harsh Sun,1023
B004402,2024-09-16,V044,triples,T0009,T0155,3,3,T0155,T0009,away,24,134.57,1,Odd Aura,1675
B004403,2025-04-03,V026,doubles,T0120,T0034,2,2,T0034,T0120,away,14,289.28,0,Fog,393
B004404,2025-11-18,V040,singles,T0126,T0049,1,1,T0126,T0049,home,16,344.89,0,Smog,254
B004405,2025-02-09,V040,doubles,T0084,T0106,2,2,T0084,T0106,home,12,278.57,0,Smog,273
B004406,2025-08-23,V036,doubles,T0095,T0091,2,2,T0095,T0091,home,9,140.71,0,Hail,752
B004407,2025-11-14,V045,doubles,T0052,T0059,2,2,T0059,T0052,away,18,21.24,1,Odd Aura,479
B004408,2025-08-15,V032,doubles,T0029,T0049,2,2,T0049,T0029,away,14,600.25,0,Dusty,1126
B004409,2024-10-31,V054,doubles,T0159,T0153,2,2,T0159,T0153,home,13,505.38,0,Rain,702
B004410,2025-06-15,V033,doubles,T0024,T0066,2,2,T0024,T0066,home,21,29.42,1,Dusty,1458
B004411,2025-10-28,V016,singles,T0075,T0168,1,1,T0168,T0075,away,10,324.59,0,Clear,190
B004412,2026-03-25,V042,singles,T0145,T0060,1,1,T0060,T0145,away,4,145.71,0,Smog,469
B004413,2025-06-15,V053,singles,T0033,T0123,1,1,T0123,T0033,away,12,357.0,0,Rain,502
B004414,2024-10-18,V032,triples,T0001,T0052,3,3,T0001,T0052,home,13,883.18,0,Dusty,1341
B004415,2025-05-07,V007,singles,T0044,T0083,1,1,T0083,T0044,away,13,128.89,0,High Winds,1506
B004416,2026-02-21,V026,triples,T0129,T0110,3,3,T0129,T0110,home,13,48.71,0,Fog,806
B004417,2026-03-03,V030,singles,T0017,T0036,1,1,T0036,T0017,away,16,11.65,0,Sunny,663
B004418,2024-06-01,V024,singles,T0139,T0169,1,1,T0139,T0169,home,8,93.88,0,Windy,811
B004419,2025-08-03,V023,singles,T0118,T0048,1,1,T0048,T0118,away,11,13.13,0,Windy,1439
B004420,2024-10-31,V005,singles,T0173,T0125,1,1,T0125,T0173,away,10,98.53,0,Moonless,1105
B004421,2025-10-09,V029,singles,T0078,T0004,1,1,T0078,T0004,home,9,249.77,0,Sunny,376
B004422,2024-09-02,V037,doubles,T0158,T0115,2,2,T0158,T0115,home,12,52.67,0,Clear,1285
B004423,2025-08-02,V029,doubles,T0170,T0116,2,2,T0116,T0170,away,13,109.55,0,Sunny,364
B004424,2024-07-10,V017,triples,T0113,T0072,3,3,T0113,T0072,home,18,738.19,0,Clear,565
B004425,2024-09-20,V039,singles,T0017,T0057,1,1,T0057,T0017,away,12,152.96,0,Clear,861
B004426,2025-02-14,V024,triples,T0140,T0156,3,3,T0140,T0156,home,16,553.95,0,Windy,871
B004427,2025-05-16,V011,triples,T0117,T0020,3,3,T0117,T0020,home,10,126.85,0,Thunderstorm,105
B004428,2025-02-02,V019,doubles,T0068,T0156,2,2,T0068,T0156,home,5,267.68,0,Harsh Sun,758
B004429,2025-12-18,V004,singles,T0066,T0048,1,1,T0066,T0048,home,8,134.37,0,Moonless,585
B004430,2026-03-20,V006,doubles,T0003,T0061,2,2,T0061,T0003,away,12,335.51,0,Moonless,515
B004431,2025-08-25,V027,doubles,T0083,T0160,2,2,T0083,T0160,home,11,86.27,0,Fog,729
B004432,2024-05-22,V038,triples,T0097,T0145,3,3,T0145,T0097,away,18,0.39,0,Clear,630
B004433,2026-01-17,V021,triples,T0122,T0074,3,3,T0122,T0074,home,13,201.85,0,Harsh Sun,205
B004434,2025-12-22,V040,triples,T0126,T0141,3,3,T0141,T0126,away,19,229.52,0,Smog,252
B004435,2024-03-15,V024,singles,T0136,T0152,1,1,T0152,T0136,away,12,12.72,0,Windy,934
B004436,2024-05-02,V009,singles,T0108,T0172,1,1,T0108,T0172,home,9,132.14,0,High Winds,2284
B004437,2024-09-17,V002,doubles,T0132,T0095,2,2,T0095,T0132,away,10,40.01,0,Breezy,958
B004438,2024-10-06,V010,doubles,T0166,T0104,2,2,T0166,T0104,home,24,346.24,1,Thunderstorm,668
B004439,2025-10-29,V027,doubles,T0173,T0099,2,2,T0099,T0173,away,22,103.59,1,Fog,672
B004440,2024-10-21,V029,doubles,T0151,T0161,2,2,T0161,T0151,away,15,177.99,0,Sunny,499
B004441,2025-05-14,V017,doubles,T0060,T0097,2,2,T0060,T0097,home,20,212.09,1,Clear,572
B004442,2024-07-01,V004,triples,T0058,T0027,3,3,T0058,T0027,home,14,234.65,0,Moonless,542
B004443,2024-08-22,V028,doubles,T0061,T0104,2,2,T0061,T0104,home,13,390.37,0,Sunny,979
B004444,2024-06-10,V022,doubles,T0106,T0003,2,2,T0106,T0003,home,14,364.27,0,Windy,1212
B004445,2025-08-18,V022,singles,T0117,T0103,1,1,T0117,T0103,home,11,206.99,0,Windy,973
B004446,2024-11-08,V035,doubles,T0030,T0165,2,2,T0165,T0030,away,20,319.1,0,Hail,389
B004447,2024-02-15,V030,doubles,T0081,T0124,2,2,T0081,T0124,home,16,24.91,0,Sunny,598
B004448,2024-12-06,V034,singles,T0050,T0137,1,1,T0050,T0137,home,13,164.44,0,Hail,1607
B004449,2025-10-13,V051,singles,T0166,T0020,1,1,T0020,T0166,away,9,290.53,0,Overcast,592
B004450,2024-12-08,V038,singles,T0046,T0008,1,1,T0008,T0046,away,15,194.1,0,Clear,1171
B004451,2024-11-08,V013,singles,T0063,T0176,1,1,T0063,T0176,home,12,160.25,0,Glittering,1634
B004452,2024-03-12,V011,doubles,T0095,T0071,2,2,T0095,T0071,home,10,309.35,0,Thunderstorm,191
B004453,2026-03-09,V026,singles,T0155,T0015,1,1,T0015,T0155,away,9,28.87,0,Fog,833
B004454,2025-11-06,V023,triples,T0115,T0019,3,3,T0019,T0115,away,19,104.64,1,Windy,1406
B004455,2024-03-16,V032,singles,T0116,T0089,1,1,T0116,T0089,home,9,77.34,0,Dusty,1115
B004456,2024-01-27,V042,singles,T0159,T0065,1,1,T0159,T0065,home,11,129.23,0,Smog,783
B004457,2025-05-26,V053,doubles,T0026,T0078,2,2,T0026,T0078,home,6,143.51,0,Rain,451
B004458,2025-06-18,V024,triples,T0024,T0152,3,3,T0152,T0024,away,16,29.63,0,Windy,1351
B004459,2024-09-30,V009,doubles,T0089,T0114,2,2,T0089,T0114,home,17,531.46,1,High Winds,1736
B004460,2025-08-06,V021,doubles,T0091,T0015,2,2,T0015,T0091,away,11,25.3,0,Harsh Sun,199
B004461,2024-09-30,V018,singles,T0080,T0141,1,1,T0080,T0141,home,9,77.21,0,Clear,1048
B004462,2024-07-18,V001,doubles,T0042,T0164,2,2,T0042,T0164,home,17,321.61,0,Breezy,746
B004463,2025-06-23,V048,triples,T0165,T0030,3,3,T0030,T0165,away,12,201.94,0,Sandstorm,2159
B004464,2026-01-04,V050,triples,T0025,T0177,3,3,T0025,T0177,home,14,118.29,0,Overcast,111
B004465,2024-11-19,V027,triples,T0151,T0117,3,3,T0151,T0117,home,12,91.31,0,Fog,726
B004466,2026-02-25,V014,doubles,T0006,T0087,2,2,T0006,T0087,home,17,1.48,0,Glittering,1641
B004467,2024-12-16,V003,doubles,T0142,T0064,2,2,T0142,T0064,home,9,113.12,0,Breezy,466
B004468,2025-07-08,V036,singles,T0096,T0048,1,1,T0096,T0048,home,11,177.04,0,Hail,555
B004469,2025-03-19,V008,singles,T0023,T0118,1,1,T0023,T0118,home,7,30.98,0,High Winds,325
B004470,2025-08-15,V018,doubles,T0036,T0125,2,1,T0036,T0125,home,11,607.91,0,Clear,1269
B004471,2024-05-19,V006,doubles,T0004,T0068,2,2,T0004,T0068,home,15,26.8,0,Moonless,521
B004472,2025-09-28,V045,triples,T0111,T0002,3,3,T0002,T0111,away,20,435.24,1,Odd Aura,464
B004473,2024-11-12,V020,doubles,T0122,T0147,2,2,T0122,T0147,home,14,13.72,0,Harsh Sun,1613
B004474,2025-06-11,V024,doubles,T0136,T0014,2,2,T0136,T0014,home,15,504.07,0,Windy,1049
B004475,2025-03-04,V019,singles,T0138,T0057,1,1,T0057,T0138,away,10,53.79,0,Harsh Sun,1328
B004476,2024-03-21,V051,triples,T0122,T0077,3,3,T0122,T0077,home,19,217.08,0,Overcast,378
B004477,2024-01-31,V048,doubles,T0046,T0094,2,2,T0046,T0094,home,17,137.09,0,Sandstorm,1979
B004478,2025-12-06,V038,doubles,T0119,T0101,2,2,T0119,T0101,home,19,213.38,0,Clear,1161
B004479,2024-12-22,V039,singles,T0145,T0149,1,1,T0145,T0149,home,9,180.51,0,Clear,766
B004480,2024-02-18,V009,doubles,T0168,T0072,2,2,T0168,T0072,home,10,155.33,0,High Winds,2141
B004481,2025-09-19,V041,singles,T0097,T0058,1,1,T0058,T0097,away,8,105.78,0,Smog,665
B004482,2024-12-03,V006,doubles,T0154,T0079,2,3,T0079,T0154,away,11,425.46,0,Moonless,563
B004483,2025-08-29,V016,singles,T0048,T0019,1,1,T0048,T0019,home,10,225.98,0,Clear,190
B004484,2025-08-14,V011,triples,T0067,T0131,3,3,T0067,T0131,home,14,190.19,0,Thunderstorm,132
B004485,2024-03-07,V024,doubles,T0129,T0013,2,2,T0013,T0129,away,9,251.24,0,Windy,1010
B004486,2026-01-14,V031,triples,T0008,T0153,3,3,T0008,T0153,home,11,204.16,0,Dusty,366
B004487,2024-08-05,V043,singles,T0063,T0066,1,1,T0066,T0063,away,9,37.18,0,Odd Aura,934
B004488,2025-07-04,V011,doubles,T0059,T0139,2,2,T0059,T0139,home,21,231.64,1,Thunderstorm,164
B004489,2025-06-28,V041,doubles,T0005,T0030,2,2,T0030,T0005,away,15,458.66,0,Smog,611
B004490,2024-03-24,V037,doubles,T0065,T0138,2,2,T0065,T0138,home,12,232.43,0,Clear,970
B004491,2025-06-10,V018,doubles,T0179,T0172,2,2,T0179,T0172,home,18,21.93,0,Clear,1573
B004492,2024-09-10,V013,triples,T0093,T0089,3,3,T0093,T0089,home,12,244.45,0,Glittering,1556
B004493,2025-04-15,V052,doubles,T0167,T0106,2,2,T0106,T0167,away,14,206.6,0,Rain,898
B004494,2026-01-10,V009,singles,T0006,T0094,1,1,T0094,T0006,away,4,25.65,0,High Winds,2144
B004495,2024-02-29,V039,triples,T0068,T0105,3,3,T0105,T0068,away,15,98.75,0,Clear,739
B004496,2026-02-06,V011,doubles,T0034,T0020,2,2,T0020,T0034,away,14,76.56,0,Thunderstorm,188
B004497,2025-04-08,V022,doubles,T0027,T0092,2,2,T0092,T0027,away,13,33.87,0,Windy,739
B004498,2025-09-09,V049,doubles,T0162,T0100,2,2,T0100,T0162,away,12,216.04,0,Overcast,705
B004499,2024-08-27,V042,triples,T0177,T0023,3,3,T0023,T0177,away,14,216.01,0,Smog,455
B004500,2025-03-26,V027,singles,T0120,T0070,1,1,T0070,T0120,away,5,22.03,0,Fog,788
B004501,2024-07-25,V053,singles,T0018,T0157,1,1,T0018,T0157,home,10,166.18,0,Rain,449
B004502,2024-11-22,V008,triples,T0108,T0099,3,3,T0108,T0099,home,12,30.37,0,High Winds,288
B004503,2024-07-29,V031,doubles,T0163,T0086,2,2,T0086,T0163,away,11,72.59,0,Dusty,458
B004504,2025-11-21,V013,doubles,T0165,T0111,2,2,T0111,T0165,away,14,134.69,0,Glittering,1739
B004505,2024-08-25,V024,triples,T0053,T0021,3,3,T0021,T0053,away,13,100.97,0,Windy,1067
B004506,2024-08-08,V028,singles,T0046,T0018,1,1,T0046,T0018,home,4,64.57,0,Sunny,814
B004507,2024-06-27,V049,doubles,T0073,T0075,2,2,T0073,T0075,home,10,369.92,0,Overcast,772
B004508,2025-09-03,V007,doubles,T0030,T0153,2,2,T0030,T0153,home,16,105.78,0,High Winds,1407
B004509,2025-02-04,V051,triples,T0073,T0077,3,3,T0073,T0077,home,14,432.09,0,Overcast,515
B004510,2025-07-22,V043,triples,T0034,T0157,3,3,T0034,T0157,home,8,402.96,0,Odd Aura,1025
B004511,2025-12-01,V014,doubles,T0055,T0110,2,2,T0110,T0055,away,13,46.63,0,Glittering,1300
B004512,2026-01-28,V007,singles,T0118,T0102,1,1,T0102,T0118,away,7,251.51,0,High Winds,1409
B004513,2024-08-25,V053,triples,T0166,T0016,3,3,T0166,T0016,home,17,352.24,0,Rain,489
B004514,2025-04-11,V005,singles,T0044,T0177,1,1,T0044,T0177,home,8,378.36,0,Moonless,1093
B004515,2026-03-31,V017,singles,T0046,T0138,1,1,T0046,T0138,home,14,5.81,0,Clear,919
B004516,2025-03-03,V018,doubles,T0133,T0174,2,3,T0174,T0133,away,12,333.49,0,Clear,1392
B004517,2024-03-27,V004,singles,T0145,T0115,1,1,T0115,T0145,away,6,31.07,0,Moonless,502
B004518,2024-07-02,V037,singles,T0040,T0095,1,1,T0040,T0095,home,6,102.02,0,Clear,955
B004519,2025-11-09,V029,singles,T0127,T0048,1,1,T0048,T0127,away,10,132.79,0,Sunny,412
B004520,2024-04-13,V033,singles,T0101,T0066,1,1,T0101,T0066,home,10,10.5,0,Dusty,1699
B004521,2025-06-05,V014,singles,T0147,T0111,1,1,T0147,T0111,home,15,212.81,0,Glittering,1530
B004522,2025-12-17,V022,singles,T0148,T0115,1,1,T0115,T0148,away,7,189.58,0,Windy,1045
B004523,2024-10-01,V021,triples,T0021,T0139,3,3,T0139,T0021,away,12,289.78,0,Harsh Sun,197
B004524,2025-12-09,V001,triples,T0065,T0114,3,3,T0065,T0114,home,19,145.56,1,Breezy,587
B004525,2024-03-07,V052,triples,T0107,T0067,3,3,T0107,T0067,home,10,315.39,0,Rain,600
B004526,2024-08-07,V036,doubles,T0062,T0007,2,2,T0007,T0062,away,11,252.06,0,Hail,733
B004527,2024-07-05,V007,singles,T0172,T0060,1,1,T0172,T0060,home,12,173.57,0,High Winds,1223
B004528,2025-08-23,V035,triples,T0160,T0178,3,3,T0178,T0160,away,15,100.06,0,Hail,306
B004529,2024-05-09,V039,doubles,T0090,T0092,2,2,T0092,T0090,away,13,67.65,0,Clear,632
B004530,2024-01-27,V015,doubles,T0005,T0114,2,2,T0114,T0005,away,17,66.02,1,Glittering,181
B004531,2024-12-26,V030,singles,T0007,T0098,1,1,T0007,T0098,home,12,311.56,0,Sunny,607
B004532,2024-07-31,V051,doubles,T0094,T0176,2,1,T0094,T0176,home,18,427.52,0,Overcast,627
B004533,2024-02-27,V014,singles,T0032,T0025,1,1,T0032,T0025,home,8,23.19,0,Glittering,1208
B004534,2024-12-02,V043,doubles,T0095,T0106,2,2,T0106,T0095,away,10,7.88,0,Odd Aura,932
B004535,2025-12-22,V005,singles,T0140,T0032,1,1,T0032,T0140,away,10,142.83,0,Moonless,1198
B004536,2024-08-22,V038,doubles,T0154,T0029,2,2,T0154,T0029,home,16,336.49,1,Clear,665
B004537,2024-11-20,V047,doubles,T0069,T0156,2,2,T0069,T0156,home,11,301.49,0,Sandstorm,283
B004538,2025-08-09,V027,singles,T0148,T0115,1,1,T0148,T0115,home,10,203.66,0,Fog,678
B004539,2025-05-16,V048,singles,T0058,T0123,1,1,T0058,T0123,home,4,260.0,0,Sandstorm,2490
B004540,2024-04-06,V053,doubles,T0011,T0043,2,2,T0011,T0043,home,17,51.55,0,Rain,447
B004541,2024-05-19,V049,doubles,T0026,T0036,2,2,T0036,T0026,away,14,486.34,0,Overcast,634
B004542,2024-12-06,V044,singles,T0078,T0127,1,1,T0127,T0078,away,13,49.04,0,Odd Aura,1476
B004543,2025-06-15,V054,triples,T0074,T0135,3,3,T0135,T0074,away,12,12.25,0,Rain,552
B004544,2024-06-16,V044,singles,T0118,T0160,1,1,T0118,T0160,home,10,155.18,0,Odd Aura,1611
B004545,2026-01-03,V039,singles,T0104,T0012,1,2,T0012,T0104,away,12,578.56,0,Clear,604
B004546,2025-08-07,V038,doubles,T0027,T0088,2,2,T0088,T0027,away,17,170.75,1,Clear,1137
B004547,2024-11-29,V043,singles,T0123,T0038,1,1,T0123,T0038,home,10,364.76,0,Odd Aura,628
B004548,2025-07-06,V051,doubles,T0036,T0005,2,2,T0036,T0005,home,7,84.04,0,Overcast,523
B004549,2025-05-06,V027,singles,T0041,T0119,1,1,T0119,T0041,away,9,126.26,0,Fog,831
B004550,2026-03-21,V034,triples,T0063,T0016,3,3,T0063,T0016,home,24,98.4,1,Hail,1495
B004551,2025-07-04,V025,triples,T0053,T0112,3,3,T0053,T0112,home,13,0.41,0,Fog,1175
B004552,2025-03-04,V015,singles,T0116,T0070,1,1,T0116,T0070,home,10,234.75,0,Glittering,120
B004553,2024-01-05,V026,singles,T0168,T0159,1,1,T0168,T0159,home,13,29.59,0,Fog,877
B004554,2025-07-30,V052,doubles,T0073,T0112,2,2,T0073,T0112,home,14,159.72,0,Rain,773
B004555,2025-03-08,V044,singles,T0075,T0041,1,1,T0041,T0075,away,9,207.95,0,Odd Aura,1660
B004556,2025-06-06,V043,triples,T0041,T0100,3,3,T0041,T0100,home,22,279.77,1,Odd Aura,881
B004557,2024-10-31,V018,singles,T0157,T0030,1,1,T0030,T0157,away,10,64.32,0,Clear,1603
B004558,2025-03-24,V013,doubles,T0037,T0026,2,2,T0037,T0026,home,12,184.77,0,Glittering,1765
B004559,2024-01-16,V052,singles,T0011,T0154,1,1,T0154,T0011,away,4,155.29,0,Rain,811
B004560,2024-09-13,V018,singles,T0071,T0022,1,1,T0071,T0022,home,9,277.91,0,Clear,1593
B004561,2024-09-16,V050,doubles,T0016,T0048,2,2,T0048,T0016,away,24,195.91,1,Overcast,146
B004562,2024-03-05,V002,triples,T0137,T0102,3,3,T0102,T0137,away,16,519.97,0,Breezy,1089
B004563,2026-03-29,V024,singles,T0042,T0121,1,1,T0042,T0121,home,8,46.25,0,Windy,1282
B004564,2025-11-15,V005,singles,T0029,T0046,1,1,T0046,T0029,away,9,37.56,0,Moonless,1030
B004565,2026-02-14,V038,singles,T0027,T0085,1,1,T0085,T0027,away,11,133.34,0,Clear,837
B004566,2026-02-22,V041,doubles,T0073,T0044,2,2,T0044,T0073,away,12,31.38,0,Smog,737
B004567,2025-10-10,V052,doubles,T0146,T0008,2,3,T0008,T0146,away,9,938.48,0,Rain,568
B004568,2024-01-31,V015,triples,T0032,T0174,3,3,T0032,T0174,home,24,13.22,1,Glittering,208
B004569,2024-02-02,V042,doubles,T0026,T0166,2,2,T0166,T0026,away,22,421.84,1,Smog,499
B004570,2024-07-03,V011,triples,T0029,T0119,3,3,T0119,T0029,away,19,602.98,1,Thunderstorm,157
B004571,2025-09-11,V031,doubles,T0057,T0019,2,2,T0057,T0019,home,14,195.21,0,Dusty,430
B004572,2025-07-20,V029,triples,T0058,T0042,3,3,T0058,T0042,home,9,231.72,0,Sunny,509
B004573,2024-06-10,V011,singles,T0040,T0175,1,1,T0040,T0175,home,8,272.05,0,Thunderstorm,182
B004574,2025-01-22,V031,triples,T0173,T0041,3,3,T0041,T0173,away,8,162.14,0,Dusty,342
B004575,2025-09-01,V020,triples,T0022,T0061,3,3,T0061,T0022,away,23,26.98,1,Harsh Sun,1999
B004576,2024-05-27,V004,singles,T0034,T0057,1,1,T0034,T0057,home,12,287.61,0,Moonless,614
B004577,2024-03-15,V039,doubles,T0081,T0036,2,2,T0036,T0081,away,14,79.97,0,Clear,498
B004578,2024-09-17,V020,singles,T0051,T0091,1,1,T0091,T0051,away,10,32.43,0,Harsh Sun,1793
B004579,2024-05-11,V007,triples,T0105,T0045,3,3,T0105,T0045,home,12,362.27,0,High Winds,1198
B004580,2024-01-06,V044,singles,T0063,T0020,1,1,T0063,T0020,home,11,112.03,0,Odd Aura,1375
B004581,2025-05-05,V041,singles,T0151,T0084,1,1,T0151,T0084,home,4,85.89,0,Smog,700
B004582,2024-05-24,V011,doubles,T0146,T0086,2,2,T0146,T0086,home,14,125.36,0,Thunderstorm,153
B004583,2024-07-05,V026,doubles,T0179,T0163,2,2,T0163,T0179,away,14,390.71,0,Fog,687
B004584,2025-04-10,V025,doubles,T0056,T0091,2,2,T0091,T0056,away,12,184.67,0,Fog,1119
B004585,2025-11-07,V021,singles,T0053,T0104,1,1,T0104,T0053,away,11,144.06,0,Harsh Sun,196
B004586,2024-03-23,V004,triples,T0099,T0012,3,3,T0099,T0012,home,10,208.8,0,Moonless,625
B004587,2024-04-16,V020,doubles,T0122,T0039,2,2,T0122,T0039,home,10,6.35,0,Harsh Sun,1993
B004588,2024-09-07,V011,singles,T0060,T0084,1,1,T0060,T0084,home,14,38.78,0,Thunderstorm,184
B004589,2024-04-24,V044,singles,T0128,T0119,1,1,T0128,T0119,home,4,90.0,0,Odd Aura,1146
B004590,2024-11-14,V054,singles,T0105,T0083,1,1,T0083,T0105,away,10,23.39,0,Rain,779
B004591,2025-05-04,V042,doubles,T0146,T0040,2,2,T0146,T0040,home,14,178.89,0,Smog,560
B004592,2024-11-20,V021,doubles,T0035,T0009,2,2,T0035,T0009,home,14,210.2,0,Harsh Sun,266
B004593,2024-12-30,V023,doubles,T0097,T0012,2,2,T0097,T0012,home,16,166.45,0,Windy,1305
B004594,2025-03-10,V047,doubles,T0114,T0092,2,2,T0092,T0114,away,8,627.22,0,Sandstorm,373
B004595,2025-01-25,V030,doubles,T0078,T0015,2,2,T0078,T0015,home,9,226.34,0,Sunny,654
B004596,2025-12-31,V037,doubles,T0021,T0030,2,3,T0030,T0021,away,11,645.74,0,Clear,1285
B004597,2025-03-03,V044,doubles,T0048,T0077,2,2,T0077,T0048,away,14,170.67,0,Odd Aura,1372
B004598,2025-07-20,V011,singles,T0145,T0132,1,1,T0132,T0145,away,10,74.06,0,Thunderstorm,142
B004599,2024-09-26,V043,singles,T0041,T0016,1,1,T0041,T0016,home,11,275.36,0,Odd Aura,1280
B004600,2025-05-25,V048,singles,T0151,T0152,1,1,T0151,T0152,home,7,30.71,0,Sandstorm,2020
B004601,2024-04-11,V023,singles,T0094,T0160,1,1,T0160,T0094,away,8,50.98,0,Windy,1087
B004602,2024-03-07,V039,singles,T0081,T0175,1,1,T0081,T0175,home,8,62.27,0,Clear,486
B004603,2024-05-29,V042,singles,T0141,T0021,1,1,T0141,T0021,home,10,254.68,0,Smog,883
B004604,2025-05-03,V045,singles,T0083,T0135,1,1,T0083,T0135,home,7,232.94,0,Odd Aura,526
B004605,2025-10-16,V047,doubles,T0034,T0142,2,2,T0034,T0142,home,17,350.75,1,Sandstorm,355
B004606,2025-10-23,V049,triples,T0160,T0059,3,3,T0059,T0160,away,10,312.52,0,Overcast,597
B004607,2024-09-28,V044,singles,T0048,T0144,1,1,T0048,T0144,home,9,115.72,0,Odd Aura,1514
B004608,2025-02-01,V022,singles,T0176,T0075,1,1,T0176,T0075,home,8,510.13,0,Windy,981
B004609,2025-07-19,V031,doubles,T0171,T0121,2,2,T0121,T0171,away,13,189.69,0,Dusty,456
B004610,2024-10-06,V033,singles,T0150,T0043,1,1,T0043,T0150,away,7,54.77,0,Dusty,1915
B004611,2025-12-26,V010,singles,T0005,T0153,1,1,T0005,T0153,home,9,115.14,0,Thunderstorm,383
B004612,2025-02-21,V050,singles,T0163,T0048,1,1,T0163,T0048,home,8,80.62,0,Overcast,202
B004613,2024-08-06,V005,triples,T0066,T0107,3,3,T0066,T0107,home,16,312.99,0,Moonless,1139
B004614,2025-09-10,V038,singles,T0102,T0100,1,1,T0102,T0100,home,11,140.42,0,Clear,1040
B004615,2025-05-25,V039,doubles,T0117,T0125,2,2,T0117,T0125,home,8,572.24,0,Clear,729
B004616,2024-04-10,V039,singles,T0068,T0002,1,1,T0002,T0068,away,11,95.71,0,Clear,643
B004617,2024-08-22,V036,singles,T0131,T0035,1,1,T0035,T0131,away,4,30.21,0,Hail,726
B004618,2025-09-12,V025,doubles,T0059,T0074,2,2,T0059,T0074,home,13,389.72,0,Fog,1289
B004619,2025-08-12,V032,doubles,T0005,T0016,2,2,T0016,T0005,away,13,51.96,0,Dusty,1242
B004620,2024-10-27,V026,singles,T0106,T0069,1,1,T0106,T0069,home,6,58.5,0,Fog,695
B004621,2024-09-30,V031,triples,T0063,T0126,3,3,T0063,T0126,home,17,278.47,0,Dusty,419
B004622,2025-03-20,V040,singles,T0126,T0174,1,1,T0126,T0174,home,9,18.17,0,Smog,240
B004623,2024-06-05,V026,doubles,T0102,T0092,2,2,T0102,T0092,home,15,280.6,0,Fog,519
B004624,2025-06-13,V006,singles,T0038,T0036,1,1,T0038,T0036,home,8,118.45,0,Moonless,471
B004625,2025-12-07,V001,doubles,T0115,T0126,2,2,T0126,T0115,away,16,461.85,1,Breezy,735
B004626,2024-08-03,V022,singles,T0164,T0163,1,1,T0163,T0164,away,12,82.02,0,Windy,742
B004627,2025-07-15,V018,doubles,T0078,T0145,2,2,T0145,T0078,away,20,244.39,1,Clear,1326
B004628,2025-11-24,V037,doubles,T0040,T0118,2,2,T0040,T0118,home,12,96.36,0,Clear,1067
B004629,2025-04-07,V033,singles,T0138,T0022,1,1,T0138,T0022,home,11,87.98,0,Dusty,1455
B004630,2024-11-12,V037,triples,T0106,T0113,3,3,T0113,T0106,away,17,164.45,0,Clear,967
B004631,2024-03-03,V018,triples,T0116,T0023,3,3,T0116,T0023,home,14,340.24,0,Clear,1123
B004632,2024-11-28,V009,triples,T0084,T0169,3,3,T0169,T0084,away,14,129.8,0,High Winds,1881
B004633,2024-02-29,V022,singles,T0063,T0061,1,1,T0063,T0061,home,14,224.02,0,Windy,782
B004634,2024-03-24,V005,doubles,T0068,T0158,2,2,T0068,T0158,home,14,205.71,0,Moonless,993
B004635,2024-12-28,V004,doubles,T0036,T0143,2,2,T0036,T0143,home,15,457.96,0,Moonless,669
B004636,2025-05-28,V044,singles,T0157,T0131,1,1,T0157,T0131,home,12,53.73,0,Odd Aura,1302
B004637,2025-09-14,V046,triples,T0066,T0173,3,3,T0066,T0173,home,12,293.83,0,Sandstorm,563
B004638,2024-06-21,V036,doubles,T0092,T0180,2,2,T0180,T0092,away,5,44.87,0,Hail,762
B004639,2024-08-21,V051,singles,T0161,T0071,1,1,T0071,T0161,away,13,110.2,0,Overcast,468
B004640,2025-11-20,V036,singles,T0130,T0136,1,1,T0130,T0136,home,7,143.01,0,Hail,797
B004641,2024-04-27,V028,doubles,T0165,T0050,2,2,T0050,T0165,away,14,216.13,0,Sunny,1021
B004642,2025-08-24,V033,singles,T0168,T0138,1,1,T0168,T0138,home,11,238.13,0,Dusty,1539
B004643,2025-10-16,V037,singles,T0135,T0018,1,1,T0018,T0135,away,11,142.23,0,Clear,1056
B004644,2025-05-04,V032,triples,T0152,T0068,3,3,T0068,T0152,away,22,40.66,1,Dusty,1235
B004645,2024-04-17,V043,singles,T0041,T0146,1,1,T0041,T0146,home,12,262.78,0,Odd Aura,980
B004646,2025-10-29,V028,singles,T0051,T0008,1,1,T0008,T0051,away,4,140.48,0,Sunny,781
B004647,2024-01-05,V004,singles,T0010,T0020,1,1,T0020,T0010,away,9,202.22,0,Moonless,819
B004648,2025-06-18,V002,doubles,T0151,T0056,2,2,T0056,T0151,away,16,101.26,0,Breezy,1173
B004649,2025-12-31,V014,doubles,T0151,T0146,2,2,T0151,T0146,home,13,670.45,0,Glittering,1562
B004650,2025-06-19,V023,singles,T0150,T0159,1,1,T0159,T0150,away,6,277.63,0,Windy,1290
B004651,2026-02-01,V038,doubles,T0171,T0083,2,2,T0083,T0171,away,9,67.78,0,Clear,1009
B004652,2024-01-04,V009,singles,T0080,T0017,1,1,T0017,T0080,away,15,49.55,0,High Winds,1480
B004653,2024-03-21,V003,doubles,T0132,T0001,2,2,T0001,T0132,away,16,115.63,0,Breezy,481
B004654,2026-01-27,V002,doubles,T0171,T0071,2,2,T0171,T0071,home,13,7.19,0,Breezy,673
B004655,2024-04-18,V021,doubles,T0051,T0088,2,2,T0051,T0088,home,12,491.51,0,Harsh Sun,272
B004656,2024-02-05,V046,doubles,T0030,T0077,2,2,T0030,T0077,home,16,185.03,0,Sandstorm,692
B004657,2024-08-13,V047,doubles,T0004,T0164,2,2,T0004,T0164,home,13,165.15,0,Sandstorm,290
B004658,2026-01-02,V023,singles,T0112,T0144,1,1,T0112,T0144,home,14,113.86,0,Windy,1071
B004659,2026-03-10,V006,doubles,T0092,T0157,2,2,T0157,T0092,away,12,32.81,0,Moonless,346
B004660,2025-05-07,V029,doubles,T0108,T0147,2,2,T0108,T0147,home,24,409.25,1,Sunny,572
B004661,2025-02-24,V049,doubles,T0170,T0133,2,2,T0170,T0133,home,16,288.75,0,Overcast,618
B004662,2024-09-02,V026,singles,T0071,T0078,1,1,T0071,T0078,home,9,87.74,0,Fog,901
B004663,2025-05-23,V024,singles,T0111,T0099,1,1,T0111,T0099,home,9,12.47,0,Windy,960
B004664,2026-03-13,V028,doubles,T0153,T0160,2,2,T0153,T0160,home,13,428.27,0,Sunny,867
B004665,2024-07-19,V007,doubles,T0029,T0163,2,2,T0163,T0029,away,23,391.25,1,High Winds,1368
B004666,2026-03-10,V010,singles,T0176,T0164,1,1,T0176,T0164,home,12,97.66,0,Thunderstorm,537
B004667,2026-01-29,V049,singles,T0073,T0069,1,1,T0069,T0073,away,12,59.19,0,Overcast,565
B004668,2024-03-24,V011,singles,T0051,T0110,1,1,T0110,T0051,away,11,109.15,0,Thunderstorm,175
B004669,2024-03-17,V010,singles,T0130,T0171,1,1,T0171,T0130,away,6,43.4,0,Thunderstorm,413
B004670,2024-10-05,V008,triples,T0145,T0149,3,3,T0145,T0149,home,12,98.69,0,High Winds,285
B004671,2025-01-28,V009,singles,T0091,T0056,1,1,T0091,T0056,home,14,240.29,0,High Winds,1896
B004672,2024-07-19,V005,singles,T0176,T0076,1,1,T0176,T0076,home,6,11.15,0,Moonless,1152
B004673,2024-03-27,V024,singles,T0130,T0121,1,1,T0121,T0130,away,10,133.74,0,Windy,1045
B004674,2025-03-02,V052,triples,T0107,T0112,3,3,T0112,T0107,away,14,351.93,0,Rain,597
B004675,2026-01-31,V001,triples,T0004,T0096,3,3,T0004,T0096,home,10,73.15,0,Breezy,892
B004676,2024-11-19,V006,doubles,T0047,T0159,2,2,T0159,T0047,away,20,76.66,1,Moonless,459
B004677,2025-01-19,V052,doubles,T0120,T0008,2,2,T0008,T0120,away,14,58.72,0,Rain,726
B004678,2026-01-05,V054,singles,T0095,T0166,1,1,T0095,T0166,home,11,257.93,0,Rain,526
B004679,2026-01-10,V023,triples,T0052,T0082,3,3,T0082,T0052,away,16,304.47,0,Windy,1279
B004680,2025-07-25,V004,triples,T0116,T0150,3,3,T0116,T0150,home,13,48.95,0,Moonless,593
B004681,2025-10-03,V003,singles,T0017,T0154,1,1,T0154,T0017,away,5,81.15,0,Breezy,366
B004682,2024-01-04,V020,singles,T0060,T0004,1,1,T0004,T0060,away,10,187.82,0,Harsh Sun,1758
B004683,2024-02-28,V033,doubles,T0150,T0171,2,2,T0171,T0150,away,11,129.75,0,Dusty,1993
B004684,2024-10-22,V037,triples,T0051,T0059,3,3,T0059,T0051,away,17,31.65,0,Clear,1136
B004685,2024-06-08,V025,doubles,T0116,T0047,2,2,T0116,T0047,home,12,243.1,0,Fog,1255
B004686,2026-01-12,V050,doubles,T0024,T0152,2,2,T0024,T0152,home,9,241.75,0,Overcast,210
B004687,2024-03-05,V006,doubles,T0130,T0088,2,2,T0130,T0088,home,14,87.06,0,Moonless,349
B004688,2024-05-13,V025,triples,T0082,T0001,3,3,T0001,T0082,away,16,269.19,0,Fog,975
B004689,2025-10-13,V030,triples,T0068,T0156,3,3,T0068,T0156,home,8,529.09,0,Sunny,620
B004690,2024-10-12,V005,doubles,T0021,T0128,2,2,T0128,T0021,away,12,304.69,0,Moonless,1039
B004691,2026-03-24,V040,singles,T0126,T0157,1,1,T0126,T0157,home,15,201.77,0,Smog,275
B004692,2026-01-18,V022,singles,T0113,T0083,1,1,T0083,T0113,away,7,89.93,0,Windy,961
B004693,2025-04-10,V035,doubles,T0005,T0068,2,2,T0005,T0068,home,10,97.7,0,Hail,332
B004694,2025-11-19,V008,doubles,T0155,T0091,2,2,T0091,T0155,away,11,118.27,0,High Winds,292
B004695,2026-01-04,V027,singles,T0127,T0078,1,1,T0078,T0127,away,12,38.56,0,Fog,660
B004696,2024-08-26,V034,doubles,T0165,T0140,2,2,T0165,T0140,home,11,1.94,0,Hail,1451
B004697,2024-09-16,V008,doubles,T0069,T0021,2,2,T0021,T0069,away,17,177.19,0,High Winds,253
B004698,2024-03-27,V008,doubles,T0153,T0035,2,2,T0035,T0153,away,12,164.1,0,High Winds,341
B004699,2024-02-10,V039,singles,T0064,T0025,1,1,T0025,T0064,away,9,20.05,0,Clear,631
B004700,2025-09-22,V037,singles,T0073,T0064,1,1,T0073,T0064,home,5,106.28,0,Clear,809
B004701,2024-04-11,V050,doubles,T0022,T0083,2,2,T0083,T0022,away,22,298.61,1,Overcast,192
B004702,2025-11-17,V016,doubles,T0064,T0163,2,2,T0163,T0064,away,7,104.67,0,Clear,179
B004703,2025-02-12,V017,singles,T0113,T0082,1,1,T0082,T0113,away,4,19.32,0,Clear,797
B004704,2025-10-15,V015,singles,T0006,T0112,1,1,T0006,T0112,home,7,211.62,0,Glittering,184
B004705,2024-01-28,V009,doubles,T0086,T0123,2,2,T0086,T0123,home,7,141.38,0,High Winds,1699
B004706,2024-10-21,V049,triples,T0098,T0081,3,3,T0098,T0081,home,16,207.58,0,Overcast,576
B004707,2025-03-03,V033,singles,T0079,T0041,1,1,T0041,T0079,away,11,269.02,0,Dusty,1940
B004708,2025-10-04,V023,singles,T0130,T0148,1,1,T0148,T0130,away,6,140.93,0,Windy,1382
B004709,2025-11-09,V001,doubles,T0180,T0027,2,2,T0027,T0180,away,12,260.42,0,Breezy,625
B004710,2025-11-12,V029,doubles,T0170,T0051,2,2,T0170,T0051,home,13,126.04,0,Sunny,505
B004711,2025-02-25,V003,triples,T0042,T0165,3,3,T0165,T0042,away,13,541.5,0,Breezy,462
B004712,2024-09-29,V040,doubles,T0060,T0058,2,2,T0058,T0060,away,14,136.6,0,Smog,236
B004713,2024-07-10,V039,triples,T0027,T0041,3,3,T0041,T0027,away,15,303.63,0,Clear,793
B004714,2025-09-06,V020,singles,T0140,T0013,1,1,T0013,T0140,away,10,224.55,0,Harsh Sun,1552
B004715,2025-12-29,V046,doubles,T0048,T0103,2,2,T0103,T0048,away,10,351.57,0,Sandstorm,289
B004716,2025-12-16,V029,triples,T0170,T0077,3,3,T0170,T0077,home,13,132.26,0,Sunny,464
B004717,2024-01-30,V015,doubles,T0148,T0155,2,2,T0148,T0155,home,18,297.46,0,Glittering,125
B004718,2025-12-10,V042,singles,T0105,T0009,1,1,T0009,T0105,away,14,185.4,0,Smog,622
B004719,2024-04-04,V048,doubles,T0030,T0005,2,2,T0005,T0030,away,12,85.25,0,Sandstorm,2500
B004720,2024-10-02,V052,doubles,T0164,T0151,2,2,T0151,T0164,away,14,355.68,0,Rain,449
B004721,2025-08-29,V025,singles,T0172,T0060,1,1,T0060,T0172,away,12,76.58,0,Fog,1305
B004722,2025-03-11,V040,triples,T0176,T0042,3,3,T0176,T0042,home,15,259.97,0,Smog,222
B004723,2026-01-09,V038,singles,T0075,T0179,1,1,T0075,T0179,home,9,44.71,0,Clear,595
B004724,2025-12-04,V040,triples,T0097,T0150,3,2,T0097,T0150,home,23,349.78,1,Smog,244
B004725,2024-11-23,V012,singles,T0001,T0009,1,1,T0009,T0001,away,7,30.46,0,Thunderstorm,1137
B004726,2026-01-20,V035,triples,T0026,T0133,3,3,T0026,T0133,home,18,397.25,1,Hail,268
B004727,2026-03-01,V032,doubles,T0152,T0017,2,2,T0152,T0017,home,17,360.58,0,Dusty,1469
B004728,2024-03-06,V049,doubles,T0094,T0137,2,2,T0137,T0094,away,13,44.24,0,Overcast,637
B004729,2024-12-29,V008,singles,T0095,T0153,1,1,T0095,T0153,home,11,190.16,0,High Winds,325
B004730,2024-06-15,V020,doubles,T0012,T0117,2,2,T0012,T0117,home,15,5.02,1,Harsh Sun,1666
B004731,2024-04-19,V036,singles,T0126,T0165,1,1,T0126,T0165,home,12,171.34,0,Hail,684
B004732,2024-11-20,V045,doubles,T0124,T0069,2,2,T0069,T0124,away,14,125.74,0,Odd Aura,735
B004733,2025-03-22,V049,singles,T0074,T0068,1,1,T0068,T0074,away,8,248.34,0,Overcast,583
B004734,2024-04-20,V001,doubles,T0019,T0179,2,2,T0179,T0019,away,14,115.84,0,Breezy,806
B004735,2025-06-07,V033,doubles,T0049,T0024,2,2,T0024,T0049,away,18,4.56,0,Dusty,1997
B004736,2025-05-31,V039,singles,T0035,T0034,1,1,T0034,T0035,away,9,73.41,0,Clear,651
B004737,2024-03-03,V048,doubles,T0132,T0058,2,2,T0058,T0132,away,11,165.75,0,Sandstorm,2436
B004738,2024-01-21,V001,doubles,T0055,T0059,2,2,T0059,T0055,away,11,84.63,0,Breezy,699
B004739,2026-02-08,V029,singles,T0179,T0003,1,1,T0003,T0179,away,7,22.58,0,Sunny,517
B004740,2024-04-25,V007,triples,T0178,T0155,3,3,T0178,T0155,home,14,26.09,0,High Winds,1136
B004741,2024-11-25,V019,singles,T0011,T0135,1,1,T0135,T0011,away,5,200.17,0,Harsh Sun,939
B004742,2024-03-01,V023,triples,T0139,T0049,3,3,T0139,T0049,home,20,144.04,0,Windy,1299
B004743,2024-12-15,V021,doubles,T0113,T0163,2,2,T0163,T0113,away,10,141.36,0,Harsh Sun,188
B004744,2025-11-01,V005,doubles,T0083,T0147,2,2,T0147,T0083,away,15,199.61,0,Moonless,906
B004745,2024-08-13,V017,triples,T0145,T0165,3,3,T0165,T0145,away,18,137.22,0,Clear,646
B004746,2025-02-19,V020,singles,T0088,T0093,1,1,T0088,T0093,home,10,124.96,0,Harsh Sun,2034
B004747,2026-03-23,V007,doubles,T0129,T0104,2,2,T0129,T0104,home,12,98.18,0,High Winds,1609
B004748,2025-06-05,V045,singles,T0007,T0022,1,1,T0007,T0022,home,10,148.36,0,Odd Aura,465
B004749,2026-01-20,V045,doubles,T0009,T0135,2,2,T0009,T0135,home,17,73.34,1,Odd Aura,408
B004750,2024-02-08,V025,doubles,T0073,T0163,2,2,T0073,T0163,home,14,7.99,0,Fog,1316
B004751,2025-08-19,V037,triples,T0002,T0163,3,3,T0002,T0163,home,9,295.95,0,Clear,1090
B004752,2025-06-25,V008,triples,T0158,T0090,3,3,T0090,T0158,away,23,61.74,1,High Winds,272
B004753,2025-07-01,V032,singles,T0159,T0167,1,1,T0159,T0167,home,12,188.07,0,Dusty,1170
B004754,2024-11-29,V053,doubles,T0091,T0009,2,3,T0009,T0091,away,18,351.54,0,Rain,454
B004755,2024-11-15,V017,doubles,T0114,T0038,2,2,T0114,T0038,home,10,297.12,0,Clear,587
B004756,2025-09-27,V041,triples,T0163,T0108,3,3,T0108,T0163,away,21,12.15,1,Smog,518
B004757,2025-01-11,V034,triples,T0037,T0168,3,3,T0037,T0168,home,17,461.37,0,Hail,1300
B004758,2024-04-21,V031,doubles,T0157,T0124,2,2,T0124,T0157,away,14,80.21,0,Dusty,395
B004759,2024-08-06,V051,triples,T0179,T0116,3,3,T0116,T0179,away,19,271.15,1,Overcast,439
B004760,2024-08-07,V033,singles,T0019,T0170,1,1,T0170,T0019,away,11,65.49,0,Dusty,1784
B004761,2024-04-10,V049,singles,T0044,T0118,1,1,T0044,T0118,home,10,24.85,0,Overcast,798
B004762,2024-02-17,V031,singles,T0060,T0056,1,1,T0060,T0056,home,12,47.74,0,Dusty,391
B004763,2024-03-28,V027,doubles,T0026,T0022,2,2,T0022,T0026,away,16,305.46,0,Fog,808
B004764,2024-08-03,V038,doubles,T0040,T0165,2,2,T0040,T0165,home,20,431.32,0,Clear,890
B004765,2025-09-18,V010,doubles,T0053,T0139,2,2,T0053,T0139,home,9,53.17,0,Thunderstorm,576
B004766,2024-09-29,V012,doubles,T0115,T0016,2,2,T0115,T0016,home,23,42.09,1,Thunderstorm,986
B004767,2024-12-21,V051,triples,T0072,T0007,3,3,T0007,T0072,away,15,135.54,0,Overcast,487
B004768,2024-04-06,V028,doubles,T0046,T0120,2,2,T0120,T0046,away,11,69.54,0,Sunny,1099
B004769,2025-06-08,V010,triples,T0135,T0049,3,3,T0049,T0135,away,8,81.19,0,Thunderstorm,478
B004770,2024-05-08,V023,singles,T0139,T0165,1,1,T0139,T0165,home,8,369.76,0,Windy,1319
B004771,2024-09-24,V035,doubles,T0005,T0096,2,2,T0005,T0096,home,11,12.76,0,Hail,364
B004772,2024-11-11,V007,doubles,T0166,T0135,2,2,T0166,T0135,home,11,46.61,0,High Winds,1604
B004773,2025-02-07,V005,triples,T0047,T0104,3,3,T0047,T0104,home,13,252.02,0,Moonless,945
B004774,2024-08-31,V027,doubles,T0078,T0050,2,2,T0050,T0078,away,11,126.46,0,Fog,743
B004775,2024-09-13,V045,singles,T0068,T0092,1,1,T0068,T0092,home,8,95.83,0,Odd Aura,488
B004776,2025-08-30,V010,singles,T0176,T0118,1,1,T0176,T0118,home,8,245.83,0,Thunderstorm,413
B004777,2024-08-30,V051,doubles,T0103,T0147,2,2,T0103,T0147,home,9,267.65,0,Overcast,560
B004778,2024-08-29,V037,singles,T0151,T0016,1,1,T0016,T0151,away,10,92.35,0,Clear,1261
B004779,2026-02-01,V026,triples,T0150,T0094,3,3,T0094,T0150,away,21,189.42,1,Fog,885
B004780,2025-08-27,V050,singles,T0115,T0028,1,1,T0028,T0115,away,4,30.41,0,Overcast,286
B004781,2024-04-10,V009,singles,T0021,T0051,1,1,T0021,T0051,home,11,19.46,0,High Winds,1843
B004782,2025-03-28,V053,doubles,T0015,T0153,2,2,T0153,T0015,away,11,83.4,0,Rain,454
B004783,2025-06-09,V002,singles,T0016,T0023,1,1,T0023,T0016,away,12,120.82,0,Breezy,811
B004784,2025-08-14,V046,singles,T0006,T0104,1,1,T0006,T0104,home,11,335.52,0,Sandstorm,500
B004785,2024-10-24,V052,triples,T0030,T0005,3,3,T0030,T0005,home,11,252.45,0,Rain,770
B004786,2025-01-21,V054,doubles,T0042,T0176,2,2,T0176,T0042,away,13,119.97,0,Rain,626
B004787,2024-01-31,V049,singles,T0144,T0055,1,1,T0055,T0144,away,13,248.23,0,Overcast,634
B004788,2024-09-23,V034,triples,T0100,T0179,3,3,T0100,T0179,home,18,203.72,0,Hail,1668
B004789,2024-09-26,V007,triples,T0081,T0142,3,3,T0142,T0081,away,10,65.52,0,High Winds,1270
B004790,2024-04-07,V022,triples,T0171,T0126,3,3,T0126,T0171,away,18,13.32,0,Windy,1104
B004791,2024-06-19,V034,doubles,T0026,T0136,2,2,T0136,T0026,away,11,110.04,0,Hail,1552
B004792,2024-09-14,V036,doubles,T0109,T0097,2,2,T0109,T0097,home,14,352.7,0,Hail,694
B004793,2025-07-31,V013,doubles,T0123,T0169,2,2,T0123,T0169,home,10,553.67,0,Glittering,1575
B004794,2024-07-15,V024,singles,T0099,T0173,1,1,T0173,T0099,away,11,3.79,0,Windy,1097
B004795,2024-05-12,V019,triples,T0040,T0053,3,3,T0040,T0053,home,15,306.98,0,Harsh Sun,866
B004796,2025-06-04,V002,triples,T0077,T0081,3,3,T0077,T0081,home,13,284.44,0,Breezy,1054
B004797,2025-03-02,V054,doubles,T0151,T0046,2,2,T0046,T0151,away,11,133.07,0,Rain,536
B004798,2024-06-04,V005,singles,T0176,T0102,1,1,T0102,T0176,away,9,82.51,0,Moonless,1062
B004799,2024-08-18,V032,triples,T0136,T0113,3,3,T0136,T0113,home,13,364.55,0,Dusty,1177
B004800,2024-09-17,V042,doubles,T0162,T0004,2,2,T0004,T0162,away,13,3.9,0,Smog,650
B004801,2024-06-23,V034,triples,T0012,T0098,3,3,T0012,T0098,home,14,303.66,0,Hail,1324
B004802,2024-11-29,V036,singles,T0050,T0090,1,1,T0050,T0090,home,10,243.97,0,Hail,888
B004803,2024-12-14,V023,doubles,T0051,T0104,2,2,T0104,T0051,away,10,136.58,0,Windy,1279
B004804,2024-09-09,V030,singles,T0078,T0112,1,1,T0078,T0112,home,9,52.84,0,Sunny,802
B004805,2024-06-02,V030,doubles,T0084,T0005,2,2,T0005,T0084,away,10,142.46,0,Sunny,812
B004806,2024-05-19,V004,singles,T0016,T0147,1,1,T0016,T0147,home,15,26.81,0,Moonless,663
B004807,2024-01-01,V036,triples,T0071,T0111,3,3,T0111,T0071,away,12,63.02,0,Hail,683
B004808,2025-03-17,V008,doubles,T0117,T0029,2,2,T0117,T0029,home,9,540.74,0,High Winds,344
B004809,2026-03-31,V021,triples,T0178,T0086,3,3,T0178,T0086,home,14,176.39,0,Harsh Sun,143
B004810,2025-05-24,V020,singles,T0114,T0048,1,1,T0114,T0048,home,11,109.19,0,Harsh Sun,1756
B004811,2025-10-11,V015,triples,T0032,T0039,3,3,T0032,T0039,home,15,366.41,0,Glittering,177
B004812,2026-02-28,V035,singles,T0032,T0106,1,1,T0032,T0106,home,5,95.16,0,Hail,342
B004813,2025-03-05,V008,doubles,T0136,T0120,2,2,T0120,T0136,away,17,20.84,1,High Winds,315
B004814,2024-07-31,V031,singles,T0145,T0105,1,1,T0145,T0105,home,17,167.41,0,Dusty,461
B004815,2024-12-30,V036,doubles,T0050,T0056,2,2,T0050,T0056,home,18,70.13,1,Hail,659
B004816,2024-11-07,V052,doubles,T0055,T0081,2,2,T0055,T0081,home,18,77.16,1,Rain,622
B004817,2024-07-06,V015,singles,T0029,T0078,1,1,T0078,T0029,away,12,238.91,0,Glittering,128
B004818,2025-11-29,V044,doubles,T0018,T0074,2,2,T0018,T0074,home,10,558.03,0,Odd Aura,1246
B004819,2025-08-14,V033,singles,T0172,T0006,1,1,T0006,T0172,away,8,177.76,0,Dusty,1960
B004820,2024-02-17,V040,doubles,T0064,T0124,2,2,T0124,T0064,away,23,16.24,1,Smog,275
B004821,2025-02-09,V035,doubles,T0056,T0137,2,2,T0137,T0056,away,14,123.95,0,Hail,306
B004822,2024-01-30,V008,triples,T0084,T0041,3,3,T0041,T0084,away,17,255.75,0,High Winds,317
B004823,2024-06-27,V047,doubles,T0076,T0145,2,2,T0076,T0145,home,15,152.75,0,Sandstorm,355
B004824,2026-01-02,V031,triples,T0088,T0036,3,3,T0088,T0036,home,19,170.46,1,Dusty,436
B004825,2025-05-15,V037,singles,T0037,T0062,1,1,T0062,T0037,away,8,163.69,0,Clear,1126
B004826,2025-07-11,V018,triples,T0110,T0007,3,3,T0007,T0110,away,23,273.37,1,Clear,1875
B004827,2025-09-11,V011,doubles,T0079,T0115,2,2,T0079,T0115,home,13,36.88,0,Thunderstorm,101
B004828,2026-01-03,V027,doubles,T0043,T0127,2,1,T0043,T0127,home,22,983.2,1,Fog,598
B004829,2025-01-14,V013,triples,T0133,T0054,3,3,T0133,T0054,home,12,258.29,0,Glittering,1569
B004830,2024-03-31,V007,triples,T0169,T0038,3,3,T0038,T0169,away,13,172.88,0,High Winds,1793
B004831,2024-04-15,V054,singles,T0051,T0142,1,1,T0051,T0142,home,9,277.66,0,Rain,427
B004832,2025-04-04,V016,doubles,T0047,T0132,2,2,T0132,T0047,away,8,140.44,0,Clear,191
B004833,2025-04-18,V052,doubles,T0051,T0173,2,2,T0051,T0173,home,13,217.77,0,Rain,954
B004834,2024-12-02,V039,doubles,T0039,T0118,2,2,T0039,T0118,home,14,308.81,0,Clear,698
B004835,2025-08-13,V031,triples,T0163,T0150,3,2,T0163,T0150,home,10,1003.9,0,Dusty,440
B004836,2024-09-15,V032,singles,T0098,T0162,1,1,T0098,T0162,home,10,156.7,0,Dusty,1216
B004837,2024-07-03,V039,singles,T0146,T0096,1,1,T0146,T0096,home,9,199.98,0,Clear,888
B004838,2024-11-05,V026,doubles,T0150,T0085,2,2,T0150,T0085,home,13,362.52,0,Fog,613
B004839,2024-01-08,V015,triples,T0113,T0030,3,3,T0113,T0030,home,16,373.88,0,Glittering,189
B004840,2024-11-21,V001,doubles,T0147,T0086,2,2,T0086,T0147,away,7,90.47,0,Breezy,712
B004841,2024-12-25,V047,triples,T0076,T0061,3,3,T0076,T0061,home,10,227.04,0,Sandstorm,406
B004842,2026-01-01,V033,doubles,T0083,T0096,2,2,T0096,T0083,away,13,57.68,0,Dusty,1437
B004843,2024-01-16,V013,singles,T0009,T0038,1,1,T0038,T0009,away,11,47.78,0,Glittering,1264
B004844,2024-07-11,V045,singles,T0164,T0144,1,1,T0144,T0164,away,6,197.56,0,Odd Aura,623
B004845,2025-01-01,V030,singles,T0033,T0115,1,1,T0033,T0115,home,9,30.27,0,Sunny,766
B004846,2024-01-10,V009,doubles,T0157,T0158,2,3,T0158,T0157,away,11,568.75,0,High Winds,1849
B004847,2025-12-30,V005,triples,T0165,T0080,3,3,T0165,T0080,home,12,43.48,0,Moonless,1179
B004848,2024-09-14,V039,doubles,T0070,T0040,2,2,T0040,T0070,away,15,305.72,0,Clear,815
B004849,2024-04-19,V032,singles,T0152,T0003,1,1,T0152,T0003,home,10,176.85,0,Dusty,1218
B004850,2025-11-15,V044,singles,T0050,T0120,1,1,T0050,T0120,home,13,303.92,0,Odd Aura,1160
B004851,2024-02-08,V003,singles,T0080,T0035,1,1,T0035,T0080,away,14,108.11,0,Breezy,487
B004852,2024-07-08,V022,singles,T0162,T0105,1,1,T0162,T0105,home,12,131.18,0,Windy,1116
B004853,2024-07-13,V045,doubles,T0063,T0159,2,2,T0159,T0063,away,20,20.67,1,Odd Aura,492
B004854,2024-09-19,V053,triples,T0009,T0117,3,3,T0009,T0117,home,14,313.09,0,Rain,449
B004855,2025-11-01,V031,doubles,T0051,T0066,2,2,T0051,T0066,home,12,29.21,0,Dusty,424
B004856,2025-02-19,V046,doubles,T0110,T0056,2,2,T0056,T0110,away,17,61.53,0,Sandstorm,517
B004857,2024-01-13,V025,doubles,T0018,T0145,2,1,T0018,T0145,home,10,213.0,0,Fog,1265
B004858,2025-09-17,V035,doubles,T0073,T0068,2,2,T0073,T0068,home,13,99.54,0,Hail,344
B004859,2025-11-01,V029,doubles,T0122,T0061,2,2,T0122,T0061,home,13,29.25,0,Sunny,587
B004860,2025-01-29,V001,singles,T0130,T0120,1,1,T0130,T0120,home,5,279.69,0,Breezy,658
B004861,2025-06-06,V029,doubles,T0099,T0055,2,3,T0055,T0099,away,15,339.42,0,Sunny,464
B004862,2024-01-19,V036,doubles,T0021,T0178,2,3,T0178,T0021,away,13,679.25,0,Hail,794
B004863,2024-07-21,V052,doubles,T0108,T0098,2,3,T0098,T0108,away,11,101.34,0,Rain,908
B004864,2024-12-11,V032,singles,T0152,T0128,1,1,T0128,T0152,away,10,175.68,0,Dusty,1536
B004865,2025-09-28,V009,doubles,T0146,T0033,2,2,T0146,T0033,home,7,485.93,0,High Winds,2235
B004866,2025-01-07,V045,doubles,T0134,T0075,2,2,T0134,T0075,home,12,76.87,0,Odd Aura,541
B004867,2024-06-07,V020,singles,T0054,T0025,1,1,T0025,T0054,away,15,36.92,0,Harsh Sun,1684
B004868,2025-02-02,V028,singles,T0153,T0017,1,1,T0153,T0017,home,16,47.74,0,Sunny,714
B004869,2025-08-22,V022,singles,T0173,T0054,1,1,T0173,T0054,home,5,198.33,0,Windy,808
B004870,2024-11-30,V048,triples,T0036,T0099,3,3,T0036,T0099,home,17,131.93,0,Sandstorm,2344
B004871,2024-11-24,V002,doubles,T0083,T0163,2,2,T0163,T0083,away,15,14.96,0,Breezy,991
B004872,2024-06-24,V033,singles,T0031,T0059,1,2,T0059,T0031,away,14,665.93,0,Dusty,2067
B004873,2025-05-08,V003,doubles,T0096,T0045,2,2,T0096,T0045,home,19,62.19,1,Breezy,527
B004874,2024-04-24,V051,singles,T0068,T0001,1,1,T0001,T0068,away,10,109.93,0,Overcast,392
B004875,2024-10-07,V048,doubles,T0125,T0058,2,2,T0058,T0125,away,15,186.0,0,Sandstorm,2094
B004876,2025-05-15,V005,triples,T0084,T0034,3,3,T0034,T0084,away,9,606.5,0,Moonless,1023
B004877,2024-06-07,V015,singles,T0111,T0075,1,1,T0111,T0075,home,17,79.34,0,Glittering,126
B004878,2025-06-21,V020,doubles,T0122,T0029,2,2,T0029,T0122,away,15,4.77,0,Harsh Sun,1775
B004879,2024-10-11,V006,triples,T0004,T0135,3,3,T0135,T0004,away,19,237.78,1,Moonless,387
B004880,2024-07-02,V022,doubles,T0164,T0063,2,2,T0063,T0164,away,8,378.22,0,Windy,854
B004881,2024-07-26,V043,doubles,T0083,T0159,2,2,T0159,T0083,away,11,273.92,0,Odd Aura,681
B004882,2024-06-19,V044,doubles,T0041,T0024,2,2,T0041,T0024,home,9,376.29,0,Odd Aura,1511
B004883,2026-01-23,V007,triples,T0095,T0179,3,3,T0095,T0179,home,18,217.1,0,High Winds,1254
B004884,2025-11-08,V005,triples,T0115,T0058,3,3,T0058,T0115,away,18,97.88,0,Moonless,1050
B004885,2024-04-04,V002,triples,T0083,T0144,3,3,T0083,T0144,home,13,109.96,0,Breezy,1266
B004886,2024-07-17,V051,doubles,T0128,T0156,2,2,T0128,T0156,home,15,633.34,0,Overcast,500
B004887,2024-08-25,V044,doubles,T0152,T0117,2,2,T0152,T0117,home,19,27.31,0,Odd Aura,1446
B004888,2025-04-14,V032,singles,T0164,T0085,1,1,T0085,T0164,away,4,9.67,0,Dusty,1175
B004889,2026-03-07,V009,singles,T0123,T0023,1,1,T0123,T0023,home,6,130.17,0,High Winds,2047
B004890,2024-11-13,V029,doubles,T0078,T0149,2,2,T0078,T0149,home,9,132.82,0,Sunny,472
B004891,2024-09-01,V024,doubles,T0166,T0119,2,2,T0166,T0119,home,12,454.3,0,Windy,1090
B004892,2024-02-28,V022,doubles,T0180,T0124,2,2,T0180,T0124,home,16,164.97,0,Windy,883
B004893,2026-03-29,V001,singles,T0115,T0053,1,1,T0115,T0053,home,11,2.28,0,Breezy,566
B004894,2024-11-07,V037,triples,T0078,T0114,3,2,T0078,T0114,home,18,695.31,0,Clear,1170
B004895,2024-12-26,V006,singles,T0014,T0146,1,1,T0146,T0014,away,13,165.36,0,Moonless,474
B004896,2024-06-29,V039,triples,T0068,T0123,3,3,T0123,T0068,away,24,97.9,1,Clear,564
B004897,2025-03-06,V007,doubles,T0172,T0177,2,2,T0177,T0172,away,13,36.21,0,High Winds,1451
B004898,2025-10-20,V049,singles,T0170,T0176,1,1,T0170,T0176,home,10,101.94,0,Overcast,576
B004899,2025-11-22,V010,singles,T0057,T0002,1,2,T0002,T0057,away,12,793.38,0,Thunderstorm,480
B004900,2026-01-08,V043,doubles,T0017,T0141,2,2,T0017,T0141,home,10,267.75,0,Odd Aura,994
B004901,2025-08-01,V019,singles,T0105,T0061,1,1,T0061,T0105,away,5,53.29,0,Harsh Sun,842
B004902,2025-06-26,V001,triples,T0040,T0168,3,3,T0040,T0168,home,15,682.96,0,Breezy,737
B004903,2024-06-26,V013,triples,T0027,T0168,3,3,T0027,T0168,home,15,106.95,0,Glittering,1851
B004904,2024-08-08,V054,triples,T0002,T0084,3,3,T0084,T0002,away,24,233.92,1,Rain,580
B004905,2025-04-24,V027,singles,T0109,T0162,1,1,T0162,T0109,away,10,110.48,0,Fog,802
B004906,2024-05-20,V006,singles,T0048,T0133,1,1,T0133,T0048,away,12,211.06,0,Moonless,386
B004907,2025-01-05,V018,singles,T0068,T0048,1,1,T0048,T0068,away,12,102.19,0,Clear,1149
B004908,2025-01-08,V001,doubles,T0126,T0012,2,2,T0012,T0126,away,23,18.76,1,Breezy,675
B004909,2024-05-28,V004,singles,T0076,T0153,1,1,T0076,T0153,home,13,336.72,0,Moonless,732
B004910,2024-02-05,V027,doubles,T0087,T0110,2,2,T0087,T0110,home,5,141.49,0,Fog,705
B004911,2025-04-02,V002,singles,T0134,T0108,1,1,T0108,T0134,away,13,229.53,0,Breezy,1143
B004912,2024-10-02,V041,doubles,T0048,T0004,2,1,T0048,T0004,home,14,811.49,0,Smog,611
B004913,2026-01-23,V028,doubles,T0118,T0078,2,2,T0078,T0118,away,9,6.22,0,Sunny,1133
B004914,2024-10-07,V035,doubles,T0050,T0091,2,2,T0091,T0050,away,22,222.19,1,Hail,368
B004915,2024-08-26,V054,singles,T0086,T0019,1,2,T0019,T0086,away,8,224.16,0,Rain,726
B004916,2024-02-21,V031,singles,T0075,T0117,1,1,T0117,T0075,away,7,1.09,0,Dusty,509
B004917,2025-02-21,V044,singles,T0108,T0012,1,1,T0012,T0108,away,4,198.85,0,Odd Aura,1495
B004918,2025-07-31,V021,doubles,T0131,T0127,2,2,T0131,T0127,home,11,390.73,0,Harsh Sun,223
B004919,2025-03-02,V007,singles,T0025,T0016,1,1,T0016,T0025,away,10,166.43,0,High Winds,1459
B004920,2025-08-20,V042,doubles,T0010,T0172,2,2,T0010,T0172,home,13,51.41,0,Smog,1030
B004921,2026-03-26,V053,singles,T0093,T0066,1,1,T0066,T0093,away,9,67.91,0,Rain,417
B004922,2024-04-08,V024,triples,T0069,T0101,3,3,T0101,T0069,away,13,311.32,0,Windy,934
B004923,2025-07-18,V039,doubles,T0100,T0052,2,2,T0052,T0100,away,11,2.7,0,Clear,590
B004924,2025-06-28,V011,doubles,T0057,T0171,2,2,T0171,T0057,away,10,100.63,0,Thunderstorm,208
B004925,2024-10-07,V003,doubles,T0180,T0147,2,2,T0147,T0180,away,8,162.66,0,Breezy,450
B004926,2024-11-13,V042,doubles,T0088,T0051,2,2,T0051,T0088,away,13,79.99,0,Smog,648
B004927,2025-09-20,V032,singles,T0152,T0066,1,1,T0152,T0066,home,9,52.36,0,Dusty,1201
B004928,2025-05-15,V021,singles,T0129,T0004,1,1,T0129,T0004,home,8,228.41,0,Harsh Sun,221
B004929,2026-02-09,V041,triples,T0180,T0170,3,3,T0180,T0170,home,9,173.19,0,Smog,816
B004930,2024-02-16,V027,singles,T0161,T0013,1,1,T0161,T0013,home,6,43.87,0,Fog,661
B004931,2024-09-02,V044,singles,T0063,T0117,1,1,T0117,T0063,away,13,31.47,0,Odd Aura,1664
B004932,2024-09-27,V008,singles,T0170,T0168,1,1,T0170,T0168,home,7,200.92,0,High Winds,207
B004933,2024-05-28,V041,triples,T0093,T0079,3,2,T0093,T0079,home,23,740.48,1,Smog,618
B004934,2024-05-26,V001,triples,T0037,T0009,3,3,T0009,T0037,away,13,440.03,0,Breezy,643
B004935,2025-03-21,V026,singles,T0082,T0042,1,1,T0082,T0042,home,14,203.57,0,Fog,878
B004936,2026-03-18,V006,doubles,T0004,T0097,2,2,T0004,T0097,home,8,177.45,0,Moonless,409
B004937,2025-09-16,V030,doubles,T0168,T0043,2,2,T0043,T0168,away,12,1.64,0,Sunny,842
B004938,2025-09-19,V049,doubles,T0012,T0180,2,2,T0180,T0012,away,13,23.3,0,Overcast,789
B004939,2024-07-16,V027,doubles,T0029,T0151,2,2,T0151,T0029,away,8,285.99,0,Fog,696
B004940,2024-03-26,V013,singles,T0115,T0051,1,1,T0051,T0115,away,10,75.34,0,Glittering,1663
B004941,2026-01-25,V009,triples,T0006,T0092,3,3,T0006,T0092,home,17,339.71,0,High Winds,1902
B004942,2024-10-08,V051,triples,T0180,T0113,3,3,T0113,T0180,away,22,207.39,0,Overcast,570
B004943,2025-12-02,V013,triples,T0102,T0058,3,3,T0058,T0102,away,23,104.69,1,Glittering,1518
B004944,2024-12-22,V047,doubles,T0088,T0044,2,2,T0088,T0044,home,12,350.76,0,Sandstorm,421
B004945,2025-04-15,V049,triples,T0045,T0093,3,3,T0045,T0093,home,9,95.78,0,Overcast,639
B004946,2025-04-17,V054,singles,T0093,T0152,1,1,T0152,T0093,away,15,39.18,0,Rain,496
B004947,2025-06-16,V036,doubles,T0053,T0017,2,3,T0017,T0053,away,10,488.92,0,Hail,733
B004948,2024-03-04,V013,singles,T0137,T0147,1,1,T0137,T0147,home,9,94.87,0,Glittering,1146
B004949,2024-09-13,V013,singles,T0117,T0037,1,1,T0037,T0117,away,12,242.44,0,Glittering,1715
B004950,2025-06-27,V040,doubles,T0084,T0119,2,2,T0084,T0119,home,10,59.5,0,Smog,224
B004951,2025-07-02,V023,triples,T0144,T0156,3,3,T0144,T0156,home,22,173.26,0,Windy,1211
B004952,2025-04-15,V028,doubles,T0030,T0015,2,2,T0015,T0030,away,6,9.47,0,Sunny,1215
B004953,2025-03-14,V054,singles,T0166,T0121,1,1,T0121,T0166,away,6,173.32,0,Rain,667
B004954,2024-05-12,V021,singles,T0031,T0130,1,1,T0031,T0130,home,13,14.05,0,Harsh Sun,228
B004955,2025-09-11,V028,singles,T0153,T0074,1,1,T0153,T0074,home,6,199.32,0,Sunny,741
B004956,2025-01-27,V026,singles,T0141,T0050,1,1,T0050,T0141,away,10,235.77,0,Fog,540
B004957,2025-02-06,V012,triples,T0048,T0142,3,3,T0048,T0142,home,13,161.49,0,Thunderstorm,918
B004958,2024-10-07,V020,doubles,T0068,T0043,2,2,T0043,T0068,away,13,47.51,0,Harsh Sun,1823
B004959,2025-01-27,V018,triples,T0151,T0025,3,3,T0151,T0025,home,15,108.57,0,Clear,1504
B004960,2024-07-06,V033,doubles,T0032,T0174,2,2,T0174,T0032,away,13,156.59,0,Dusty,1597
B004961,2026-02-14,V041,doubles,T0027,T0020,2,2,T0020,T0027,away,11,275.95,0,Smog,694
B004962,2025-03-15,V047,doubles,T0073,T0167,2,2,T0073,T0167,home,20,103.69,1,Sandstorm,288
B004963,2025-01-22,V009,singles,T0118,T0146,1,1,T0118,T0146,home,12,180.52,0,High Winds,1787
B004964,2025-12-25,V028,doubles,T0129,T0012,2,2,T0129,T0012,home,12,188.9,0,Sunny,855
B004965,2025-10-29,V034,doubles,T0037,T0109,2,2,T0037,T0109,home,11,238.36,0,Hail,1480
B004966,2024-12-09,V001,singles,T0150,T0022,1,1,T0022,T0150,away,8,15.81,0,Breezy,665
B004967,2024-01-09,V028,doubles,T0052,T0174,2,2,T0174,T0052,away,13,506.72,0,Sunny,779
B004968,2025-02-06,V050,doubles,T0060,T0147,2,2,T0147,T0060,away,12,14.89,0,Overcast,209
B004969,2025-09-01,V037,triples,T0109,T0074,3,3,T0109,T0074,home,11,117.6,0,Clear,1045
B004970,2026-03-16,V042,doubles,T0091,T0038,2,2,T0038,T0091,away,12,4.25,0,Smog,745
B004971,2025-02-03,V051,doubles,T0101,T0121,2,2,T0101,T0121,home,15,50.66,0,Overcast,425
B004972,2025-07-31,V040,doubles,T0126,T0074,2,2,T0126,T0074,home,15,694.9,0,Smog,262
B004973,2025-11-20,V001,singles,T0164,T0042,1,1,T0042,T0164,away,15,86.77,0,Breezy,803
B004974,2024-02-21,V003,singles,T0157,T0162,1,1,T0157,T0162,home,11,150.07,0,Breezy,583
B004975,2024-09-29,V024,triples,T0144,T0166,3,3,T0166,T0144,away,24,227.06,1,Windy,1017
B004976,2024-12-28,V029,singles,T0089,T0019,1,1,T0089,T0019,home,8,253.13,0,Sunny,466
B004977,2025-01-17,V013,doubles,T0122,T0108,2,2,T0108,T0122,away,14,46.84,0,Glittering,1748
B004978,2025-01-20,V038,singles,T0172,T0047,1,1,T0172,T0047,home,12,118.76,0,Clear,859
B004979,2025-06-03,V005,triples,T0013,T0042,3,3,T0013,T0042,home,15,924.49,0,Moonless,1003
B004980,2025-10-19,V038,doubles,T0123,T0094,2,2,T0094,T0123,away,8,216.68,0,Clear,835
B004981,2024-02-08,V003,singles,T0062,T0082,1,1,T0062,T0082,home,10,205.02,0,Breezy,467
B004982,2024-10-30,V017,doubles,T0095,T0016,2,2,T0095,T0016,home,9,111.69,0,Clear,724
B004983,2024-03-10,V011,doubles,T0053,T0057,2,2,T0053,T0057,home,13,267.6,0,Thunderstorm,123
B004984,2026-01-08,V041,singles,T0025,T0095,1,1,T0095,T0025,away,11,77.44,0,Smog,657
B004985,2025-12-04,V003,doubles,T0080,T0138,2,2,T0080,T0138,home,11,176.02,0,Breezy,471
B004986,2024-11-18,V016,doubles,T0131,T0068,2,2,T0131,T0068,home,11,161.65,0,Clear,179
B004987,2025-11-10,V013,triples,T0061,T0180,3,3,T0061,T0180,home,10,122.36,0,Glittering,1850
B004988,2025-03-11,V030,triples,T0139,T0178,3,3,T0178,T0139,away,17,51.04,0,Sunny,827
B004989,2024-04-20,V019,singles,T0108,T0074,1,1,T0108,T0074,home,10,364.18,0,Harsh Sun,1105
B004990,2026-01-27,V006,singles,T0068,T0178,1,1,T0178,T0068,away,7,184.14,0,Moonless,499
B004991,2025-06-21,V053,singles,T0053,T0055,1,1,T0055,T0053,away,6,18.57,0,Rain,453
B004992,2024-10-08,V024,singles,T0019,T0017,1,1,T0019,T0017,home,7,109.78,0,Windy,960
B004993,2025-07-20,V037,triples,T0072,T0118,3,3,T0118,T0072,away,13,159.77,0,Clear,1204
B004994,2024-03-15,V045,singles,T0078,T0121,1,1,T0121,T0078,away,7,179.23,0,Odd Aura,463
B004995,2025-02-14,V031,singles,T0127,T0090,1,1,T0127,T0090,home,10,35.83,0,Dusty,446
B004996,2024-09-19,V027,triples,T0180,T0069,3,3,T0180,T0069,home,16,179.4,0,Fog,842
B004997,2024-01-08,V006,triples,T0036,T0091,3,3,T0036,T0091,home,16,79.14,0,Moonless,418
B004998,2024-04-13,V051,doubles,T0164,T0106,2,2,T0164,T0106,home,16,69.71,0,Overcast,458
B004999,2024-01-25,V036,doubles,T0075,T0170,2,2,T0170,T0075,away,16,98.17,0,Hail,643
B005000,2025-06-05,V044,triples,T0120,T0159,3,3,T0159,T0120,away,24,292.97,0,Odd Aura,1272
B005001,2025-06-24,V006,doubles,T0026,T0053,2,2,T0053,T0026,away,18,85.83,1,Moonless,447
B005002,2025-04-28,V027,triples,T0083,T0017,3,3,T0083,T0017,home,22,5.43,1,Fog,756
B005003,2025-03-27,V051,singles,T0125,T0121,1,1,T0121,T0125,away,14,266.08,0,Overcast,377
B005004,2024-06-26,V004,doubles,T0013,T0172,2,2,T0013,T0172,home,10,213.59,0,Moonless,666
B005005,2024-10-16,V008,doubles,T0088,T0053,2,2,T0088,T0053,home,19,87.37,1,High Winds,337
B005006,2024-09-16,V035,triples,T0005,T0035,3,3,T0005,T0035,home,16,643.55,0,Hail,381
B005007,2024-11-05,V033,doubles,T0033,T0116,2,2,T0116,T0033,away,10,542.79,0,Dusty,1517
B005008,2024-01-03,V033,singles,T0117,T0100,1,1,T0100,T0117,away,6,0.42,0,Dusty,2081
B005009,2025-04-15,V001,triples,T0067,T0011,3,3,T0067,T0011,home,17,382.91,0,Breezy,749
B005010,2025-04-15,V033,doubles,T0027,T0099,2,2,T0027,T0099,home,11,106.19,0,Dusty,1642
B005011,2025-04-29,V028,triples,T0153,T0168,3,3,T0168,T0153,away,12,62.61,0,Sunny,1031
B005012,2024-12-02,V047,doubles,T0052,T0014,2,1,T0052,T0014,home,10,301.96,0,Sandstorm,216
B005013,2026-01-07,V046,doubles,T0130,T0142,2,2,T0130,T0142,home,14,410.12,0,Sandstorm,410
B005014,2026-02-24,V037,triples,T0087,T0146,3,3,T0087,T0146,home,16,272.67,0,Clear,1070
B005015,2025-01-13,V006,singles,T0115,T0070,1,1,T0115,T0070,home,13,43.03,0,Moonless,421
B005016,2025-10-30,V050,doubles,T0012,T0073,2,2,T0073,T0012,away,15,83.74,0,Overcast,202
B005017,2026-01-11,V027,doubles,T0150,T0063,2,2,T0063,T0150,away,14,218.49,0,Fog,677
B005018,2025-06-17,V028,doubles,T0090,T0133,2,2,T0133,T0090,away,13,395.87,0,Sunny,694
B005019,2024-08-21,V033,triples,T0139,T0005,3,3,T0139,T0005,home,15,373.76,0,Dusty,1607
B005020,2024-10-14,V007,doubles,T0064,T0058,2,2,T0058,T0064,away,10,27.48,0,High Winds,1360
B005021,2025-10-02,V005,doubles,T0004,T0111,2,2,T0111,T0004,away,12,47.79,0,Moonless,1228
B005022,2025-10-05,V001,doubles,T0032,T0089,2,2,T0032,T0089,home,21,367.54,1,Breezy,619
B005023,2025-04-23,V047,singles,T0064,T0050,1,1,T0050,T0064,away,12,178.14,0,Sandstorm,274
B005024,2026-03-14,V038,singles,T0038,T0116,1,1,T0116,T0038,away,10,196.96,0,Clear,482
B005025,2024-11-23,V017,doubles,T0078,T0027,2,2,T0027,T0078,away,14,240.64,0,Clear,800
B005026,2024-03-17,V034,singles,T0026,T0042,1,1,T0026,T0042,home,10,193.9,0,Hail,1705
B005027,2025-06-12,V003,doubles,T0057,T0038,2,2,T0038,T0057,away,22,291.12,1,Breezy,383
B005028,2024-01-24,V047,doubles,T0083,T0041,2,2,T0041,T0083,away,19,87.85,1,Sandstorm,373
B005029,2024-03-29,V037,doubles,T0106,T0179,2,2,T0106,T0179,home,9,319.92,0,Clear,1053
B005030,2026-03-23,V013,doubles,T0133,T0030,2,2,T0133,T0030,home,10,237.72,0,Glittering,1495
B005031,2025-05-07,V030,triples,T0032,T0037,3,3,T0032,T0037,home,20,757.16,1,Sunny,817
B005032,2026-02-23,V030,doubles,T0016,T0180,2,2,T0180,T0016,away,7,412.19,0,Sunny,900
B005033,2025-09-17,V024,singles,T0163,T0054,1,1,T0054,T0163,away,8,221.1,0,Windy,936
B005034,2026-03-13,V019,doubles,T0057,T0013,2,2,T0057,T0013,home,12,135.05,0,Harsh Sun,1244
B005035,2024-07-16,V045,singles,T0062,T0172,1,1,T0062,T0172,home,12,147.36,0,Odd Aura,476
B005036,2025-11-07,V002,triples,T0105,T0131,3,3,T0105,T0131,home,16,143.05,0,Breezy,864
B005037,2024-04-04,V027,singles,T0031,T0037,1,1,T0031,T0037,home,4,25.57,0,Fog,635
B005038,2025-02-04,V045,doubles,T0039,T0110,2,3,T0110,T0039,away,10,581.31,0,Odd Aura,485
B005039,2024-12-28,V003,triples,T0007,T0008,3,3,T0007,T0008,home,14,163.34,0,Breezy,387
B005040,2024-03-26,V027,singles,T0076,T0032,1,1,T0076,T0032,home,7,135.56,0,Fog,773
B005041,2025-06-20,V016,triples,T0131,T0112,3,3,T0131,T0112,home,22,86.77,1,Clear,273
B005042,2025-09-30,V046,doubles,T0130,T0042,2,2,T0130,T0042,home,11,499.7,0,Sandstorm,463
B005043,2024-06-24,V020,doubles,T0004,T0126,2,2,T0004,T0126,home,15,13.69,0,Harsh Sun,1632
B005044,2024-04-13,V022,triples,T0002,T0133,3,3,T0133,T0002,away,17,111.12,0,Windy,605
B005045,2024-12-06,V004,doubles,T0036,T0103,2,2,T0036,T0103,home,12,316.35,0,Moonless,829
B005046,2024-01-03,V021,doubles,T0160,T0018,2,2,T0018,T0160,away,14,166.05,0,Harsh Sun,165
B005047,2024-11-24,V013,singles,T0171,T0047,1,1,T0171,T0047,home,12,131.55,0,Glittering,1580
B005048,2025-09-06,V049,singles,T0035,T0065,1,1,T0065,T0035,away,12,67.14,0,Overcast,735
B005049,2025-09-03,V031,singles,T0162,T0118,1,1,T0118,T0162,away,7,73.01,0,Dusty,400
B005050,2024-06-11,V019,singles,T0093,T0095,1,1,T0093,T0095,home,12,78.26,0,Harsh Sun,1033
B005051,2025-11-06,V053,doubles,T0040,T0170,2,2,T0040,T0170,home,8,185.78,0,Rain,527
B005052,2024-07-06,V016,doubles,T0130,T0167,2,2,T0130,T0167,home,13,110.44,0,Clear,153
B005053,2025-12-09,V043,singles,T0022,T0106,1,1,T0106,T0022,away,14,142.85,0,Odd Aura,711
B005054,2025-09-11,V041,triples,T0035,T0138,3,3,T0035,T0138,home,12,341.62,0,Smog,593
B005055,2024-03-12,V044,singles,T0178,T0067,1,1,T0067,T0178,away,6,80.21,0,Odd Aura,1347
B005056,2025-05-19,V039,singles,T0035,T0079,1,1,T0079,T0035,away,8,43.81,0,Clear,703
B005057,2024-04-25,V043,singles,T0167,T0149,1,1,T0167,T0149,home,14,15.33,0,Odd Aura,1137
B005058,2025-10-02,V039,singles,T0103,T0163,1,1,T0163,T0103,away,14,182.08,0,Clear,674
B005059,2024-10-26,V017,singles,T0110,T0044,1,1,T0044,T0110,away,10,164.92,0,Clear,909
B005060,2024-12-08,V047,doubles,T0006,T0009,2,1,T0006,T0009,home,19,533.05,1,Sandstorm,430
B005061,2025-07-11,V001,doubles,T0111,T0015,2,2,T0015,T0111,away,9,219.13,0,Breezy,642
B005062,2026-02-18,V032,triples,T0104,T0124,3,3,T0124,T0104,away,12,135.21,0,Dusty,1432
B005063,2025-02-08,V019,singles,T0114,T0028,1,1,T0114,T0028,home,11,170.38,0,Harsh Sun,1232
B005064,2025-07-24,V024,doubles,T0136,T0007,2,2,T0136,T0007,home,17,420.65,1,Windy,813
B005065,2024-12-17,V022,doubles,T0164,T0142,2,2,T0142,T0164,away,9,589.09,0,Windy,987
B005066,2024-03-05,V013,triples,T0111,T0043,3,3,T0111,T0043,home,13,205.76,0,Glittering,1689
B005067,2025-09-22,V004,singles,T0036,T0115,1,1,T0036,T0115,home,11,123.17,0,Moonless,702
B005068,2025-08-01,V044,doubles,T0063,T0156,2,2,T0063,T0156,home,17,718.1,0,Odd Aura,1604
B005069,2026-01-26,V002,singles,T0083,T0034,1,1,T0034,T0083,away,4,48.09,0,Breezy,980
B005070,2025-08-02,V028,triples,T0155,T0081,3,3,T0155,T0081,home,20,466.89,0,Sunny,1004
B005071,2025-12-14,V013,doubles,T0057,T0119,2,2,T0057,T0119,home,17,278.99,0,Glittering,1777
B005072,2026-03-07,V039,doubles,T0051,T0095,2,2,T0051,T0095,home,11,215.68,0,Clear,630
B005073,2024-09-19,V011,doubles,T0139,T0048,2,2,T0139,T0048,home,11,254.22,0,Thunderstorm,143
B005074,2024-10-21,V035,doubles,T0071,T0166,2,2,T0166,T0071,away,12,34.36,0,Hail,351
B005075,2024-10-22,V020,singles,T0056,T0114,1,1,T0056,T0114,home,6,374.89,0,Harsh Sun,1720
B005076,2025-01-28,V036,singles,T0142,T0002,1,1,T0142,T0002,home,10,233.93,0,Hail,648
B005077,2025-09-10,V016,triples,T0098,T0046,3,3,T0098,T0046,home,15,319.23,0,Clear,157
B005078,2024-11-13,V004,singles,T0041,T0016,1,1,T0041,T0016,home,8,63.01,0,Moonless,641
B005079,2025-02-12,V015,singles,T0032,T0037,1,1,T0032,T0037,home,10,18.72,0,Glittering,177
B005080,2024-01-18,V024,triples,T0025,T0157,3,3,T0157,T0025,away,15,346.46,0,Windy,938
B005081,2024-02-10,V022,singles,T0164,T0077,1,1,T0077,T0164,away,11,25.87,0,Windy,880
B005082,2025-01-06,V047,singles,T0094,T0077,1,1,T0077,T0094,away,7,50.55,0,Sandstorm,293
B005083,2025-12-02,V053,singles,T0018,T0019,1,1,T0018,T0019,home,13,79.43,0,Rain,495
B005084,2024-09-24,V040,singles,T0099,T0140,1,1,T0099,T0140,home,12,415.54,0,Smog,250
B005085,2024-08-11,V020,triples,T0078,T0031,3,3,T0031,T0078,away,15,381.44,0,Harsh Sun,1701
B005086,2024-10-18,V006,doubles,T0045,T0035,2,2,T0045,T0035,home,11,152.03,0,Moonless,303
B005087,2024-07-19,V026,singles,T0007,T0098,1,1,T0007,T0098,home,4,195.35,0,Fog,630
B005088,2025-06-17,V028,doubles,T0162,T0174,2,3,T0174,T0162,away,16,39.0,0,Sunny,835
B005089,2024-02-25,V016,singles,T0119,T0039,1,1,T0119,T0039,home,8,70.43,0,Clear,190
B005090,2025-07-20,V021,singles,T0061,T0034,1,1,T0034,T0061,away,8,26.51,0,Harsh Sun,215
B005091,2025-01-05,V051,singles,T0060,T0053,1,1,T0053,T0060,away,6,223.42,0,Overcast,410
B005092,2026-01-06,V011,triples,T0129,T0136,3,3,T0136,T0129,away,14,16.44,0,Thunderstorm,167
B005093,2024-05-10,V016,singles,T0102,T0055,1,1,T0055,T0102,away,13,131.88,0,Clear,162
B005094,2024-03-22,V028,singles,T0137,T0026,1,1,T0026,T0137,away,6,135.84,0,Sunny,812
B005095,2026-03-25,V008,triples,T0115,T0140,3,3,T0115,T0140,home,16,260.4,0,High Winds,260
B005096,2026-01-02,V029,doubles,T0085,T0070,2,2,T0085,T0070,home,13,453.84,0,Sunny,396
B005097,2024-07-11,V045,singles,T0009,T0062,1,1,T0062,T0009,away,7,230.56,0,Odd Aura,586
B005098,2025-01-22,V025,doubles,T0001,T0161,2,2,T0161,T0001,away,16,312.71,0,Fog,1216
B005099,2024-09-09,V012,doubles,T0173,T0049,2,2,T0049,T0173,away,15,66.41,0,Thunderstorm,822
B005100,2024-01-27,V031,singles,T0060,T0067,1,1,T0067,T0060,away,11,146.3,0,Dusty,350
B005101,2024-10-28,V028,triples,T0117,T0133,3,3,T0117,T0133,home,12,426.94,0,Sunny,950
B005102,2024-09-19,V012,doubles,T0168,T0091,2,2,T0091,T0168,away,10,232.02,0,Thunderstorm,1002
B005103,2025-03-11,V030,triples,T0078,T0180,3,2,T0078,T0180,home,15,577.04,0,Sunny,696
B005104,2026-02-18,V013,triples,T0145,T0137,3,3,T0145,T0137,home,17,296.17,0,Glittering,1597
B005105,2024-12-25,V046,doubles,T0166,T0018,2,2,T0166,T0018,home,12,214.75,0,Sandstorm,439
B005106,2025-07-30,V050,doubles,T0100,T0109,2,2,T0100,T0109,home,8,356.86,0,Overcast,244
B005107,2025-07-02,V003,singles,T0077,T0016,1,1,T0077,T0016,home,9,262.96,0,Breezy,500
B005108,2025-08-20,V040,singles,T0116,T0138,1,1,T0116,T0138,home,6,145.76,0,Smog,244
B005109,2025-11-25,V010,doubles,T0159,T0117,2,2,T0117,T0159,away,9,192.57,0,Thunderstorm,595
B005110,2025-06-05,V018,singles,T0055,T0045,1,1,T0045,T0055,away,11,251.12,0,Clear,1379
B005111,2026-01-01,V005,doubles,T0124,T0141,2,2,T0141,T0124,away,10,59.83,0,Moonless,1130
B005112,2024-04-24,V029,singles,T0088,T0041,1,1,T0041,T0088,away,8,10.48,0,Sunny,551
B005113,2025-04-25,V054,doubles,T0138,T0076,2,2,T0076,T0138,away,14,363.99,0,Rain,567
B005114,2025-01-27,V050,singles,T0155,T0113,1,1,T0155,T0113,home,4,190.01,0,Overcast,136
B005115,2025-05-16,V026,singles,T0034,T0096,1,1,T0096,T0034,away,13,114.17,0,Fog,704
B005116,2025-02-23,V004,doubles,T0142,T0092,2,2,T0092,T0142,away,11,81.55,0,Moonless,554
B005117,2025-03-19,V054,doubles,T0170,T0112,2,2,T0112,T0170,away,10,67.84,0,Rain,536
B005118,2024-09-10,V039,singles,T0033,T0140,1,1,T0033,T0140,home,11,208.55,0,Clear,499
B005119,2025-02-08,V006,doubles,T0131,T0095,2,2,T0131,T0095,home,12,261.35,0,Moonless,562
B005120,2024-09-24,V021,triples,T0117,T0109,3,3,T0117,T0109,home,24,630.82,0,Harsh Sun,287
B005121,2025-12-13,V053,singles,T0178,T0102,1,1,T0178,T0102,home,10,130.77,0,Rain,460
B005122,2025-12-16,V032,singles,T0045,T0120,1,1,T0045,T0120,home,13,402.89,0,Dusty,1242
B005123,2024-07-09,V052,triples,T0144,T0134,3,3,T0144,T0134,home,21,161.98,1,Rain,498
B005124,2024-09-10,V049,doubles,T0170,T0103,2,2,T0170,T0103,home,16,143.88,1,Overcast,673
B005125,2024-06-26,V047,doubles,T0132,T0001,2,2,T0132,T0001,home,12,76.12,0,Sandstorm,350
B005126,2026-01-11,V038,singles,T0109,T0020,1,1,T0020,T0109,away,11,12.55,0,Clear,1029
B005127,2025-03-03,V042,triples,T0105,T0002,3,3,T0002,T0105,away,17,118.95,0,Smog,850
B005128,2024-12-24,V047,doubles,T0036,T0043,2,2,T0036,T0043,home,9,83.06,0,Sandstorm,390
B005129,2026-02-27,V006,doubles,T0047,T0052,2,2,T0052,T0047,away,10,462.93,0,Moonless,355
B005130,2024-05-05,V024,singles,T0131,T0085,1,1,T0131,T0085,home,7,530.83,0,Windy,839
B005131,2025-11-28,V044,singles,T0131,T0100,1,1,T0131,T0100,home,10,161.13,0,Odd Aura,1610
B005132,2024-08-04,V046,triples,T0130,T0117,3,3,T0130,T0117,home,24,197.76,1,Sandstorm,358
B005133,2024-09-12,V020,singles,T0001,T0169,1,1,T0001,T0169,home,9,96.82,0,Harsh Sun,1657
B005134,2026-01-29,V002,doubles,T0148,T0110,2,1,T0148,T0110,home,14,613.4,0,Breezy,996
B005135,2025-07-21,V049,doubles,T0002,T0004,2,2,T0002,T0004,home,14,496.66,0,Overcast,723
B005136,2024-02-11,V031,triples,T0027,T0157,3,3,T0157,T0027,away,22,326.01,1,Dusty,476
B005137,2025-02-07,V014,singles,T0133,T0050,1,1,T0133,T0050,home,8,217.97,0,Glittering,2036
B005138,2025-09-08,V004,triples,T0036,T0031,3,3,T0036,T0031,home,24,566.83,1,Moonless,789
B005139,2024-03-05,V025,triples,T0112,T0027,3,3,T0112,T0027,home,13,252.15,0,Fog,1097
B005140,2026-03-23,V023,singles,T0125,T0148,1,1,T0148,T0125,away,7,44.05,0,Windy,1204
B005141,2024-04-12,V002,singles,T0156,T0051,1,1,T0051,T0156,away,13,396.46,0,Breezy,1060
B005142,2024-06-09,V024,singles,T0170,T0140,1,1,T0170,T0140,home,9,343.65,0,Windy,1034
B005143,2025-11-08,V051,doubles,T0036,T0007,2,2,T0007,T0036,away,11,239.6,0,Overcast,395
B005144,2024-09-25,V013,doubles,T0032,T0082,2,2,T0032,T0082,home,17,197.85,0,Glittering,1856
B005145,2026-01-13,V048,singles,T0154,T0039,1,1,T0039,T0154,away,11,77.13,0,Sandstorm,1817
B005146,2024-02-04,V051,singles,T0011,T0051,1,1,T0051,T0011,away,10,174.76,0,Overcast,560
B005147,2025-07-10,V016,singles,T0056,T0044,1,1,T0044,T0056,away,7,55.58,0,Clear,182
B005148,2024-03-07,V023,doubles,T0048,T0102,2,2,T0048,T0102,home,7,105.14,0,Windy,1310
B005149,2025-05-21,V051,singles,T0043,T0092,1,1,T0092,T0043,away,11,41.57,0,Overcast,490
B005150,2024-06-19,V006,doubles,T0004,T0017,2,2,T0004,T0017,home,11,216.05,0,Moonless,368
B005151,2025-03-23,V036,singles,T0151,T0029,1,1,T0151,T0029,home,7,364.31,0,Hail,806
B005152,2025-04-01,V014,singles,T0108,T0118,1,1,T0108,T0118,home,14,75.49,0,Glittering,1494
B005153,2025-06-16,V011,singles,T0075,T0040,1,1,T0075,T0040,home,12,43.37,0,Thunderstorm,119
B005154,2024-05-31,V049,singles,T0024,T0154,1,1,T0024,T0154,home,11,256.46,0,Overcast,772
B005155,2025-06-03,V027,triples,T0107,T0146,3,3,T0107,T0146,home,9,117.48,0,Fog,685
B005156,2026-01-08,V037,singles,T0069,T0036,1,1,T0069,T0036,home,11,53.16,0,Clear,1290
B005157,2024-12-28,V017,singles,T0047,T0091,1,1,T0047,T0091,home,10,61.79,0,Clear,749
B005158,2026-01-02,V023,singles,T0058,T0102,1,1,T0102,T0058,away,7,51.12,0,Windy,1087
B005159,2025-09-11,V010,singles,T0046,T0082,1,1,T0046,T0082,home,11,120.53,0,Thunderstorm,614
B005160,2025-02-11,V006,doubles,T0167,T0042,2,2,T0167,T0042,home,19,190.58,1,Moonless,514
B005161,2026-03-20,V004,triples,T0082,T0156,3,3,T0082,T0156,home,10,533.06,0,Moonless,840
B005162,2024-06-18,V024,doubles,T0106,T0033,2,2,T0033,T0106,away,22,102.64,1,Windy,1033
B005163,2025-12-30,V021,singles,T0175,T0016,1,1,T0016,T0175,away,15,126.5,0,Harsh Sun,250
B005164,2025-08-28,V020,doubles,T0075,T0155,2,2,T0155,T0075,away,8,157.13,0,Harsh Sun,1731
B005165,2024-09-08,V002,doubles,T0120,T0119,2,2,T0119,T0120,away,15,373.5,0,Breezy,1020
B005166,2026-02-14,V052,singles,T0084,T0063,1,1,T0063,T0084,away,15,77.79,0,Rain,682
B005167,2026-03-26,V052,doubles,T0005,T0018,2,2,T0005,T0018,home,11,152.13,0,Rain,758
B005168,2025-06-30,V019,triples,T0115,T0148,3,3,T0148,T0115,away,15,197.17,0,Harsh Sun,1070
B005169,2024-05-11,V050,singles,T0160,T0119,1,1,T0119,T0160,away,8,137.92,0,Overcast,200
B005170,2026-03-23,V001,doubles,T0043,T0025,2,2,T0043,T0025,home,17,235.72,0,Breezy,712
B005171,2025-06-21,V047,doubles,T0030,T0035,2,2,T0030,T0035,home,12,17.7,0,Sandstorm,353
B005172,2024-03-30,V026,doubles,T0074,T0041,2,2,T0041,T0074,away,13,35.12,0,Fog,691
B005173,2026-02-03,V040,doubles,T0058,T0068,2,2,T0058,T0068,home,11,380.79,0,Smog,271
B005174,2025-08-29,V034,doubles,T0143,T0044,2,2,T0143,T0044,home,16,113.32,0,Hail,1303
B005175,2024-07-20,V010,doubles,T0095,T0015,2,2,T0015,T0095,away,12,191.47,0,Thunderstorm,282
B005176,2024-03-06,V034,singles,T0166,T0011,1,1,T0011,T0166,away,10,193.67,0,Hail,1546
B005177,2024-06-28,V012,singles,T0063,T0073,1,1,T0063,T0073,home,9,143.7,0,Thunderstorm,917
B005178,2025-03-06,V004,triples,T0095,T0080,3,3,T0095,T0080,home,10,422.33,0,Moonless,569
B005179,2024-03-14,V007,doubles,T0151,T0074,2,2,T0151,T0074,home,12,308.51,0,High Winds,1548
B005180,2025-08-23,V009,singles,T0069,T0162,1,1,T0069,T0162,home,20,152.67,0,High Winds,1860
B005181,2024-04-17,V047,singles,T0007,T0005,1,2,T0005,T0007,away,13,783.58,0,Sandstorm,256
B005182,2025-08-17,V048,doubles,T0073,T0052,2,2,T0073,T0052,home,9,229.05,0,Sandstorm,2120
B005183,2024-10-28,V044,triples,T0112,T0060,3,3,T0060,T0112,away,14,388.78,0,Odd Aura,1469
B005184,2024-08-30,V035,singles,T0005,T0152,1,1,T0152,T0005,away,13,74.33,0,Hail,337
B005185,2024-06-02,V030,singles,T0155,T0093,1,1,T0093,T0155,away,7,14.06,0,Sunny,886
B005186,2024-05-15,V043,singles,T0001,T0127,1,1,T0001,T0127,home,10,318.55,0,Odd Aura,1256
B005187,2024-12-06,V021,singles,T0004,T0074,1,2,T0074,T0004,away,8,400.77,0,Harsh Sun,240
B005188,2025-11-03,V048,doubles,T0119,T0101,2,2,T0119,T0101,home,15,264.05,0,Sandstorm,2060
B005189,2024-01-27,V054,singles,T0133,T0059,1,1,T0059,T0133,away,15,181.87,0,Rain,585
B005190,2024-03-10,V050,singles,T0170,T0147,1,1,T0147,T0170,away,13,4.9,0,Overcast,134
B005191,2024-05-25,V020,doubles,T0016,T0064,2,2,T0016,T0064,home,15,512.61,0,Harsh Sun,1400
B005192,2025-07-10,V006,singles,T0153,T0057,1,1,T0057,T0153,away,10,1.21,0,Moonless,349
B005193,2024-04-15,V038,singles,T0109,T0063,1,1,T0109,T0063,home,10,166.9,0,Clear,738
B005194,2024-03-22,V005,doubles,T0152,T0074,2,2,T0152,T0074,home,13,132.21,0,Moonless,1115
B005195,2025-05-05,V007,triples,T0061,T0176,3,3,T0061,T0176,home,17,69.68,0,High Winds,1295
B005196,2024-05-30,V043,doubles,T0170,T0169,2,2,T0169,T0170,away,7,32.09,0,Odd Aura,1133
B005197,2024-01-29,V047,doubles,T0045,T0138,2,2,T0045,T0138,home,13,204.59,0,Sandstorm,256
B005198,2025-11-30,V051,doubles,T0096,T0138,2,2,T0096,T0138,home,17,87.78,1,Overcast,337
B005199,2025-03-13,V043,doubles,T0041,T0040,2,2,T0041,T0040,home,9,187.46,0,Odd Aura,1024
B005200,2025-11-10,V011,singles,T0046,T0125,1,1,T0125,T0046,away,11,131.76,0,Thunderstorm,183
B005201,2025-06-06,V025,triples,T0173,T0046,3,2,T0173,T0046,home,24,617.91,1,Fog,1312
B005202,2025-05-01,V027,doubles,T0088,T0149,2,1,T0088,T0149,home,8,685.05,0,Fog,652
B005203,2025-09-05,V014,singles,T0029,T0090,1,1,T0090,T0029,away,9,63.15,0,Glittering,1737
B005204,2025-10-01,V049,doubles,T0073,T0180,2,2,T0180,T0073,away,11,111.87,0,Overcast,678
B005205,2025-09-21,V027,singles,T0173,T0153,1,1,T0173,T0153,home,10,164.0,0,Fog,792
B005206,2025-11-19,V043,doubles,T0123,T0056,2,2,T0123,T0056,home,10,167.75,0,Odd Aura,1603
B005207,2024-03-14,V018,doubles,T0162,T0101,2,2,T0162,T0101,home,9,535.38,0,Clear,1315
B005208,2026-03-19,V029,singles,T0078,T0002,1,1,T0002,T0078,away,9,141.47,0,Sunny,486
B005209,2025-08-26,V033,doubles,T0158,T0141,2,2,T0141,T0158,away,19,35.98,1,Dusty,1837
B005210,2025-09-30,V051,triples,T0126,T0130,3,3,T0130,T0126,away,13,316.87,0,Overcast,547
B005211,2025-09-01,V010,doubles,T0006,T0130,2,2,T0130,T0006,away,10,355.43,0,Thunderstorm,420
B005212,2024-03-17,V002,triples,T0042,T0108,3,3,T0108,T0042,away,23,618.14,1,Breezy,1104
B005213,2024-09-27,V023,singles,T0083,T0010,1,1,T0083,T0010,home,7,171.72,0,Windy,1205
B005214,2024-01-12,V023,doubles,T0090,T0131,2,2,T0131,T0090,away,12,398.32,0,Windy,1067
B005215,2026-01-08,V044,singles,T0142,T0153,1,1,T0153,T0142,away,17,241.48,0,Odd Aura,1594
B005216,2025-03-02,V043,singles,T0165,T0124,1,1,T0124,T0165,away,13,142.06,0,Odd Aura,1030
B005217,2025-03-03,V048,singles,T0119,T0067,1,1,T0119,T0067,home,10,45.36,0,Sandstorm,2397
B005218,2024-10-13,V043,singles,T0164,T0027,1,1,T0164,T0027,home,8,179.35,0,Odd Aura,1142
B005219,2025-11-11,V014,doubles,T0038,T0009,2,2,T0009,T0038,away,10,199.56,0,Glittering,1169
B005220,2024-12-07,V043,singles,T0155,T0160,1,1,T0155,T0160,home,12,204.88,0,Odd Aura,1545
B005221,2024-08-09,V004,doubles,T0031,T0151,2,3,T0151,T0031,away,18,694.32,1,Moonless,936
B005222,2026-03-17,V038,triples,T0008,T0107,3,3,T0008,T0107,home,14,76.46,0,Clear,925
B005223,2024-05-20,V009,singles,T0116,T0129,1,1,T0129,T0116,away,10,69.31,0,High Winds,2279
B005224,2026-03-15,V047,doubles,T0088,T0162,2,2,T0088,T0162,home,5,79.2,0,Sandstorm,304
B005225,2024-01-16,V023,doubles,T0034,T0046,2,2,T0034,T0046,home,13,197.9,0,Windy,1232
B005226,2024-03-04,V028,singles,T0091,T0139,1,1,T0091,T0139,home,10,103.15,0,Sunny,791
B005227,2024-08-07,V019,singles,T0088,T0008,1,1,T0088,T0008,home,11,135.68,0,Harsh Sun,898
B005228,2025-07-11,V006,singles,T0023,T0066,1,1,T0066,T0023,away,9,341.57,0,Moonless,478
B005229,2026-03-22,V040,doubles,T0009,T0155,2,2,T0155,T0009,away,13,114.44,0,Smog,181
B005230,2025-08-30,V032,singles,T0065,T0024,1,1,T0065,T0024,home,6,101.28,0,Dusty,1450
B005231,2024-11-13,V052,doubles,T0134,T0088,2,2,T0088,T0134,away,23,97.55,1,Rain,896
B005232,2024-04-06,V048,singles,T0159,T0114,1,1,T0159,T0114,home,10,368.25,0,Sandstorm,2195
B005233,2024-09-23,V021,triples,T0069,T0163,3,3,T0163,T0069,away,12,82.06,0,Harsh Sun,205
B005234,2026-03-21,V026,triples,T0043,T0079,3,3,T0043,T0079,home,9,380.96,0,Fog,635
B005235,2025-10-29,V054,doubles,T0145,T0048,2,2,T0048,T0145,away,16,309.87,0,Rain,609
B005236,2025-05-17,V041,singles,T0133,T0136,1,1,T0136,T0133,away,6,7.81,0,Smog,432
B005237,2025-02-02,V032,doubles,T0103,T0039,2,2,T0039,T0103,away,14,84.5,0,Dusty,1156
B005238,2024-05-28,V041,doubles,T0145,T0006,2,2,T0145,T0006,home,9,255.4,0,Smog,593
B005239,2025-10-13,V033,triples,T0060,T0108,3,3,T0060,T0108,home,24,266.22,1,Dusty,1931
B005240,2025-09-19,V038,triples,T0168,T0161,3,3,T0161,T0168,away,18,335.61,0,Clear,788
B005241,2024-03-23,V049,triples,T0121,T0003,3,3,T0121,T0003,home,24,332.07,1,Overcast,623
B005242,2026-02-07,V026,triples,T0116,T0106,3,3,T0116,T0106,home,18,42.62,0,Fog,755
B005243,2024-04-08,V049,doubles,T0167,T0025,2,2,T0025,T0167,away,9,162.56,0,Overcast,796
B005244,2024-02-20,V003,singles,T0167,T0145,1,1,T0167,T0145,home,13,1.68,0,Breezy,552
B005245,2026-03-19,V016,triples,T0131,T0006,3,3,T0131,T0006,home,17,100.59,0,Clear,150
B005246,2025-08-13,V054,doubles,T0034,T0147,2,2,T0034,T0147,home,20,74.08,0,Rain,507
B005247,2024-12-25,V044,triples,T0048,T0155,3,3,T0155,T0048,away,24,330.35,1,Odd Aura,1507
B005248,2025-12-21,V040,doubles,T0112,T0094,2,2,T0112,T0094,home,10,530.83,0,Smog,219
B005249,2024-03-12,V008,triples,T0166,T0046,3,3,T0166,T0046,home,12,235.86,0,High Winds,359
B005250,2024-09-20,V001,singles,T0106,T0075,1,1,T0106,T0075,home,17,256.11,0,Breezy,767
B005251,2024-08-04,V028,doubles,T0140,T0008,2,2,T0008,T0140,away,24,34.23,1,Sunny,1108
B005252,2026-02-27,V026,singles,T0139,T0049,1,1,T0139,T0049,home,9,33.68,0,Fog,614
B005253,2024-06-06,V034,singles,T0026,T0119,1,1,T0026,T0119,home,7,1.54,0,Hail,1353
B005254,2026-01-07,V007,doubles,T0115,T0074,2,2,T0115,T0074,home,18,200.91,0,High Winds,1182
B005255,2026-01-03,V020,triples,T0016,T0079,3,3,T0079,T0016,away,19,92.66,1,Harsh Sun,1650
B005256,2024-07-22,V010,doubles,T0060,T0016,2,2,T0060,T0016,home,11,390.05,0,Thunderstorm,499
B005257,2024-06-15,V016,singles,T0067,T0066,1,1,T0066,T0067,away,15,245.57,0,Clear,232
B005258,2024-12-02,V037,singles,T0117,T0014,1,1,T0117,T0014,home,16,192.93,0,Clear,1135
B005259,2025-10-18,V047,triples,T0105,T0118,3,3,T0118,T0105,away,22,245.09,0,Sandstorm,277
B005260,2025-03-02,V029,singles,T0098,T0148,1,1,T0148,T0098,away,11,101.13,0,Sunny,568
B005261,2025-11-15,V052,singles,T0040,T0174,1,1,T0174,T0040,away,4,355.23,0,Rain,828
B005262,2024-02-17,V032,singles,T0152,T0045,1,1,T0152,T0045,home,6,47.75,0,Dusty,1250
B005263,2024-01-07,V033,doubles,T0175,T0060,2,2,T0060,T0175,away,20,316.08,1,Dusty,1411
B005264,2024-12-30,V004,doubles,T0025,T0155,2,2,T0025,T0155,home,11,267.43,0,Moonless,1032
B005265,2024-02-02,V032,doubles,T0104,T0177,2,2,T0104,T0177,home,12,215.71,0,Dusty,1123
B005266,2025-01-15,V038,doubles,T0133,T0069,2,2,T0069,T0133,away,10,68.07,0,Clear,849
B005267,2025-02-23,V040,singles,T0033,T0144,1,1,T0144,T0033,away,10,129.37,0,Smog,290
B005268,2024-09-30,V008,singles,T0074,T0053,1,1,T0053,T0074,away,11,31.55,0,High Winds,286
B005269,2024-03-29,V019,doubles,T0177,T0010,2,2,T0177,T0010,home,14,231.22,0,Harsh Sun,1285
B005270,2026-02-04,V010,doubles,T0006,T0027,2,2,T0006,T0027,home,14,37.97,0,Thunderstorm,559
B005271,2024-09-06,V034,doubles,T0033,T0153,2,2,T0033,T0153,home,15,10.37,1,Hail,1181
B005272,2025-09-09,V053,doubles,T0136,T0020,2,2,T0020,T0136,away,11,276.86,0,Rain,430
B005273,2024-08-07,V015,triples,T0036,T0180,3,3,T0036,T0180,home,10,113.3,0,Glittering,216
B005274,2025-05-25,V043,doubles,T0034,T0114,2,2,T0034,T0114,home,10,410.38,0,Odd Aura,1107
B005275,2024-12-05,V039,singles,T0066,T0083,1,1,T0066,T0083,home,7,10.72,0,Clear,564
B005276,2025-03-27,V011,doubles,T0101,T0012,2,3,T0012,T0101,away,8,211.74,0,Thunderstorm,174
B005277,2024-01-28,V004,triples,T0123,T0105,3,3,T0123,T0105,home,14,664.04,0,Moonless,780
B005278,2024-03-25,V004,doubles,T0081,T0050,2,2,T0081,T0050,home,19,46.22,1,Moonless,668
B005279,2025-01-18,V036,singles,T0167,T0008,1,1,T0008,T0167,away,6,17.25,0,Hail,936
B005280,2024-06-04,V054,triples,T0109,T0077,3,3,T0077,T0109,away,13,98.57,0,Rain,521
B005281,2024-07-05,V024,singles,T0169,T0114,1,1,T0114,T0169,away,6,82.84,0,Windy,968
B005282,2024-11-06,V038,doubles,T0086,T0037,2,2,T0037,T0086,away,19,43.48,1,Clear,694
B005283,2025-08-22,V017,singles,T0040,T0129,1,1,T0040,T0129,home,9,11.25,0,Clear,503
B005284,2026-03-15,V033,singles,T0155,T0085,1,1,T0085,T0155,away,5,138.75,0,Dusty,1501
B005285,2025-05-22,V036,doubles,T0148,T0132,2,2,T0148,T0132,home,13,183.05,0,Hail,641
B005286,2024-05-15,V036,singles,T0050,T0006,1,1,T0050,T0006,home,8,229.23,0,Hail,787
B005287,2024-02-02,V009,doubles,T0166,T0103,2,2,T0103,T0166,away,12,134.39,0,High Winds,1886
B005288,2025-10-24,V005,doubles,T0029,T0075,2,2,T0029,T0075,home,16,283.48,0,Moonless,984
B005289,2024-11-09,V006,triples,T0004,T0011,3,3,T0004,T0011,home,11,93.97,0,Moonless,331
B005290,2025-05-18,V010,triples,T0146,T0125,3,3,T0146,T0125,home,14,204.43,0,Thunderstorm,585
B005291,2025-06-27,V029,doubles,T0135,T0131,2,2,T0135,T0131,home,13,168.97,0,Sunny,405
B005292,2024-07-07,V034,doubles,T0032,T0050,2,2,T0050,T0032,away,18,318.85,0,Hail,1482
B005293,2025-10-30,V015,doubles,T0012,T0152,2,2,T0152,T0012,away,18,282.78,0,Glittering,153
B005294,2024-11-21,V034,doubles,T0158,T0078,2,1,T0158,T0078,home,12,304.94,0,Hail,1369
B005295,2025-11-03,V015,doubles,T0111,T0103,2,2,T0103,T0111,away,11,172.67,0,Glittering,141
B005296,2024-05-08,V043,singles,T0020,T0144,1,1,T0144,T0020,away,4,35.04,0,Odd Aura,959
B005297,2024-01-06,V033,doubles,T0014,T0034,2,2,T0034,T0014,away,5,650.92,0,Dusty,1637
B005298,2024-06-06,V024,singles,T0009,T0017,1,1,T0009,T0017,home,9,80.92,0,Windy,931
B005299,2025-01-24,V050,doubles,T0164,T0141,2,2,T0164,T0141,home,7,300.7,0,Overcast,182
B005300,2025-02-02,V047,doubles,T0121,T0080,2,2,T0121,T0080,home,13,277.06,1,Sandstorm,553
B005301,2025-11-13,V052,doubles,T0179,T0063,2,2,T0063,T0179,away,16,101.92,0,Rain,806
B005302,2025-01-24,V032,triples,T0027,T0098,3,3,T0098,T0027,away,21,52.56,0,Dusty,1048
B005303,2024-03-25,V035,triples,T0168,T0118,3,3,T0118,T0168,away,11,136.06,0,Hail,355
B005304,2024-04-16,V017,doubles,T0099,T0088,2,2,T0088,T0099,away,15,348.48,0,Clear,660
B005305,2024-05-16,V027,doubles,T0043,T0005,2,2,T0005,T0043,away,10,88.66,1,Fog,715
B005306,2024-04-09,V051,singles,T0043,T0050,1,1,T0043,T0050,home,10,104.37,0,Overcast,429
B005307,2024-09-25,V008,triples,T0120,T0079,3,3,T0079,T0120,away,12,646.42,0,High Winds,316
B005308,2025-07-15,V037,singles,T0113,T0065,1,1,T0113,T0065,home,11,55.12,0,Clear,1025
B005309,2025-03-15,V015,doubles,T0115,T0058,2,2,T0058,T0115,away,21,112.11,1,Glittering,108
B005310,2025-05-28,V020,singles,T0151,T0009,1,1,T0009,T0151,away,13,87.49,0,Harsh Sun,1394
B005311,2025-09-09,V046,singles,T0126,T0063,1,2,T0063,T0126,away,10,242.56,0,Sandstorm,365
B005312,2025-11-14,V039,singles,T0084,T0006,1,1,T0084,T0006,home,9,301.5,0,Clear,885
B005313,2026-01-11,V021,doubles,T0171,T0112,2,2,T0112,T0171,away,8,279.43,0,Harsh Sun,300
B005314,2026-03-30,V029,singles,T0039,T0157,1,1,T0157,T0039,away,7,196.22,0,Sunny,516
B005315,2024-04-02,V014,singles,T0060,T0068,1,1,T0060,T0068,home,10,331.9,0,Glittering,1763
B005316,2025-12-28,V017,doubles,T0121,T0092,2,2,T0121,T0092,home,11,132.99,0,Clear,520
B005317,2024-12-23,V048,triples,T0152,T0078,3,3,T0078,T0152,away,20,146.79,1,Sandstorm,2066
B005318,2025-10-10,V005,singles,T0048,T0077,1,1,T0048,T0077,home,15,204.37,0,Moonless,1114
B005319,2025-01-10,V029,triples,T0036,T0056,3,3,T0036,T0056,home,15,647.61,0,Sunny,501
B005320,2025-03-28,V054,doubles,T0050,T0149,2,2,T0050,T0149,home,10,114.71,0,Rain,606
B005321,2024-09-25,V033,singles,T0049,T0139,1,2,T0139,T0049,away,9,658.48,0,Dusty,1520
B005322,2025-06-13,V044,doubles,T0043,T0171,2,2,T0171,T0043,away,14,392.56,0,Odd Aura,1505
B005323,2025-05-17,V047,triples,T0112,T0081,3,3,T0112,T0081,home,17,106.47,0,Sandstorm,334
B005324,2025-04-27,V030,singles,T0170,T0148,1,1,T0170,T0148,home,12,47.99,0,Sunny,649
B005325,2024-04-15,V044,doubles,T0054,T0089,2,2,T0089,T0054,away,10,24.5,0,Odd Aura,1591
B005326,2024-05-10,V007,triples,T0166,T0047,3,3,T0047,T0166,away,12,269.45,0,High Winds,1365
B005327,2024-07-02,V025,singles,T0144,T0160,1,1,T0144,T0160,home,11,210.37,0,Fog,1456
B005328,2024-03-11,V016,singles,T0020,T0070,1,1,T0070,T0020,away,6,2.12,0,Clear,178
B005329,2025-01-12,V027,singles,T0160,T0078,1,1,T0160,T0078,home,9,58.78,0,Fog,741
B005330,2024-12-30,V025,singles,T0050,T0143,1,1,T0050,T0143,home,8,232.3,0,Fog,1071
B005331,2024-11-20,V046,triples,T0170,T0117,3,3,T0170,T0117,home,14,151.42,0,Sandstorm,396
B005332,2024-08-03,V042,triples,T0065,T0152,3,3,T0065,T0152,home,17,4.62,0,Smog,593
B005333,2025-11-24,V029,doubles,T0166,T0060,2,2,T0166,T0060,home,7,448.04,0,Sunny,491
B005334,2025-01-22,V035,doubles,T0005,T0070,2,2,T0005,T0070,home,12,104.81,0,Hail,297
B005335,2025-05-12,V031,singles,T0153,T0083,1,1,T0083,T0153,away,11,105.87,0,Dusty,459
B005336,2024-04-22,V001,doubles,T0140,T0148,2,2,T0148,T0140,away,14,272.93,0,Breezy,762
B005337,2026-03-30,V031,triples,T0022,T0056,3,3,T0022,T0056,home,22,86.59,1,Dusty,446
B005338,2024-06-05,V006,singles,T0058,T0042,1,1,T0058,T0042,home,9,157.17,0,Moonless,353
B005339,2025-03-01,V020,doubles,T0177,T0011,2,2,T0011,T0177,away,10,6.17,0,Harsh Sun,1802
B005340,2026-03-28,V052,doubles,T0179,T0143,2,2,T0143,T0179,away,9,65.49,0,Rain,787
B005341,2025-06-12,V026,singles,T0071,T0025,1,1,T0071,T0025,home,12,111.77,0,Fog,664
B005342,2025-01-23,V037,triples,T0004,T0126,3,3,T0126,T0004,away,13,457.9,0,Clear,1005
B005343,2025-08-29,V047,triples,T0052,T0125,3,3,T0052,T0125,home,21,226.2,1,Sandstorm,261
B005344,2024-09-05,V006,singles,T0004,T0047,1,2,T0047,T0004,away,8,246.87,0,Moonless,604
B005345,2026-03-22,V021,doubles,T0031,T0110,2,2,T0110,T0031,away,12,64.05,0,Harsh Sun,188
B005346,2024-12-22,V036,singles,T0037,T0023,1,2,T0023,T0037,away,13,162.27,0,Hail,736
B005347,2024-12-21,V046,doubles,T0051,T0108,2,2,T0108,T0051,away,11,83.62,0,Sandstorm,551
B005348,2026-03-14,V028,triples,T0153,T0063,3,3,T0063,T0153,away,24,199.81,1,Sunny,946
B005349,2025-10-15,V019,doubles,T0054,T0008,2,2,T0008,T0054,away,12,49.51,0,Harsh Sun,795
B005350,2024-02-19,V024,singles,T0119,T0160,1,1,T0119,T0160,home,11,200.86,0,Windy,896
B005351,2025-07-05,V052,doubles,T0026,T0111,2,2,T0111,T0026,away,12,35.76,0,Rain,585
B005352,2025-03-04,V054,triples,T0083,T0094,3,3,T0083,T0094,home,17,33.7,0,Rain,568
B005353,2025-12-17,V012,doubles,T0133,T0017,2,2,T0017,T0133,away,10,210.89,0,Thunderstorm,1052
B005354,2025-02-01,V022,triples,T0164,T0153,3,3,T0153,T0164,away,10,70.81,0,Windy,1068
B005355,2025-08-28,V014,triples,T0004,T0102,3,3,T0102,T0004,away,13,108.38,0,Glittering,1788
B005356,2024-04-10,V002,singles,T0040,T0118,1,1,T0118,T0040,away,11,90.99,0,Breezy,1353
B005357,2024-08-08,V003,doubles,T0094,T0110,2,2,T0094,T0110,home,15,275.62,0,Breezy,448
B005358,2024-02-15,V017,doubles,T0153,T0154,2,2,T0153,T0154,home,9,495.51,0,Clear,693
B005359,2024-10-10,V002,doubles,T0066,T0019,2,2,T0066,T0019,home,10,407.56,0,Breezy,1067
B005360,2025-07-27,V034,doubles,T0059,T0114,2,2,T0059,T0114,home,11,48.96,0,Hail,1591
B005361,2024-06-27,V051,singles,T0047,T0086,1,1,T0086,T0047,away,11,135.11,0,Overcast,506
B005362,2025-11-26,V033,triples,T0017,T0148,3,3,T0148,T0017,away,11,431.9,0,Dusty,1793
B005363,2026-03-31,V047,doubles,T0036,T0044,2,2,T0044,T0036,away,23,318.84,1,Sandstorm,304
B005364,2025-10-09,V039,triples,T0057,T0011,3,3,T0057,T0011,home,12,434.03,0,Clear,765
B005365,2024-05-21,V043,doubles,T0156,T0082,2,2,T0156,T0082,home,9,3.1,0,Odd Aura,499
B005366,2025-05-03,V017,singles,T0113,T0004,1,1,T0113,T0004,home,7,257.32,0,Clear,581
B005367,2025-06-03,V039,triples,T0068,T0088,3,3,T0088,T0068,away,10,274.23,0,Clear,591
B005368,2024-11-26,V002,doubles,T0164,T0055,2,2,T0164,T0055,home,7,92.39,0,Breezy,1158
B005369,2025-12-06,V012,doubles,T0148,T0038,2,2,T0038,T0148,away,9,127.81,0,Thunderstorm,1038
B005370,2024-02-20,V039,singles,T0130,T0105,1,1,T0130,T0105,home,14,112.32,0,Clear,681
B005371,2024-01-05,V011,doubles,T0060,T0166,2,2,T0060,T0166,home,12,188.03,0,Thunderstorm,192
B005372,2025-08-18,V015,singles,T0032,T0013,1,1,T0013,T0032,away,9,153.92,0,Glittering,165
B005373,2025-04-09,V049,doubles,T0035,T0153,2,2,T0035,T0153,home,16,177.15,0,Overcast,754
B005374,2025-04-14,V002,singles,T0083,T0152,1,1,T0152,T0083,away,11,4.61,0,Breezy,1436
B005375,2024-05-10,V038,singles,T0109,T0131,1,1,T0109,T0131,home,11,14.47,0,Clear,933
B005376,2025-10-27,V041,triples,T0155,T0072,3,3,T0155,T0072,home,12,350.96,0,Smog,599
B005377,2024-04-20,V037,singles,T0040,T0030,1,1,T0040,T0030,home,13,69.28,0,Clear,1127
B005378,2024-11-07,V042,singles,T0145,T0118,1,1,T0145,T0118,home,7,93.11,0,Smog,592
B005379,2026-02-02,V051,doubles,T0095,T0173,2,2,T0173,T0095,away,9,124.51,0,Overcast,514
B005380,2025-12-06,V038,doubles,T0059,T0024,2,2,T0059,T0024,home,11,239.26,0,Clear,924
B005381,2024-08-03,V046,triples,T0016,T0006,3,3,T0016,T0006,home,4,164.74,0,Sandstorm,466
B005382,2024-02-05,V049,doubles,T0170,T0115,2,2,T0170,T0115,home,11,36.28,0,Overcast,734
B005383,2024-09-20,V023,doubles,T0024,T0073,2,2,T0024,T0073,home,17,342.69,0,Windy,1371
B005384,2024-02-28,V024,doubles,T0122,T0010,2,2,T0010,T0122,away,13,81.94,0,Windy,1089
B005385,2024-12-07,V021,singles,T0028,T0148,1,1,T0028,T0148,home,7,11.66,0,Harsh Sun,241
B005386,2025-12-21,V021,doubles,T0018,T0146,2,2,T0018,T0146,home,18,262.79,1,Harsh Sun,242
B005387,2026-02-12,V012,triples,T0118,T0018,3,3,T0018,T0118,away,17,56.33,0,Thunderstorm,1136
B005388,2024-10-19,V039,singles,T0068,T0109,1,1,T0068,T0109,home,10,6.97,0,Clear,589
B005389,2026-01-02,V039,doubles,T0068,T0083,2,2,T0068,T0083,home,16,263.57,0,Clear,889
B005390,2025-05-10,V011,doubles,T0094,T0119,2,2,T0094,T0119,home,13,202.32,0,Thunderstorm,144
B005391,2025-04-29,V001,singles,T0053,T0107,1,1,T0107,T0053,away,6,65.94,0,Breezy,554
B005392,2025-09-11,V044,doubles,T0173,T0066,2,2,T0066,T0173,away,15,240.6,0,Odd Aura,1544
B005393,2024-07-03,V016,singles,T0072,T0091,1,1,T0091,T0072,away,5,273.01,0,Clear,210
B005394,2025-07-21,V007,doubles,T0099,T0082,2,2,T0099,T0082,home,24,83.24,1,High Winds,1443
B005395,2026-03-23,V008,doubles,T0177,T0122,2,2,T0177,T0122,home,16,192.6,0,High Winds,256
B005396,2024-09-20,V022,doubles,T0070,T0087,2,2,T0087,T0070,away,15,233.0,0,Windy,854
B005397,2024-01-15,V028,triples,T0138,T0014,3,3,T0014,T0138,away,12,331.08,0,Sunny,780
B005398,2025-05-28,V021,doubles,T0115,T0053,2,2,T0053,T0115,away,23,17.25,1,Harsh Sun,192
B005399,2025-12-19,V020,singles,T0177,T0113,1,1,T0113,T0177,away,10,288.41,0,Harsh Sun,1863
B005400,2024-02-10,V049,singles,T0170,T0119,1,1,T0170,T0119,home,10,57.25,0,Overcast,756
B005401,2025-09-08,V052,doubles,T0006,T0172,2,1,T0006,T0172,home,10,828.76,0,Rain,543
B005402,2025-07-22,V028,doubles,T0153,T0032,2,2,T0032,T0153,away,16,234.97,0,Sunny,756
B005403,2026-01-14,V050,doubles,T0114,T0144,2,2,T0144,T0114,away,15,310.67,0,Overcast,193
B005404,2025-06-20,V052,doubles,T0088,T0144,2,2,T0144,T0088,away,12,112.55,0,Rain,772
B005405,2025-04-20,V031,doubles,T0035,T0109,2,2,T0035,T0109,home,23,283.9,1,Dusty,505
B005406,2024-07-24,V020,triples,T0153,T0158,3,3,T0153,T0158,home,16,156.94,0,Harsh Sun,1690
B005407,2024-02-25,V053,singles,T0175,T0123,1,1,T0175,T0123,home,11,132.42,0,Rain,523
B005408,2026-03-23,V018,triples,T0034,T0045,3,3,T0034,T0045,home,15,433.5,0,Clear,1274
B005409,2026-03-31,V040,doubles,T0155,T0107,2,2,T0107,T0155,away,12,11.02,0,Smog,275
B005410,2024-08-06,V041,singles,T0066,T0071,1,1,T0066,T0071,home,9,210.46,0,Smog,768
B005411,2024-03-13,V045,doubles,T0149,T0067,2,2,T0067,T0149,away,20,27.46,1,Odd Aura,456
B005412,2024-09-05,V050,doubles,T0030,T0172,2,2,T0172,T0030,away,13,40.89,0,Overcast,195
B005413,2025-09-25,V004,doubles,T0170,T0005,2,2,T0170,T0005,home,8,142.17,0,Moonless,491
B005414,2024-08-07,V022,triples,T0084,T0137,3,3,T0137,T0084,away,17,209.59,0,Windy,1244
B005415,2025-06-05,V013,singles,T0054,T0121,1,1,T0054,T0121,home,11,83.43,0,Glittering,1783
B005416,2025-01-07,V003,singles,T0085,T0007,1,1,T0085,T0007,home,4,112.21,0,Breezy,517
B005417,2024-05-20,V025,triples,T0040,T0021,3,3,T0040,T0021,home,17,664.66,0,Fog,997
B005418,2026-02-11,V020,singles,T0023,T0074,1,1,T0023,T0074,home,6,335.41,0,Harsh Sun,1676
B005419,2024-04-09,V032,doubles,T0009,T0058,2,1,T0009,T0058,home,16,351.21,0,Dusty,1414
B005420,2024-11-07,V011,triples,T0011,T0179,3,3,T0179,T0011,away,10,235.89,0,Thunderstorm,167
B005421,2024-09-06,V026,singles,T0052,T0157,1,1,T0157,T0052,away,10,121.69,0,Fog,813
B005422,2024-11-10,V043,doubles,T0024,T0075,2,2,T0024,T0075,home,14,298.02,0,Odd Aura,630
B005423,2024-03-07,V020,singles,T0016,T0029,1,1,T0016,T0029,home,9,39.92,0,Harsh Sun,1701
B005424,2024-06-11,V010,singles,T0169,T0137,1,1,T0169,T0137,home,9,235.43,0,Thunderstorm,428
B005425,2024-04-05,V054,doubles,T0119,T0118,2,2,T0119,T0118,home,11,223.66,0,Rain,737
B005426,2025-09-18,V015,triples,T0122,T0004,3,3,T0004,T0122,away,12,0.34,0,Glittering,253
B005427,2024-07-22,V018,singles,T0077,T0149,1,1,T0149,T0077,away,13,182.26,0,Clear,1363
B005428,2025-01-31,V045,doubles,T0093,T0077,2,2,T0093,T0077,home,13,178.16,0,Odd Aura,515
B005429,2024-11-21,V002,doubles,T0042,T0170,2,2,T0042,T0170,home,12,71.24,0,Breezy,1011
B005430,2025-05-10,V039,singles,T0126,T0077,1,1,T0077,T0126,away,12,103.11,0,Clear,523
B005431,2024-09-27,V034,singles,T0148,T0055,1,1,T0148,T0055,home,12,241.04,0,Hail,1325
B005432,2024-01-18,V036,doubles,T0160,T0016,2,2,T0160,T0016,home,14,54.8,0,Hail,640
B005433,2025-10-18,V043,doubles,T0138,T0020,2,2,T0138,T0020,home,12,24.04,0,Odd Aura,821
B005434,2026-03-20,V049,doubles,T0103,T0098,2,2,T0098,T0103,away,11,450.07,0,Overcast,809
B005435,2025-08-21,V003,triples,T0074,T0034,3,3,T0034,T0074,away,18,502.43,0,Breezy,318
B005436,2024-03-23,V049,doubles,T0160,T0159,2,2,T0160,T0159,home,18,83.97,1,Overcast,674
B005437,2024-02-07,V006,singles,T0091,T0118,1,1,T0091,T0118,home,9,191.91,0,Moonless,446
B005438,2026-03-04,V033,doubles,T0009,T0127,2,2,T0127,T0009,away,12,145.38,0,Dusty,1820
B005439,2025-01-01,V005,singles,T0091,T0083,1,1,T0083,T0091,away,10,11.13,0,Moonless,1002
B005440,2025-10-13,V051,triples,T0090,T0046,3,3,T0046,T0090,away,23,111.61,1,Overcast,577
B005441,2024-10-30,V042,doubles,T0140,T0026,2,2,T0026,T0140,away,7,303.04,0,Smog,714
B005442,2024-11-10,V015,doubles,T0115,T0106,2,2,T0106,T0115,away,17,288.55,0,Glittering,201
B005443,2024-02-29,V045,doubles,T0054,T0172,2,2,T0054,T0172,home,19,533.13,1,Odd Aura,570
B005444,2025-04-27,V044,singles,T0028,T0033,1,1,T0028,T0033,home,6,122.6,0,Odd Aura,1366
B005445,2024-06-14,V029,doubles,T0161,T0094,2,2,T0161,T0094,home,10,375.57,0,Sunny,430
B005446,2025-09-17,V042,doubles,T0007,T0144,2,2,T0007,T0144,home,11,215.6,0,Smog,654
B005447,2025-10-15,V026,doubles,T0001,T0168,2,2,T0168,T0001,away,13,92.46,0,Fog,775
B005448,2024-02-28,V009,doubles,T0006,T0014,2,3,T0014,T0006,away,9,250.67,0,High Winds,1818
B005449,2024-01-14,V041,singles,T0139,T0050,1,1,T0139,T0050,home,12,70.4,0,Smog,753
B005450,2025-11-19,V024,triples,T0148,T0077,3,3,T0077,T0148,away,14,8.76,0,Windy,1150
B005451,2024-01-16,V047,triples,T0094,T0041,3,3,T0041,T0094,away,17,240.8,0,Sandstorm,395
B005452,2024-09-11,V050,singles,T0042,T0015,1,1,T0042,T0015,home,16,35.21,0,Overcast,204
B005453,2024-08-17,V007,doubles,T0136,T0072,2,2,T0136,T0072,home,13,380.0,0,High Winds,1322
B005454,2025-04-11,V020,doubles,T0072,T0140,2,2,T0140,T0072,away,17,194.01,1,Harsh Sun,1935
B005455,2025-10-31,V004,doubles,T0156,T0135,2,1,T0156,T0135,home,15,286.77,0,Moonless,742
B005456,2025-07-27,V035,singles,T0025,T0080,1,1,T0080,T0025,away,7,174.13,0,Hail,347
B005457,2024-11-22,V037,singles,T0040,T0058,1,1,T0040,T0058,home,10,123.62,0,Clear,1250
B005458,2026-03-27,V003,triples,T0008,T0121,3,3,T0121,T0008,away,13,139.24,0,Breezy,321
B005459,2025-05-03,V009,singles,T0124,T0141,1,1,T0124,T0141,home,11,17.84,0,High Winds,1989
B005460,2024-04-26,V019,doubles,T0152,T0133,2,2,T0133,T0152,away,9,260.21,0,Harsh Sun,820
B005461,2024-01-04,V022,singles,T0168,T0141,1,1,T0141,T0168,away,9,13.36,0,Windy,981
B005462,2024-06-01,V050,doubles,T0100,T0096,2,2,T0100,T0096,home,19,157.88,1,Overcast,216
B005463,2026-02-24,V032,triples,T0060,T0053,3,3,T0060,T0053,home,14,570.81,0,Dusty,1476
B005464,2024-04-27,V032,doubles,T0094,T0075,2,2,T0094,T0075,home,8,337.74,0,Dusty,1190
B005465,2025-08-18,V010,doubles,T0076,T0045,2,2,T0045,T0076,away,5,56.1,0,Thunderstorm,438
B005466,2024-08-21,V028,singles,T0153,T0161,1,1,T0161,T0153,away,11,219.31,0,Sunny,874
B005467,2025-12-01,V033,triples,T0116,T0095,3,3,T0116,T0095,home,15,198.78,0,Dusty,1852
B005468,2026-02-01,V013,doubles,T0006,T0175,2,2,T0175,T0006,away,11,280.7,0,Glittering,1663
B005469,2024-08-08,V041,singles,T0124,T0160,1,1,T0124,T0160,home,11,169.88,0,Smog,758
B005470,2024-05-22,V026,singles,T0005,T0167,1,1,T0005,T0167,home,11,243.43,0,Fog,778
B005471,2024-02-13,V014,singles,T0001,T0085,1,1,T0001,T0085,home,8,353.58,0,Glittering,1924
B005472,2024-02-08,V022,doubles,T0073,T0126,2,2,T0126,T0073,away,19,413.05,1,Windy,760
B005473,2025-03-10,V026,doubles,T0113,T0065,2,2,T0065,T0113,away,14,27.45,0,Fog,727
B005474,2024-01-24,V054,doubles,T0143,T0070,2,2,T0143,T0070,home,16,406.91,0,Rain,636
B005475,2026-03-23,V021,singles,T0021,T0025,1,1,T0021,T0025,home,6,62.96,0,Harsh Sun,252
B005476,2025-10-26,V024,triples,T0162,T0093,3,3,T0093,T0162,away,24,214.98,1,Windy,991
B005477,2025-08-25,V054,doubles,T0056,T0081,2,2,T0056,T0081,home,12,52.82,0,Rain,532
B005478,2025-08-02,V025,triples,T0056,T0065,3,3,T0065,T0056,away,24,183.47,1,Fog,1267
B005479,2024-07-30,V016,doubles,T0131,T0038,2,2,T0131,T0038,home,13,95.76,0,Clear,221
B005480,2025-12-01,V031,triples,T0060,T0002,3,3,T0060,T0002,home,20,64.37,1,Dusty,396
B005481,2024-10-01,V016,singles,T0009,T0150,1,1,T0009,T0150,home,7,58.88,0,Clear,170
B005482,2024-11-02,V001,doubles,T0030,T0122,2,2,T0030,T0122,home,11,517.27,0,Breezy,775
B005483,2024-03-05,V010,doubles,T0176,T0020,2,2,T0020,T0176,away,11,40.8,0,Thunderstorm,564
B005484,2025-07-25,V037,triples,T0119,T0024,3,3,T0024,T0119,away,10,90.66,0,Clear,1103
B005485,2025-06-07,V007,doubles,T0075,T0070,2,2,T0075,T0070,home,14,93.42,0,High Winds,1459
B005486,2024-12-07,V009,triples,T0124,T0063,3,3,T0124,T0063,home,19,44.0,0,High Winds,2099
B005487,2024-05-03,V041,doubles,T0006,T0139,2,3,T0139,T0006,away,15,811.62,0,Smog,623
B005488,2024-10-22,V022,doubles,T0164,T0085,2,2,T0085,T0164,away,12,452.13,0,Windy,1238
B005489,2025-01-24,V036,singles,T0081,T0009,1,1,T0009,T0081,away,7,175.3,0,Hail,864
B005490,2024-10-28,V016,doubles,T0086,T0029,2,2,T0086,T0029,home,13,265.61,0,Clear,217
B005491,2025-05-03,V040,singles,T0139,T0119,1,1,T0139,T0119,home,12,58.65,0,Smog,225
B005492,2025-04-24,V032,doubles,T0111,T0016,2,2,T0111,T0016,home,12,96.6,0,Dusty,1248
B005493,2025-02-06,V006,singles,T0080,T0043,1,1,T0080,T0043,home,11,98.5,0,Moonless,340
B005494,2025-08-09,V003,triples,T0108,T0086,3,3,T0108,T0086,home,13,98.09,0,Breezy,302
B005495,2025-04-30,V010,doubles,T0168,T0157,2,2,T0157,T0168,away,13,281.77,0,Thunderstorm,575
B005496,2025-09-04,V054,doubles,T0063,T0002,2,2,T0063,T0002,home,13,131.93,0,Rain,518
B005497,2024-02-09,V013,singles,T0101,T0036,1,1,T0036,T0101,away,10,221.03,0,Glittering,1588
B005498,2025-07-28,V044,singles,T0125,T0099,1,2,T0099,T0125,away,9,235.94,0,Odd Aura,1840
B005499,2025-07-07,V051,doubles,T0073,T0080,2,2,T0080,T0073,away,12,30.58,0,Overcast,622
B005500,2024-03-12,V003,singles,T0060,T0010,1,1,T0060,T0010,home,7,252.62,0,Breezy,552
B005501,2024-12-14,V038,doubles,T0072,T0102,2,2,T0102,T0072,away,15,291.86,0,Clear,784
B005502,2024-05-29,V025,triples,T0036,T0027,3,3,T0036,T0027,home,17,19.07,1,Fog,1210
B005503,2024-11-06,V008,singles,T0115,T0123,1,1,T0115,T0123,home,11,76.31,0,High Winds,376
B005504,2024-01-12,V033,doubles,T0084,T0166,2,2,T0166,T0084,away,14,733.54,0,Dusty,1736
B005505,2024-03-13,V013,singles,T0029,T0143,1,1,T0143,T0029,away,9,262.45,0,Glittering,1234
B005506,2026-03-08,V038,doubles,T0176,T0137,2,2,T0176,T0137,home,15,405.34,0,Clear,1188
B005507,2024-10-31,V041,triples,T0041,T0064,3,3,T0041,T0064,home,12,149.45,0,Smog,660
B005508,2025-10-02,V054,singles,T0180,T0099,1,1,T0180,T0099,home,10,89.72,0,Rain,733
B005509,2025-08-23,V048,doubles,T0128,T0171,2,1,T0128,T0171,home,9,577.85,0,Sandstorm,2097
B005510,2025-07-17,V036,singles,T0080,T0010,1,1,T0080,T0010,home,12,320.96,0,Hail,742
B005511,2025-10-11,V041,doubles,T0150,T0171,2,2,T0150,T0171,home,10,256.21,0,Smog,504
B005512,2024-09-15,V028,singles,T0004,T0017,1,1,T0017,T0004,away,11,61.78,0,Sunny,1373
B005513,2025-02-06,V015,singles,T0053,T0113,1,1,T0113,T0053,away,11,66.66,0,Glittering,243
B005514,2024-06-06,V046,doubles,T0119,T0139,2,2,T0119,T0139,home,9,161.56,0,Sandstorm,595
B005515,2024-03-13,V005,singles,T0048,T0156,1,1,T0048,T0156,home,12,94.52,0,Moonless,952
B005516,2024-12-15,V022,singles,T0046,T0112,1,1,T0112,T0046,away,15,168.95,0,Windy,998
B005517,2025-06-28,V054,singles,T0046,T0016,1,1,T0016,T0046,away,10,213.04,0,Rain,463
B005518,2024-06-06,V039,doubles,T0087,T0178,2,2,T0178,T0087,away,14,52.83,0,Clear,768
B005519,2024-12-09,V017,doubles,T0039,T0010,2,2,T0039,T0010,home,14,31.08,0,Clear,714
B005520,2024-12-23,V050,doubles,T0076,T0123,2,2,T0076,T0123,home,10,276.66,0,Overcast,231
B005521,2025-09-23,V037,doubles,T0098,T0159,2,2,T0159,T0098,away,7,154.76,0,Clear,965
B005522,2024-02-24,V044,doubles,T0055,T0139,2,2,T0139,T0055,away,10,286.24,0,Odd Aura,1590
B005523,2024-10-25,V031,doubles,T0027,T0046,2,2,T0046,T0027,away,19,11.8,1,Dusty,526
B005524,2025-07-24,V020,doubles,T0057,T0167,2,2,T0167,T0057,away,20,88.78,1,Harsh Sun,2034
B005525,2025-07-22,V036,singles,T0080,T0116,1,1,T0116,T0080,away,11,213.16,0,Hail,647
B005526,2024-07-05,V051,doubles,T0055,T0129,2,2,T0129,T0055,away,17,57.16,0,Overcast,476
B005527,2025-12-12,V048,singles,T0161,T0115,1,1,T0161,T0115,home,13,213.75,0,Sandstorm,2246
B005528,2024-08-21,V019,doubles,T0083,T0003,2,2,T0003,T0083,away,19,39.64,1,Harsh Sun,891
B005529,2025-03-16,V032,doubles,T0037,T0093,2,2,T0037,T0093,home,11,34.37,0,Dusty,1368
B005530,2025-05-26,V020,doubles,T0137,T0046,2,2,T0137,T0046,home,13,15.56,0,Harsh Sun,1539
B005531,2025-12-18,V016,doubles,T0004,T0121,2,2,T0121,T0004,away,24,102.45,1,Clear,259
B005532,2026-03-29,V027,doubles,T0168,T0057,2,3,T0057,T0168,away,15,712.95,0,Fog,705
B005533,2024-01-20,V023,singles,T0174,T0059,1,1,T0174,T0059,home,12,65.46,0,Windy,1273
B005534,2024-12-14,V003,triples,T0080,T0098,3,3,T0080,T0098,home,15,556.01,0,Breezy,643
B005535,2026-01-08,V053,doubles,T0104,T0011,2,2,T0011,T0104,away,20,155.08,1,Rain,449
B005536,2024-08-19,V041,triples,T0116,T0051,3,3,T0051,T0116,away,13,5.17,0,Smog,526
B005537,2026-03-15,V019,triples,T0151,T0090,3,3,T0151,T0090,home,16,288.26,0,Harsh Sun,1016
B005538,2025-02-11,V020,singles,T0126,T0128,1,2,T0128,T0126,away,7,523.19,0,Harsh Sun,1820
B005539,2025-10-30,V053,singles,T0108,T0120,1,1,T0108,T0120,home,11,365.49,0,Rain,411
B005540,2025-01-03,V003,singles,T0124,T0064,1,1,T0064,T0124,away,12,60.91,0,Breezy,558
B005541,2025-07-01,V042,doubles,T0105,T0057,2,2,T0057,T0105,away,12,17.87,0,Smog,757
B005542,2026-03-26,V005,doubles,T0102,T0008,2,2,T0102,T0008,home,15,183.89,0,Moonless,1303
B005543,2024-04-24,V024,singles,T0136,T0069,1,2,T0069,T0136,away,10,521.14,0,Windy,1168
B005544,2025-11-05,V050,doubles,T0077,T0101,2,2,T0077,T0101,home,11,99.89,0,Overcast,188
B005545,2025-02-13,V052,doubles,T0123,T0093,2,3,T0093,T0123,away,11,1200.31,0,Rain,682
B005546,2025-02-12,V006,singles,T0004,T0021,1,1,T0021,T0004,away,5,205.25,0,Moonless,520
B005547,2024-02-11,V042,doubles,T0014,T0114,2,2,T0014,T0114,home,12,79.39,0,Smog,755
B005548,2024-11-02,V048,triples,T0007,T0114,3,3,T0007,T0114,home,15,613.61,0,Sandstorm,1817
B005549,2026-03-25,V039,doubles,T0166,T0168,2,2,T0166,T0168,home,11,439.82,0,Clear,609
B005550,2025-04-23,V042,doubles,T0105,T0094,2,2,T0105,T0094,home,16,16.3,0,Smog,652
B005551,2024-10-05,V032,singles,T0061,T0040,1,1,T0040,T0061,away,5,169.07,0,Dusty,1287
B005552,2025-03-19,V010,triples,T0054,T0029,3,3,T0054,T0029,home,20,792.14,1,Thunderstorm,352
B005553,2025-04-21,V049,singles,T0166,T0031,1,1,T0166,T0031,home,7,176.26,0,Overcast,867
B005554,2024-07-31,V048,triples,T0065,T0024,3,3,T0065,T0024,home,18,159.68,0,Sandstorm,1870
B005555,2025-05-14,V042,triples,T0042,T0038,3,3,T0038,T0042,away,16,484.71,0,Smog,819
B005556,2026-01-20,V039,triples,T0102,T0040,3,3,T0040,T0102,away,14,223.14,0,Clear,614
B005557,2025-03-21,V028,singles,T0081,T0142,1,1,T0142,T0081,away,11,545.97,0,Sunny,1092
B005558,2024-02-08,V017,triples,T0168,T0117,3,3,T0117,T0168,away,13,85.32,0,Clear,660
B005559,2025-12-05,V028,doubles,T0153,T0020,2,2,T0020,T0153,away,13,172.86,0,Sunny,1074
B005560,2024-01-13,V052,singles,T0093,T0178,1,1,T0093,T0178,home,12,55.95,0,Rain,741
B005561,2025-09-07,V012,singles,T0003,T0080,1,1,T0003,T0080,home,13,112.45,0,Thunderstorm,959
B005562,2025-09-29,V012,triples,T0033,T0050,3,3,T0033,T0050,home,19,22.11,0,Thunderstorm,840
B005563,2026-01-16,V013,singles,T0029,T0032,1,1,T0029,T0032,home,9,43.09,0,Glittering,1598
B005564,2025-06-20,V012,triples,T0020,T0064,3,3,T0020,T0064,home,14,48.92,0,Thunderstorm,1076
B005565,2025-04-17,V034,doubles,T0124,T0097,2,2,T0097,T0124,away,15,237.46,0,Hail,1579
B005566,2025-04-30,V036,doubles,T0050,T0017,2,2,T0050,T0017,home,12,355.24,0,Hail,860
B005567,2025-03-31,V043,singles,T0109,T0178,1,1,T0178,T0109,away,10,49.0,0,Odd Aura,1136
B005568,2025-08-26,V019,singles,T0006,T0033,1,1,T0033,T0006,away,6,146.08,0,Harsh Sun,1083
B005569,2024-10-13,V030,doubles,T0152,T0030,2,2,T0030,T0152,away,17,18.62,1,Sunny,607
B005570,2025-04-23,V003,singles,T0082,T0060,1,1,T0060,T0082,away,8,32.04,0,Breezy,471
B005571,2025-08-25,V003,doubles,T0091,T0045,2,2,T0045,T0091,away,18,62.02,0,Breezy,608
B005572,2024-05-12,V040,triples,T0008,T0087,3,3,T0087,T0008,away,18,99.7,0,Smog,269
B005573,2024-03-25,V038,triples,T0003,T0136,3,3,T0136,T0003,away,12,286.85,0,Clear,811
B005574,2024-08-22,V036,triples,T0123,T0176,3,3,T0123,T0176,home,16,68.27,0,Hail,820
B005575,2024-02-01,V003,doubles,T0080,T0137,2,2,T0080,T0137,home,13,531.44,0,Breezy,562
B005576,2025-03-13,V052,doubles,T0047,T0129,2,2,T0129,T0047,away,17,17.4,1,Rain,637
B005577,2024-02-05,V010,doubles,T0100,T0128,2,2,T0128,T0100,away,11,327.5,0,Thunderstorm,491
B005578,2025-11-25,V014,singles,T0128,T0168,1,1,T0128,T0168,home,13,124.26,0,Glittering,1661
B005579,2024-03-25,V022,doubles,T0109,T0105,2,2,T0105,T0109,away,8,1.53,0,Windy,1201
B005580,2025-07-31,V042,doubles,T0118,T0173,2,2,T0118,T0173,home,18,32.65,0,Smog,618
B005581,2026-02-27,V037,singles,T0126,T0172,1,1,T0126,T0172,home,14,35.26,0,Clear,1093
B005582,2024-10-10,V022,singles,T0164,T0048,1,1,T0164,T0048,home,14,52.05,0,Windy,1090
B005583,2024-12-27,V045,doubles,T0084,T0106,2,2,T0084,T0106,home,11,161.65,0,Odd Aura,490
B005584,2026-02-11,V045,doubles,T0177,T0137,2,2,T0137,T0177,away,10,0.71,0,Odd Aura,521
B005585,2025-04-09,V022,doubles,T0152,T0126,2,2,T0152,T0126,home,15,283.27,0,Windy,780
B005586,2024-05-22,V043,singles,T0066,T0111,1,1,T0066,T0111,home,6,190.11,0,Odd Aura,996
B005587,2024-06-02,V025,doubles,T0082,T0018,2,2,T0082,T0018,home,10,357.5,0,Fog,1134
B005588,2024-01-18,V015,singles,T0015,T0002,1,1,T0015,T0002,home,10,1.9,0,Glittering,210
B005589,2025-06-12,V008,singles,T0074,T0130,1,1,T0130,T0074,away,5,256.32,0,High Winds,324
B005590,2024-11-12,V045,triples,T0027,T0044,3,3,T0027,T0044,home,16,116.21,0,Odd Aura,552
B005591,2024-11-13,V035,singles,T0147,T0040,1,1,T0040,T0147,away,8,221.13,0,Hail,323
B005592,2025-05-16,V023,doubles,T0009,T0024,2,2,T0009,T0024,home,13,111.86,0,Windy,1105
B005593,2024-09-29,V039,doubles,T0084,T0028,2,2,T0028,T0084,away,11,181.3,0,Clear,705
B005594,2024-06-16,V048,doubles,T0006,T0133,2,2,T0133,T0006,away,15,102.13,0,Sandstorm,2252
B005595,2026-02-13,V006,triples,T0004,T0130,3,3,T0130,T0004,away,9,984.64,0,Moonless,447
B005596,2025-08-07,V044,doubles,T0174,T0053,2,2,T0053,T0174,away,23,41.32,1,Odd Aura,1593
B005597,2025-03-08,V019,triples,T0112,T0091,3,3,T0112,T0091,home,12,24.75,0,Harsh Sun,1085
B005598,2024-09-04,V015,triples,T0133,T0124,3,3,T0124,T0133,away,10,107.09,0,Glittering,194
B005599,2025-07-26,V052,doubles,T0179,T0083,2,2,T0179,T0083,home,15,58.2,0,Rain,710
B005600,2024-11-26,V041,singles,T0114,T0007,1,1,T0007,T0114,away,14,234.04,0,Smog,551
B005601,2025-07-31,V001,doubles,T0175,T0084,2,2,T0084,T0175,away,11,109.27,0,Breezy,632
B005602,2025-11-28,V020,triples,T0016,T0168,3,3,T0016,T0168,home,12,310.81,0,Harsh Sun,1710
B005603,2024-09-19,V013,doubles,T0024,T0022,2,2,T0022,T0024,away,18,10.66,1,Glittering,1977
B005604,2024-08-19,V034,doubles,T0050,T0095,2,2,T0050,T0095,home,10,37.13,0,Hail,1841
B005605,2025-07-01,V031,doubles,T0054,T0020,2,2,T0054,T0020,home,12,160.18,0,Dusty,420
B005606,2025-02-12,V020,doubles,T0044,T0169,2,2,T0169,T0044,away,10,23.25,0,Harsh Sun,1423
B005607,2024-02-07,V012,doubles,T0030,T0082,2,2,T0082,T0030,away,13,28.29,0,Thunderstorm,1056
B005608,2025-05-05,V016,singles,T0085,T0061,1,1,T0085,T0061,home,7,138.91,0,Clear,171
B005609,2025-04-05,V006,singles,T0065,T0100,1,1,T0065,T0100,home,8,257.89,0,Moonless,406
B005610,2025-12-29,V047,singles,T0015,T0066,1,1,T0015,T0066,home,10,136.47,0,Sandstorm,381
B005611,2025-03-04,V052,singles,T0015,T0012,1,1,T0015,T0012,home,9,101.28,0,Rain,710
B005612,2025-08-13,V002,doubles,T0083,T0053,2,2,T0053,T0083,away,11,89.68,0,Breezy,1096
B005613,2025-11-13,V021,singles,T0172,T0169,1,1,T0169,T0172,away,18,184.35,0,Harsh Sun,297
B005614,2025-04-02,V009,doubles,T0138,T0014,2,2,T0014,T0138,away,10,40.22,0,High Winds,1894
B005615,2025-06-29,V018,singles,T0163,T0132,1,1,T0132,T0163,away,6,98.43,0,Clear,1341
B005616,2026-03-26,V005,doubles,T0129,T0079,2,2,T0079,T0129,away,13,227.85,0,Moonless,1100
B005617,2025-05-04,V033,triples,T0094,T0068,3,3,T0068,T0094,away,13,175.06,0,Dusty,1412
B005618,2024-02-24,V031,doubles,T0076,T0104,2,2,T0104,T0076,away,10,266.29,0,Dusty,459
B005619,2025-11-16,V041,doubles,T0149,T0153,2,2,T0149,T0153,home,13,214.59,0,Smog,679
B005620,2024-02-25,V009,doubles,T0054,T0126,2,2,T0054,T0126,home,13,56.79,0,High Winds,1958
B005621,2025-11-25,V036,doubles,T0107,T0144,2,2,T0107,T0144,home,14,146.63,0,Hail,559
B005622,2024-05-06,V038,singles,T0109,T0062,1,1,T0062,T0109,away,9,26.69,0,Clear,675
B005623,2024-11-18,V006,doubles,T0022,T0119,2,2,T0119,T0022,away,20,52.11,1,Moonless,466
B005624,2024-12-23,V047,triples,T0094,T0086,3,3,T0094,T0086,home,15,274.1,0,Sandstorm,356
B005625,2024-09-03,V011,doubles,T0177,T0166,2,2,T0166,T0177,away,23,299.42,1,Thunderstorm,148
B005626,2026-03-11,V033,singles,T0088,T0112,1,1,T0088,T0112,home,12,6.48,0,Dusty,1459
B005627,2025-06-19,V009,doubles,T0168,T0067,2,2,T0067,T0168,away,9,73.96,0,High Winds,2277
B005628,2024-01-08,V050,singles,T0180,T0128,1,1,T0128,T0180,away,9,119.94,0,Overcast,193
B005629,2025-04-28,V035,doubles,T0005,T0071,2,2,T0005,T0071,home,10,68.24,0,Hail,396
B005630,2025-07-19,V004,triples,T0114,T0172,3,2,T0114,T0172,home,19,779.54,0,Moonless,539
B005631,2026-01-27,V048,doubles,T0138,T0117,2,2,T0117,T0138,away,17,389.98,0,Sandstorm,1959
B005632,2024-02-01,V024,doubles,T0031,T0041,2,2,T0041,T0031,away,16,327.6,1,Windy,1009
B005633,2024-10-16,V043,singles,T0125,T0108,1,1,T0108,T0125,away,8,279.91,0,Odd Aura,1214
B005634,2024-12-25,V022,singles,T0109,T0088,1,1,T0088,T0109,away,9,70.23,0,Windy,913
B005635,2025-08-09,V040,doubles,T0012,T0077,2,2,T0012,T0077,home,16,255.15,0,Smog,228
B005636,2025-05-08,V053,singles,T0026,T0165,1,1,T0165,T0026,away,8,23.93,0,Rain,378
B005637,2024-10-15,V017,singles,T0133,T0125,1,1,T0125,T0133,away,14,198.86,0,Clear,650
B005638,2025-07-15,V047,singles,T0077,T0004,1,1,T0077,T0004,home,9,182.58,0,Sandstorm,288
B005639,2025-12-02,V011,triples,T0095,T0180,3,3,T0095,T0180,home,19,307.97,0,Thunderstorm,158
B005640,2024-10-04,V026,doubles,T0113,T0152,2,2,T0152,T0113,away,9,40.06,0,Fog,644
B005641,2025-03-10,V001,triples,T0122,T0051,3,3,T0051,T0122,away,11,129.1,0,Breezy,795
B005642,2024-05-25,V036,singles,T0104,T0179,1,1,T0179,T0104,away,4,41.48,0,Hail,587
B005643,2026-01-23,V050,doubles,T0100,T0167,2,2,T0167,T0100,away,22,125.81,1,Overcast,130
B005644,2024-09-29,V005,singles,T0016,T0042,1,1,T0016,T0042,home,6,330.75,0,Moonless,1053
B005645,2025-01-14,V044,doubles,T0016,T0152,2,3,T0152,T0016,away,11,511.2,0,Odd Aura,1373
B005646,2024-11-09,V027,triples,T0126,T0132,3,3,T0126,T0132,home,18,393.89,1,Fog,754
B005647,2026-01-20,V022,doubles,T0076,T0068,2,2,T0076,T0068,home,13,472.25,0,Windy,1076
B005648,2026-03-24,V011,triples,T0095,T0033,3,3,T0095,T0033,home,16,711.3,0,Thunderstorm,176
B005649,2024-09-02,V027,singles,T0155,T0013,1,1,T0013,T0155,away,8,74.91,0,Fog,862
B005650,2025-01-19,V031,singles,T0120,T0089,1,1,T0120,T0089,home,11,57.5,0,Dusty,378
B005651,2025-02-16,V042,singles,T0084,T0064,1,1,T0084,T0064,home,4,338.14,0,Smog,778
B005652,2024-08-10,V033,doubles,T0001,T0065,2,2,T0001,T0065,home,11,24.84,0,Dusty,1983
B005653,2024-05-11,V035,triples,T0128,T0146,3,3,T0128,T0146,home,15,72.91,0,Hail,355
B005654,2026-02-23,V026,singles,T0059,T0109,1,1,T0059,T0109,home,8,211.01,0,Fog,531
B005655,2025-07-17,V033,singles,T0084,T0157,1,1,T0084,T0157,home,12,139.48,0,Dusty,1612
B005656,2024-01-05,V027,doubles,T0029,T0038,2,2,T0038,T0029,away,13,288.11,0,Fog,808
B005657,2024-11-11,V005,doubles,T0013,T0077,2,2,T0013,T0077,home,20,402.51,1,Moonless,1080
B005658,2026-01-03,V019,doubles,T0028,T0149,2,2,T0028,T0149,home,9,345.89,0,Harsh Sun,1319
B005659,2025-02-23,V028,doubles,T0026,T0023,2,2,T0026,T0023,home,14,390.8,0,Sunny,719
B005660,2026-03-06,V012,singles,T0030,T0171,1,1,T0030,T0171,home,11,118.03,0,Thunderstorm,1035
B005661,2025-07-21,V009,doubles,T0179,T0039,2,2,T0039,T0179,away,11,501.44,0,High Winds,1848
B005662,2024-11-30,V041,triples,T0114,T0140,3,3,T0114,T0140,home,17,21.89,0,Smog,744
B005663,2024-08-20,V003,singles,T0048,T0032,1,1,T0048,T0032,home,11,166.82,0,Breezy,584
B005664,2024-08-06,V038,triples,T0157,T0172,3,3,T0157,T0172,home,12,232.4,0,Clear,1123
B005665,2025-05-28,V051,doubles,T0130,T0069,2,2,T0130,T0069,home,16,155.46,0,Overcast,444
B005666,2025-05-30,V014,triples,T0094,T0060,3,3,T0060,T0094,away,20,396.25,0,Glittering,1522
B005667,2025-06-19,V034,triples,T0055,T0158,3,3,T0158,T0055,away,15,222.69,0,Hail,1527
B005668,2025-07-12,V001,triples,T0024,T0122,3,3,T0024,T0122,home,12,305.86,0,Breezy,699
B005669,2024-12-18,V032,doubles,T0144,T0035,2,2,T0144,T0035,home,19,91.23,1,Dusty,1146
B005670,2024-10-03,V029,singles,T0148,T0074,1,1,T0148,T0074,home,13,311.52,0,Sunny,535
B005671,2025-12-06,V008,doubles,T0028,T0162,2,2,T0028,T0162,home,11,403.59,0,High Winds,284
B005672,2025-01-28,V013,singles,T0141,T0060,1,1,T0060,T0141,away,8,169.22,0,Glittering,1611
B005673,2025-08-20,V049,singles,T0170,T0050,1,1,T0170,T0050,home,8,202.47,0,Overcast,659
B005674,2024-06-12,V042,singles,T0059,T0040,1,1,T0040,T0059,away,7,70.03,0,Smog,574
B005675,2026-03-02,V031,triples,T0141,T0057,3,3,T0141,T0057,home,21,144.78,1,Dusty,393
B005676,2026-02-11,V027,singles,T0162,T0050,1,1,T0050,T0162,away,7,63.98,0,Fog,863
B005677,2024-12-31,V044,doubles,T0048,T0138,2,1,T0048,T0138,home,7,619.91,0,Odd Aura,1486
B005678,2024-08-14,V020,singles,T0001,T0168,1,1,T0001,T0168,home,6,450.96,0,Harsh Sun,1359
B005679,2025-07-23,V054,singles,T0050,T0161,1,1,T0050,T0161,home,6,102.98,0,Rain,645
B005680,2025-08-26,V033,doubles,T0177,T0069,2,2,T0069,T0177,away,14,180.04,0,Dusty,1900
B005681,2025-01-18,V048,singles,T0119,T0123,1,1,T0119,T0123,home,7,389.06,0,Sandstorm,1943
B005682,2025-08-02,V022,doubles,T0163,T0149,2,2,T0163,T0149,home,10,297.93,0,Windy,1116
B005683,2024-04-28,V026,singles,T0085,T0110,1,1,T0110,T0085,away,11,146.96,0,Fog,908
B005684,2025-05-31,V045,doubles,T0113,T0053,2,2,T0053,T0113,away,9,142.12,0,Odd Aura,458
B005685,2025-09-25,V024,singles,T0080,T0176,1,1,T0080,T0176,home,11,170.94,0,Windy,1132
B005686,2025-10-02,V018,doubles,T0072,T0100,2,1,T0072,T0100,home,17,323.57,1,Clear,1470
B005687,2025-06-12,V042,doubles,T0137,T0108,2,2,T0108,T0137,away,13,137.82,0,Smog,671
B005688,2025-11-15,V053,doubles,T0017,T0064,2,2,T0017,T0064,home,15,164.01,0,Rain,461
B005689,2025-10-25,V035,doubles,T0118,T0056,2,2,T0118,T0056,home,14,178.34,0,Hail,325
B005690,2025-04-18,V021,singles,T0117,T0099,1,1,T0117,T0099,home,10,195.53,0,Harsh Sun,217
B005691,2024-02-24,V010,doubles,T0176,T0053,2,2,T0176,T0053,home,7,413.27,0,Thunderstorm,550
B005692,2025-11-14,V048,triples,T0091,T0033,3,3,T0091,T0033,home,17,358.74,0,Sandstorm,1865
B005693,2025-04-01,V024,doubles,T0157,T0137,2,2,T0157,T0137,home,21,28.73,1,Windy,827
B005694,2024-06-15,V003,singles,T0004,T0136,1,1,T0136,T0004,away,11,199.62,0,Breezy,561
B005695,2025-11-16,V013,doubles,T0168,T0128,2,2,T0128,T0168,away,12,193.58,0,Glittering,1760
B005696,2025-11-23,V005,triples,T0031,T0129,3,3,T0031,T0129,home,13,196.48,0,Moonless,1030
B005697,2025-06-30,V052,singles,T0101,T0057,1,1,T0101,T0057,home,8,25.46,0,Rain,635
B005698,2025-12-17,V042,doubles,T0111,T0121,2,2,T0121,T0111,away,17,202.38,1,Smog,724
B005699,2024-01-12,V006,doubles,T0056,T0122,2,2,T0122,T0056,away,15,148.94,0,Moonless,344
B005700,2026-02-17,V014,doubles,T0145,T0105,2,2,T0145,T0105,home,12,41.1,0,Glittering,1413
B005701,2026-01-20,V022,singles,T0035,T0110,1,1,T0035,T0110,home,7,110.6,0,Windy,1032
B005702,2024-03-15,V048,doubles,T0023,T0053,2,2,T0023,T0053,home,11,38.48,0,Sandstorm,2499
B005703,2024-11-13,V024,doubles,T0023,T0076,2,2,T0076,T0023,away,15,68.49,0,Windy,761
B005704,2024-09-20,V053,triples,T0083,T0023,3,3,T0083,T0023,home,18,513.58,0,Rain,432
B005705,2026-02-27,V007,singles,T0149,T0041,1,1,T0041,T0149,away,11,79.89,0,High Winds,1397
B005706,2024-02-20,V023,doubles,T0011,T0164,2,2,T0011,T0164,home,14,38.59,0,Windy,1292
B005707,2025-06-08,V040,doubles,T0064,T0110,2,2,T0110,T0064,away,5,242.93,0,Smog,262
B005708,2024-07-06,V009,singles,T0085,T0166,1,1,T0166,T0085,away,8,251.32,0,High Winds,1996
B005709,2026-01-10,V005,triples,T0114,T0119,3,3,T0119,T0114,away,14,371.34,0,Moonless,1044
B005710,2025-05-07,V003,doubles,T0035,T0087,2,2,T0035,T0087,home,10,148.96,0,Breezy,567
B005711,2025-02-02,V017,doubles,T0039,T0057,2,2,T0057,T0039,away,18,381.57,0,Clear,788
B005712,2024-10-27,V047,doubles,T0046,T0085,2,2,T0085,T0046,away,14,40.04,0,Sandstorm,381
B005713,2025-09-25,V009,doubles,T0091,T0109,2,2,T0091,T0109,home,15,255.3,0,High Winds,1676
B005714,2024-10-26,V021,doubles,T0074,T0169,2,2,T0169,T0074,away,12,389.14,0,Harsh Sun,225
B005715,2024-04-15,V038,doubles,T0152,T0076,2,2,T0076,T0152,away,12,540.93,0,Clear,612
B005716,2026-01-17,V037,doubles,T0059,T0048,2,2,T0059,T0048,home,10,169.92,0,Clear,1221
B005717,2025-01-18,V004,doubles,T0141,T0002,2,2,T0141,T0002,home,13,436.45,0,Moonless,762
B005718,2024-07-19,V047,singles,T0113,T0154,1,1,T0113,T0154,home,10,123.13,0,Sandstorm,474
B005719,2024-11-11,V039,doubles,T0154,T0150,2,2,T0154,T0150,home,20,16.65,1,Clear,834
B005720,2026-02-18,V006,triples,T0116,T0021,3,3,T0021,T0116,away,24,118.76,1,Moonless,454
B005721,2025-07-19,V023,doubles,T0077,T0096,2,2,T0096,T0077,away,17,178.18,0,Windy,1331
B005722,2024-04-26,V003,doubles,T0054,T0099,2,2,T0099,T0054,away,9,192.21,0,Breezy,635
B005723,2026-02-01,V019,doubles,T0174,T0104,2,2,T0174,T0104,home,11,138.47,0,Harsh Sun,1263
B005724,2026-03-15,V006,doubles,T0034,T0136,2,2,T0034,T0136,home,10,245.06,0,Moonless,299
B005725,2025-12-30,V034,doubles,T0104,T0092,2,2,T0092,T0104,away,11,203.6,0,Hail,1477
B005726,2024-02-17,V024,doubles,T0136,T0172,2,2,T0136,T0172,home,12,27.56,0,Windy,900
B005727,2026-01-03,V053,doubles,T0080,T0037,2,2,T0037,T0080,away,17,1.3,0,Rain,424
B005728,2025-01-02,V038,singles,T0075,T0131,1,1,T0075,T0131,home,10,98.18,0,Clear,1007
B005729,2025-06-29,V049,doubles,T0117,T0096,2,2,T0096,T0117,away,12,136.26,0,Overcast,691
B005730,2024-05-24,V051,triples,T0147,T0157,3,3,T0147,T0157,home,15,353.99,0,Overcast,467
B005731,2024-05-16,V049,triples,T0108,T0153,3,3,T0108,T0153,home,10,181.4,0,Overcast,700
B005732,2025-07-14,V027,singles,T0013,T0156,1,1,T0013,T0156,home,17,139.18,0,Fog,692
B005733,2025-12-25,V038,singles,T0040,T0162,1,2,T0162,T0040,away,11,417.13,0,Clear,961
B005734,2024-12-06,V010,singles,T0125,T0045,1,1,T0125,T0045,home,10,78.32,0,Thunderstorm,632
B005735,2024-02-27,V004,doubles,T0069,T0064,2,2,T0069,T0064,home,18,197.27,0,Moonless,899
B005736,2024-01-27,V032,doubles,T0076,T0020,2,2,T0020,T0076,away,12,35.69,0,Dusty,1102
B005737,2026-03-31,V007,triples,T0011,T0047,3,3,T0047,T0011,away,22,43.67,1,High Winds,1380
B005738,2026-01-12,V027,doubles,T0061,T0143,2,1,T0061,T0143,home,14,32.66,0,Fog,589
B005739,2025-07-22,V020,singles,T0037,T0002,1,1,T0002,T0037,away,14,139.49,0,Harsh Sun,1735
B005740,2026-01-17,V024,singles,T0110,T0171,1,1,T0171,T0110,away,9,28.51,0,Windy,1170
B005741,2025-02-23,V047,doubles,T0114,T0045,2,2,T0045,T0114,away,14,42.13,0,Sandstorm,348
B005742,2025-01-23,V030,triples,T0078,T0043,3,3,T0043,T0078,away,17,28.82,0,Sunny,657
B005743,2025-07-01,V022,doubles,T0034,T0177,2,2,T0034,T0177,home,16,284.52,0,Windy,1087
B005744,2026-02-21,V002,triples,T0013,T0173,3,3,T0013,T0173,home,17,350.19,0,Breezy,1001
B005745,2025-01-23,V041,triples,T0152,T0004,3,3,T0152,T0004,home,13,41.29,0,Smog,555
B005746,2025-04-30,V004,singles,T0116,T0104,1,1,T0116,T0104,home,13,223.47,0,Moonless,826
B005747,2025-06-28,V012,doubles,T0031,T0047,2,2,T0031,T0047,home,19,197.74,1,Thunderstorm,898
B005748,2024-12-22,V015,triples,T0078,T0085,3,3,T0078,T0085,home,13,373.73,0,Glittering,172
B005749,2025-04-30,V032,singles,T0028,T0005,1,1,T0005,T0028,away,11,210.24,0,Dusty,1339
B005750,2025-01-31,V028,singles,T0146,T0131,1,1,T0146,T0131,home,14,118.2,0,Sunny,1140
B005751,2024-12-21,V051,doubles,T0058,T0131,2,3,T0131,T0058,away,8,926.31,0,Overcast,503
B005752,2025-06-21,V048,singles,T0047,T0036,1,1,T0047,T0036,home,9,120.44,0,Sandstorm,1705
B005753,2026-02-02,V048,doubles,T0054,T0047,2,2,T0054,T0047,home,9,170.89,0,Sandstorm,2013
B005754,2024-07-31,V040,singles,T0160,T0001,1,1,T0001,T0160,away,12,0.94,0,Smog,262
B005755,2024-07-16,V042,singles,T0105,T0172,1,1,T0105,T0172,home,11,381.19,0,Smog,768
B005756,2025-12-20,V015,triples,T0032,T0167,3,3,T0032,T0167,home,12,322.99,0,Glittering,191
B005757,2024-06-22,V016,singles,T0092,T0162,1,1,T0162,T0092,away,7,204.21,0,Clear,212
B005758,2025-11-02,V008,singles,T0094,T0165,1,1,T0094,T0165,home,8,125.0,0,High Winds,297
B005759,2024-06-11,V023,singles,T0103,T0180,1,1,T0180,T0103,away,8,165.37,0,Windy,1207
B005760,2024-03-18,V042,triples,T0102,T0047,3,3,T0047,T0102,away,13,90.94,0,Smog,653
B005761,2025-03-08,V037,singles,T0032,T0110,1,1,T0032,T0110,home,7,180.15,0,Clear,1268
B005762,2026-01-18,V017,doubles,T0174,T0036,2,2,T0036,T0174,away,14,199.0,0,Clear,658
B005763,2025-05-21,V033,doubles,T0084,T0025,2,2,T0084,T0025,home,11,114.04,0,Dusty,1751
B005764,2025-07-08,V015,doubles,T0032,T0011,2,2,T0032,T0011,home,13,567.8,0,Glittering,190
B005765,2024-08-02,V003,doubles,T0080,T0048,2,2,T0080,T0048,home,12,237.51,0,Breezy,621
B005766,2025-11-16,V003,triples,T0080,T0079,3,3,T0080,T0079,home,17,498.4,0,Breezy,580
B005767,2025-03-25,V023,doubles,T0114,T0149,2,2,T0149,T0114,away,7,266.77,0,Windy,1156
B005768,2025-10-06,V040,triples,T0133,T0165,3,3,T0165,T0133,away,17,464.94,0,Smog,230
B005769,2024-04-30,V050,triples,T0124,T0060,3,3,T0124,T0060,home,22,287.09,1,Overcast,271
B005770,2024-11-05,V030,singles,T0122,T0052,1,1,T0052,T0122,away,9,284.76,0,Sunny,897
B005771,2026-01-29,V011,singles,T0158,T0010,1,1,T0158,T0010,home,8,156.21,0,Thunderstorm,178
B005772,2024-09-05,V009,triples,T0158,T0050,3,3,T0050,T0158,away,16,242.56,0,High Winds,1858
B005773,2025-12-28,V026,singles,T0120,T0024,1,1,T0024,T0120,away,7,267.23,0,Fog,859
B005774,2025-12-15,V012,triples,T0157,T0040,3,3,T0040,T0157,away,17,433.67,0,Thunderstorm,918
B005775,2024-07-02,V022,singles,T0074,T0157,1,1,T0157,T0074,away,10,82.36,0,Windy,787
B005776,2024-05-15,V014,singles,T0122,T0090,1,1,T0122,T0090,home,13,169.9,0,Glittering,1644
B005777,2025-12-09,V008,triples,T0038,T0011,3,3,T0038,T0011,home,11,270.19,0,High Winds,324
B005778,2024-11-23,V037,doubles,T0015,T0122,2,2,T0015,T0122,home,10,111.17,0,Clear,1095
B005779,2026-01-26,V024,triples,T0078,T0005,3,3,T0078,T0005,home,24,239.94,1,Windy,1077
B005780,2025-09-21,V054,doubles,T0128,T0179,2,2,T0128,T0179,home,11,181.83,0,Rain,655
B005781,2025-09-14,V003,doubles,T0080,T0144,2,2,T0144,T0080,away,11,58.69,0,Breezy,451
B005782,2024-03-11,V049,triples,T0020,T0151,3,3,T0020,T0151,home,16,233.99,0,Overcast,746
B005783,2025-05-29,V027,doubles,T0029,T0131,2,2,T0131,T0029,away,13,289.47,0,Fog,782
B005784,2025-04-02,V004,doubles,T0036,T0063,2,2,T0063,T0036,away,11,65.99,0,Moonless,590
B005785,2025-09-16,V001,triples,T0063,T0110,3,3,T0063,T0110,home,21,287.29,1,Breezy,751
B005786,2025-11-13,V026,singles,T0117,T0039,1,1,T0117,T0039,home,9,401.93,0,Fog,650
B005787,2026-01-14,V011,doubles,T0095,T0066,2,2,T0066,T0095,away,13,104.62,0,Thunderstorm,191
B005788,2025-03-06,V035,triples,T0177,T0018,3,3,T0018,T0177,away,11,172.66,0,Hail,386
B005789,2025-01-28,V014,doubles,T0150,T0102,2,2,T0102,T0150,away,20,105.32,1,Glittering,1629
B005790,2024-07-03,V025,singles,T0158,T0075,1,1,T0158,T0075,home,12,255.15,0,Fog,775
B005791,2024-09-29,V051,triples,T0102,T0115,3,3,T0102,T0115,home,9,184.92,0,Overcast,522
B005792,2025-01-13,V028,triples,T0004,T0085,3,3,T0004,T0085,home,22,187.42,0,Sunny,693
B005793,2024-10-02,V031,doubles,T0070,T0025,2,2,T0025,T0070,away,11,367.74,0,Dusty,423
B005794,2026-01-14,V001,singles,T0162,T0013,1,1,T0013,T0162,away,13,143.11,0,Breezy,508
B005795,2024-07-28,V054,doubles,T0063,T0032,2,2,T0032,T0063,away,7,581.12,0,Rain,535
B005796,2024-02-20,V020,singles,T0175,T0045,1,1,T0045,T0175,away,6,137.04,0,Harsh Sun,1690
B005797,2025-11-23,V019,doubles,T0020,T0160,2,2,T0020,T0160,home,10,282.89,0,Harsh Sun,817
B005798,2025-09-15,V054,triples,T0151,T0145,3,3,T0145,T0151,away,15,74.55,0,Rain,483
B005799,2024-06-08,V022,triples,T0164,T0119,3,3,T0119,T0164,away,13,141.37,0,Windy,1035
B005800,2025-05-24,V015,singles,T0094,T0178,1,1,T0178,T0094,away,10,6.92,0,Glittering,154
B005801,2025-06-11,V045,singles,T0135,T0177,1,1,T0135,T0177,home,4,188.89,0,Odd Aura,549
B005802,2025-09-16,V012,doubles,T0095,T0100,2,2,T0095,T0100,home,8,297.96,0,Thunderstorm,824
B005803,2024-06-28,V020,triples,T0172,T0112,3,3,T0112,T0172,away,15,192.85,0,Harsh Sun,1788
B005804,2025-09-24,V001,singles,T0147,T0018,1,1,T0147,T0018,home,6,397.48,0,Breezy,705
B005805,2025-01-20,V048,triples,T0119,T0087,3,3,T0119,T0087,home,13,233.27,0,Sandstorm,2163
B005806,2025-01-23,V019,singles,T0109,T0096,1,1,T0109,T0096,home,12,35.29,0,Harsh Sun,1340
B005807,2024-10-04,V010,doubles,T0089,T0004,2,2,T0089,T0004,home,13,13.18,0,Thunderstorm,499
B005808,2024-09-04,V050,doubles,T0017,T0020,2,2,T0020,T0017,away,14,8.58,1,Overcast,237
B005809,2024-02-01,V030,doubles,T0078,T0142,2,2,T0142,T0078,away,10,433.77,0,Sunny,825
B005810,2024-01-08,V014,singles,T0163,T0016,1,1,T0016,T0163,away,11,16.78,0,Glittering,1642
B005811,2025-06-02,V052,singles,T0040,T0026,1,1,T0026,T0040,away,11,212.82,0,Rain,835
B005812,2025-10-11,V025,singles,T0168,T0155,1,1,T0155,T0168,away,11,241.51,0,Fog,1104
B005813,2025-03-26,V044,singles,T0056,T0169,1,1,T0169,T0056,away,12,91.33,0,Odd Aura,1702
B005814,2024-07-23,V009,doubles,T0059,T0022,2,2,T0059,T0022,home,17,130.33,0,High Winds,1974
B005815,2025-10-25,V042,triples,T0037,T0101,3,3,T0037,T0101,home,11,162.47,0,Smog,741
B005816,2025-08-13,V007,triples,T0051,T0108,3,3,T0051,T0108,home,9,11.7,0,High Winds,1275
B005817,2024-08-08,V026,singles,T0028,T0088,1,1,T0088,T0028,away,6,32.4,0,Fog,738
B005818,2025-03-13,V017,singles,T0113,T0077,1,1,T0077,T0113,away,14,18.1,0,Clear,741
B005819,2026-03-11,V001,triples,T0109,T0020,3,3,T0020,T0109,away,9,652.11,0,Breezy,666
B005820,2024-05-12,V047,triples,T0031,T0058,3,3,T0031,T0058,home,24,193.31,1,Sandstorm,357
B005821,2024-05-10,V050,singles,T0017,T0009,1,1,T0017,T0009,home,10,61.73,0,Overcast,195
B005822,2025-08-19,V023,doubles,T0172,T0059,2,2,T0059,T0172,away,8,216.82,0,Windy,1151
B005823,2024-12-22,V031,triples,T0145,T0106,3,3,T0145,T0106,home,12,281.95,0,Dusty,355
B005824,2024-12-08,V013,singles,T0145,T0008,1,1,T0145,T0008,home,9,203.1,0,Glittering,1573
B005825,2025-04-29,V035,singles,T0072,T0142,1,1,T0142,T0072,away,8,48.59,0,Hail,359
B005826,2025-03-14,V053,doubles,T0095,T0129,2,2,T0095,T0129,home,10,199.75,0,Rain,372
B005827,2025-01-29,V025,doubles,T0043,T0042,2,2,T0043,T0042,home,20,48.44,1,Fog,1209
B005828,2025-05-02,V014,doubles,T0128,T0099,2,2,T0128,T0099,home,9,333.79,0,Glittering,1700
B005829,2024-07-05,V002,doubles,T0005,T0139,2,2,T0139,T0005,away,11,149.29,0,Breezy,1097
B005830,2025-02-06,V009,triples,T0028,T0016,3,3,T0016,T0028,away,20,4.24,1,High Winds,1960
B005831,2024-02-14,V018,triples,T0016,T0100,3,3,T0016,T0100,home,13,219.81,0,Clear,1704
B005832,2024-02-17,V017,doubles,T0033,T0047,2,2,T0047,T0033,away,8,182.44,0,Clear,478
B005833,2024-10-09,V045,triples,T0049,T0113,3,3,T0049,T0113,home,15,20.59,0,Odd Aura,588
B005834,2024-01-06,V032,singles,T0082,T0161,1,1,T0082,T0161,home,10,86.42,0,Dusty,1451
B005835,2025-06-03,V031,doubles,T0031,T0177,2,2,T0177,T0031,away,17,170.35,1,Dusty,431
B005836,2025-07-28,V026,doubles,T0041,T0153,2,2,T0041,T0153,home,12,326.28,0,Fog,554
B005837,2024-06-25,V011,doubles,T0128,T0060,2,2,T0128,T0060,home,10,127.85,0,Thunderstorm,188
B005838,2024-10-20,V028,triples,T0073,T0025,3,3,T0073,T0025,home,20,98.51,0,Sunny,1270
B005839,2024-10-31,V022,triples,T0164,T0115,3,3,T0115,T0164,away,24,159.18,1,Windy,1174
B005840,2025-01-02,V010,doubles,T0105,T0033,2,2,T0033,T0105,away,12,92.65,0,Thunderstorm,521
B005841,2024-12-21,V027,doubles,T0062,T0083,2,3,T0083,T0062,away,10,462.52,0,Fog,837
B005842,2025-06-22,V052,triples,T0036,T0085,3,3,T0085,T0036,away,16,61.81,0,Rain,703
B005843,2025-07-20,V042,doubles,T0105,T0139,2,2,T0105,T0139,home,21,162.31,1,Smog,769
B005844,2024-10-25,V044,singles,T0127,T0048,1,1,T0127,T0048,home,11,18.31,0,Odd Aura,1470
B005845,2025-05-28,V018,doubles,T0035,T0150,2,2,T0035,T0150,home,20,71.58,1,Clear,1264
B005846,2024-12-11,V007,triples,T0022,T0045,3,3,T0022,T0045,home,18,86.09,0,High Winds,1160
B005847,2025-10-14,V020,doubles,T0064,T0103,2,2,T0103,T0064,away,9,449.59,0,Harsh Sun,1567
B005848,2024-08-21,V019,triples,T0092,T0160,3,3,T0160,T0092,away,19,65.65,1,Harsh Sun,888
B005849,2025-06-27,V034,triples,T0071,T0155,3,3,T0155,T0071,away,19,42.62,1,Hail,1379
B005850,2026-03-03,V028,singles,T0123,T0044,1,1,T0123,T0044,home,10,84.06,0,Sunny,1051
B005851,2024-11-15,V023,doubles,T0068,T0021,2,2,T0021,T0068,away,12,409.52,0,Windy,1365
B005852,2026-01-06,V054,doubles,T0179,T0145,2,2,T0145,T0179,away,10,180.44,0,Rain,578
B005853,2026-01-11,V021,singles,T0006,T0019,1,1,T0006,T0019,home,7,78.79,0,Harsh Sun,243
B005854,2025-05-16,V005,doubles,T0026,T0113,2,2,T0113,T0026,away,24,35.81,1,Moonless,944
B005855,2024-06-08,V024,singles,T0019,T0158,1,1,T0019,T0158,home,15,221.34,0,Windy,956
B005856,2024-08-31,V037,triples,T0083,T0139,3,3,T0139,T0083,away,10,318.61,0,Clear,1259
B005857,2025-03-28,V028,triples,T0153,T0035,3,3,T0035,T0153,away,24,399.08,1,Sunny,934
B005858,2024-03-01,V053,triples,T0170,T0169,3,3,T0170,T0169,home,13,459.99,0,Rain,475
B005859,2025-08-30,V044,singles,T0077,T0139,1,1,T0139,T0077,away,13,107.06,0,Odd Aura,1408
B005860,2024-06-18,V017,doubles,T0035,T0050,2,2,T0035,T0050,home,14,1.42,0,Clear,706
B005861,2024-01-16,V054,doubles,T0180,T0062,2,2,T0062,T0180,away,8,48.75,0,Rain,583
B005862,2025-02-03,V022,triples,T0169,T0054,3,3,T0054,T0169,away,17,280.14,0,Windy,1011
B005863,2024-08-01,V029,singles,T0090,T0076,1,1,T0090,T0076,home,12,112.68,0,Sunny,512
B005864,2025-01-24,V046,doubles,T0081,T0090,2,2,T0090,T0081,away,12,55.58,0,Sandstorm,529
B005865,2025-11-14,V029,doubles,T0148,T0089,2,2,T0089,T0148,away,23,29.84,1,Sunny,524
B005866,2024-03-05,V020,singles,T0160,T0131,1,1,T0131,T0160,away,13,60.49,0,Harsh Sun,1661
B005867,2024-04-09,V023,doubles,T0001,T0041,2,2,T0041,T0001,away,12,376.69,0,Windy,1243
B005868,2025-10-31,V017,singles,T0084,T0061,1,1,T0084,T0061,home,12,149.31,0,Clear,564
B005869,2025-03-04,V036,singles,T0153,T0116,1,1,T0116,T0153,away,16,99.09,0,Hail,689
B005870,2025-02-26,V034,doubles,T0050,T0153,2,2,T0050,T0153,home,15,4.1,0,Hail,1595
B005871,2025-07-25,V038,doubles,T0006,T0170,2,2,T0006,T0170,home,10,97.63,0,Clear,1052
B005872,2024-02-20,V028,doubles,T0165,T0168,2,2,T0168,T0165,away,13,52.43,0,Sunny,861
B005873,2024-02-22,V016,triples,T0159,T0063,3,3,T0159,T0063,home,16,2.57,0,Clear,162
B005874,2025-05-14,V032,singles,T0117,T0064,1,1,T0117,T0064,home,6,302.78,0,Dusty,1388
B005875,2025-02-06,V011,singles,T0101,T0060,1,1,T0060,T0101,away,12,174.39,0,Thunderstorm,159
B005876,2026-02-22,V028,doubles,T0141,T0096,2,2,T0096,T0141,away,10,35.81,0,Sunny,645
B005877,2025-08-24,V039,doubles,T0144,T0085,2,2,T0144,T0085,home,18,174.34,0,Clear,723
B005878,2025-04-28,V015,triples,T0032,T0061,3,3,T0032,T0061,home,23,490.68,1,Glittering,178
B005879,2024-12-17,V025,singles,T0099,T0049,1,1,T0099,T0049,home,10,58.92,0,Fog,1045
B005880,2026-03-22,V050,singles,T0101,T0174,1,1,T0174,T0101,away,6,227.01,0,Overcast,193
B005881,2025-08-02,V039,singles,T0094,T0056,1,1,T0094,T0056,home,8,13.18,0,Clear,781
B005882,2025-12-23,V020,doubles,T0051,T0061,2,2,T0051,T0061,home,7,368.09,0,Harsh Sun,1345
B005883,2024-09-08,V052,doubles,T0099,T0022,2,2,T0099,T0022,home,14,347.67,0,Rain,645
B005884,2024-11-22,V034,triples,T0160,T0107,3,3,T0107,T0160,away,22,295.86,1,Hail,1393
B005885,2024-02-20,V034,singles,T0151,T0152,1,1,T0151,T0152,home,10,4.6,0,Hail,1506
B005886,2024-02-22,V005,singles,T0063,T0041,1,1,T0063,T0041,home,7,158.36,0,Moonless,1071
B005887,2025-12-20,V040,doubles,T0152,T0082,2,2,T0152,T0082,home,7,86.39,0,Smog,281
B005888,2025-08-24,V025,doubles,T0046,T0095,2,2,T0095,T0046,away,10,184.51,0,Fog,739
B005889,2024-12-01,V017,doubles,T0022,T0074,2,2,T0074,T0022,away,14,227.22,0,Clear,721
B005890,2024-12-23,V015,doubles,T0039,T0099,2,2,T0039,T0099,home,16,92.67,1,Glittering,167
B005891,2025-10-03,V015,singles,T0177,T0148,1,1,T0148,T0177,away,8,343.96,0,Glittering,135
B005892,2025-02-19,V032,doubles,T0104,T0010,2,2,T0010,T0104,away,5,90.64,0,Dusty,1405
B005893,2024-03-02,V001,singles,T0085,T0079,1,1,T0079,T0085,away,9,226.93,0,Breezy,781
B005894,2025-03-13,V005,doubles,T0003,T0026,2,2,T0026,T0003,away,13,28.18,0,Moonless,1064
B005895,2024-08-09,V020,doubles,T0003,T0009,2,2,T0009,T0003,away,13,182.67,0,Harsh Sun,1809
B005896,2024-10-14,V047,doubles,T0134,T0037,2,2,T0134,T0037,home,16,269.13,0,Sandstorm,306
B005897,2024-03-09,V008,singles,T0039,T0100,1,1,T0100,T0039,away,10,149.99,0,High Winds,372
B005898,2024-10-11,V044,singles,T0121,T0074,1,1,T0121,T0074,home,12,119.56,0,Odd Aura,1608
B005899,2025-05-29,V047,doubles,T0035,T0029,2,2,T0035,T0029,home,9,393.09,0,Sandstorm,306
B005900,2025-12-31,V036,triples,T0050,T0042,3,3,T0050,T0042,home,23,148.44,1,Hail,661
B005901,2025-12-09,V006,singles,T0013,T0134,1,1,T0134,T0013,away,12,65.52,0,Moonless,442
B005902,2024-03-26,V028,singles,T0061,T0078,1,1,T0078,T0061,away,11,31.09,0,Sunny,779
B005903,2024-10-21,V042,singles,T0088,T0098,1,1,T0098,T0088,away,7,397.97,0,Smog,792
B005904,2025-04-10,V033,triples,T0085,T0145,3,3,T0145,T0085,away,13,244.48,0,Dusty,1632
B005905,2024-05-16,V044,triples,T0094,T0075,3,3,T0094,T0075,home,14,488.93,0,Odd Aura,1588
B005906,2024-10-29,V004,singles,T0100,T0040,1,1,T0040,T0100,away,9,309.03,0,Moonless,505
B005907,2025-11-27,V046,triples,T0083,T0149,3,3,T0149,T0083,away,11,54.66,0,Sandstorm,444
B005908,2024-06-23,V038,triples,T0026,T0097,3,3,T0026,T0097,home,15,53.9,0,Clear,997
B005909,2024-01-12,V021,singles,T0073,T0147,1,1,T0147,T0073,away,13,42.63,0,Harsh Sun,233
B005910,2024-10-26,V041,doubles,T0145,T0072,2,2,T0145,T0072,home,15,412.64,0,Smog,542
B005911,2024-04-09,V038,doubles,T0179,T0057,2,2,T0057,T0179,away,18,228.28,1,Clear,758
B005912,2024-12-18,V051,doubles,T0082,T0110,2,2,T0110,T0082,away,14,25.48,0,Overcast,539
B005913,2024-01-12,V053,singles,T0052,T0152,1,1,T0152,T0052,away,11,226.91,0,Rain,496
B005914,2025-06-08,V050,singles,T0008,T0153,1,1,T0008,T0153,home,14,162.32,0,Overcast,203
B005915,2025-11-18,V047,singles,T0015,T0009,1,1,T0009,T0015,away,10,251.09,0,Sandstorm,393
B005916,2024-05-07,V041,doubles,T0155,T0144,2,2,T0144,T0155,away,10,113.19,0,Smog,430
B005917,2026-02-09,V027,doubles,T0043,T0142,2,2,T0043,T0142,home,18,239.3,1,Fog,768
B005918,2024-01-26,V015,singles,T0144,T0145,1,1,T0145,T0144,away,14,272.86,0,Glittering,203
B005919,2024-09-26,V008,doubles,T0171,T0005,2,2,T0005,T0171,away,9,55.62,0,High Winds,190
B005920,2024-06-07,V044,triples,T0033,T0159,3,3,T0159,T0033,away,15,324.33,0,Odd Aura,1440
B005921,2024-09-02,V009,singles,T0060,T0022,1,1,T0060,T0022,home,9,36.68,0,High Winds,1463
B005922,2024-04-19,V041,singles,T0106,T0126,1,1,T0106,T0126,home,9,142.61,0,Smog,767
B005923,2024-11-24,V023,doubles,T0043,T0146,2,2,T0043,T0146,home,7,41.45,0,Windy,1262
B005924,2024-02-15,V006,doubles,T0093,T0078,2,2,T0078,T0093,away,10,1.51,0,Moonless,512
B005925,2025-08-05,V051,singles,T0083,T0001,1,1,T0001,T0083,away,4,9.36,0,Overcast,522
B005926,2025-08-30,V031,singles,T0029,T0075,1,1,T0029,T0075,home,8,76.76,0,Dusty,380
B005927,2025-03-09,V053,singles,T0069,T0143,1,1,T0143,T0069,away,10,284.5,0,Rain,528
B005928,2024-10-30,V026,singles,T0146,T0141,1,1,T0141,T0146,away,11,254.53,0,Fog,760
B005929,2024-08-01,V007,singles,T0109,T0038,1,1,T0038,T0109,away,10,64.46,0,High Winds,1453
B005930,2026-02-27,V023,doubles,T0039,T0123,2,2,T0039,T0123,home,7,218.64,0,Windy,1157
B005931,2024-01-29,V009,doubles,T0056,T0009,2,2,T0009,T0056,away,9,187.66,0,High Winds,1737
B005932,2025-10-17,V044,doubles,T0048,T0054,2,2,T0054,T0048,away,8,121.24,0,Odd Aura,1427
B005933,2025-05-14,V047,doubles,T0112,T0030,2,2,T0030,T0112,away,9,170.18,0,Sandstorm,377
B005934,2024-10-18,V040,triples,T0026,T0160,3,3,T0160,T0026,away,20,88.58,1,Smog,273
B005935,2025-11-07,V019,doubles,T0062,T0117,2,2,T0117,T0062,away,10,195.54,0,Harsh Sun,1573
B005936,2024-07-27,V004,doubles,T0164,T0019,2,2,T0164,T0019,home,10,155.56,0,Moonless,526
B005937,2025-09-29,V034,singles,T0101,T0076,1,1,T0076,T0101,away,11,122.89,0,Hail,1397
B005938,2025-05-19,V043,singles,T0171,T0111,1,1,T0111,T0171,away,8,24.8,0,Odd Aura,853
B005939,2025-07-04,V027,triples,T0139,T0053,3,3,T0053,T0139,away,13,209.93,0,Fog,846
B005940,2026-02-01,V007,singles,T0055,T0041,1,1,T0041,T0055,away,5,20.06,0,High Winds,1352
B005941,2025-01-09,V026,singles,T0150,T0034,1,1,T0034,T0150,away,11,79.34,0,Fog,808
B005942,2024-03-11,V033,doubles,T0121,T0045,2,2,T0045,T0121,away,15,24.01,0,Dusty,1727
B005943,2025-05-18,V032,singles,T0005,T0021,1,1,T0005,T0021,home,7,121.5,0,Dusty,1153
B005944,2024-04-07,V038,singles,T0124,T0110,1,1,T0110,T0124,away,9,168.27,0,Clear,963
B005945,2025-06-19,V038,doubles,T0066,T0043,2,2,T0066,T0043,home,18,67.95,0,Clear,963
B005946,2025-08-15,V021,singles,T0052,T0099,1,1,T0099,T0052,away,5,157.68,0,Harsh Sun,214
B005947,2024-12-21,V043,doubles,T0139,T0047,2,2,T0139,T0047,home,12,174.73,0,Odd Aura,850
B005948,2024-03-31,V049,triples,T0170,T0053,3,3,T0170,T0053,home,17,376.0,0,Overcast,693
B005949,2024-04-13,V045,doubles,T0058,T0005,2,2,T0005,T0058,away,14,173.33,0,Odd Aura,545
B005950,2025-07-31,V020,singles,T0051,T0112,1,1,T0051,T0112,home,8,47.13,0,Harsh Sun,1797
B005951,2024-04-05,V024,doubles,T0136,T0032,2,2,T0136,T0032,home,16,189.78,0,Windy,960
B005952,2024-11-06,V007,singles,T0081,T0131,1,1,T0081,T0131,home,9,185.52,0,High Winds,1401
B005953,2025-04-02,V018,doubles,T0128,T0120,2,3,T0120,T0128,away,10,158.38,0,Clear,1407
B005954,2024-08-31,V003,triples,T0077,T0059,3,3,T0077,T0059,home,22,140.77,1,Breezy,418
B005955,2026-01-07,V008,doubles,T0011,T0071,2,2,T0071,T0011,away,12,415.03,0,High Winds,296
B005956,2026-01-04,V027,singles,T0043,T0017,1,1,T0043,T0017,home,14,26.01,0,Fog,782
B005957,2025-06-09,V021,doubles,T0113,T0116,2,2,T0116,T0113,away,24,3.37,1,Harsh Sun,166
B005958,2025-09-16,V009,doubles,T0009,T0117,2,3,T0117,T0009,away,12,623.8,0,High Winds,1788
B005959,2024-02-05,V052,triples,T0128,T0016,3,3,T0128,T0016,home,11,466.46,0,Rain,646
B005960,2024-08-31,V025,doubles,T0131,T0017,2,2,T0131,T0017,home,24,416.82,1,Fog,1076
B005961,2025-09-07,V002,triples,T0040,T0038,3,3,T0038,T0040,away,15,57.61,0,Breezy,1204
B005962,2026-02-20,V002,singles,T0080,T0049,1,1,T0049,T0080,away,7,22.43,0,Breezy,1106
B005963,2025-09-12,V046,singles,T0037,T0001,1,1,T0001,T0037,away,9,372.73,0,Sandstorm,513
B005964,2024-05-12,V037,doubles,T0164,T0110,2,2,T0110,T0164,away,12,114.93,0,Clear,1125
B005965,2024-10-21,V037,doubles,T0104,T0097,2,2,T0097,T0104,away,14,159.9,0,Clear,1104
B005966,2025-11-14,V046,doubles,T0088,T0008,2,2,T0008,T0088,away,8,231.74,0,Sandstorm,506
B005967,2026-03-10,V042,triples,T0097,T0165,3,3,T0097,T0165,home,16,18.26,0,Smog,585
B005968,2025-10-30,V018,doubles,T0161,T0003,2,2,T0161,T0003,home,16,79.76,0,Clear,1123
B005969,2026-02-10,V018,doubles,T0058,T0167,2,2,T0058,T0167,home,14,340.12,0,Clear,1483
B005970,2025-03-25,V018,triples,T0081,T0048,3,3,T0081,T0048,home,24,86.54,1,Clear,1529
B005971,2026-01-14,V014,triples,T0084,T0029,3,3,T0084,T0029,home,21,510.81,1,Glittering,1415
B005972,2025-07-06,V019,singles,T0003,T0060,1,1,T0060,T0003,away,5,115.76,0,Harsh Sun,788
B005973,2026-03-04,V025,singles,T0061,T0080,1,1,T0080,T0061,away,10,142.97,0,Fog,1139
B005974,2025-11-05,V012,doubles,T0146,T0150,2,2,T0150,T0146,away,24,84.77,1,Thunderstorm,1047
B005975,2025-03-17,V006,doubles,T0173,T0051,2,2,T0051,T0173,away,14,498.75,1,Moonless,512
B005976,2025-02-20,V002,triples,T0032,T0034,3,3,T0034,T0032,away,16,23.43,0,Breezy,783
B005977,2026-01-15,V028,doubles,T0108,T0137,2,2,T0108,T0137,home,8,293.64,0,Sunny,1003
B005978,2024-04-06,V043,doubles,T0151,T0044,2,2,T0151,T0044,home,24,258.56,1,Odd Aura,941
B005979,2026-01-04,V009,triples,T0028,T0076,3,3,T0028,T0076,home,13,314.97,0,High Winds,1934
B005980,2025-01-14,V027,singles,T0160,T0008,1,1,T0160,T0008,home,7,67.33,0,Fog,783
B005981,2026-01-12,V037,singles,T0152,T0031,1,1,T0031,T0152,away,12,110.4,0,Clear,1093
B005982,2025-09-07,V020,doubles,T0007,T0068,2,2,T0007,T0068,home,9,47.86,0,Harsh Sun,1742
B005983,2024-08-02,V033,singles,T0034,T0082,1,1,T0034,T0082,home,9,72.26,0,Dusty,1749
B005984,2024-06-10,V022,doubles,T0139,T0014,2,2,T0139,T0014,home,9,391.17,0,Windy,813
B005985,2024-11-02,V040,singles,T0180,T0005,1,1,T0005,T0180,away,7,255.47,0,Smog,258
B005986,2024-07-22,V015,singles,T0120,T0039,1,1,T0120,T0039,home,13,265.28,0,Glittering,123
B005987,2025-04-23,V022,doubles,T0123,T0067,2,2,T0067,T0123,away,18,493.05,1,Windy,1047
B005988,2024-04-22,V024,doubles,T0149,T0021,2,2,T0149,T0021,home,7,9.77,0,Windy,1000
B005989,2025-02-19,V022,doubles,T0113,T0173,2,2,T0113,T0173,home,17,283.21,0,Windy,1071
B005990,2025-02-02,V050,singles,T0059,T0160,1,1,T0059,T0160,home,10,156.86,0,Overcast,164
B005991,2025-01-11,V001,singles,T0166,T0045,1,1,T0166,T0045,home,12,118.72,0,Breezy,773
B005992,2025-05-29,V046,triples,T0142,T0071,3,3,T0071,T0142,away,15,20.55,0,Sandstorm,468
B005993,2025-11-17,V035,triples,T0173,T0092,3,3,T0092,T0173,away,16,191.54,0,Hail,437
B005994,2025-06-20,V009,doubles,T0057,T0114,2,2,T0057,T0114,home,11,383.31,0,High Winds,1796
B005995,2024-06-27,V014,singles,T0046,T0083,1,1,T0083,T0046,away,6,40.39,0,Glittering,1570
B005996,2025-09-24,V016,triples,T0080,T0149,3,3,T0080,T0149,home,10,83.36,0,Clear,138
B005997,2025-06-07,V032,singles,T0124,T0138,1,1,T0138,T0124,away,8,110.65,0,Dusty,878
B005998,2024-04-05,V038,doubles,T0157,T0004,2,2,T0157,T0004,home,9,28.46,0,Clear,921
B005999,2024-01-31,V003,singles,T0074,T0163,1,1,T0163,T0074,away,9,78.36,0,Breezy,505
B006000,2024-09-26,V048,singles,T0056,T0133,1,2,T0133,T0056,away,5,469.73,0,Sandstorm,1959
B006001,2024-11-20,V009,doubles,T0168,T0042,2,2,T0042,T0168,away,20,50.14,1,High Winds,1878
B006002,2025-09-20,V028,singles,T0095,T0027,1,1,T0027,T0095,away,8,47.0,0,Sunny,1005
B006003,2024-12-30,V025,doubles,T0152,T0048,2,2,T0048,T0152,away,14,12.3,0,Fog,1210
B006004,2024-02-22,V044,triples,T0128,T0159,3,3,T0128,T0159,home,14,113.2,0,Odd Aura,1559
B006005,2025-04-06,V012,triples,T0146,T0116,3,3,T0116,T0146,away,16,265.91,0,Thunderstorm,962
B006006,2024-01-06,V010,singles,T0090,T0027,1,1,T0027,T0090,away,12,77.59,0,Thunderstorm,550
B006007,2024-08-14,V032,doubles,T0004,T0016,2,2,T0016,T0004,away,9,264.73,0,Dusty,1439
B006008,2026-03-05,V005,singles,T0074,T0106,1,1,T0074,T0106,home,7,4.64,0,Moonless,1036
B006009,2025-12-15,V044,doubles,T0126,T0177,2,2,T0126,T0177,home,8,13.65,0,Odd Aura,1906
B006010,2025-10-19,V028,singles,T0169,T0049,1,1,T0049,T0169,away,8,10.81,0,Sunny,620
B006011,2024-04-22,V008,triples,T0154,T0160,3,3,T0154,T0160,home,24,334.39,1,High Winds,215
B006012,2025-06-13,V011,singles,T0016,T0087,1,1,T0087,T0016,away,6,17.08,0,Thunderstorm,144
B006013,2025-06-15,V004,singles,T0121,T0085,1,1,T0121,T0085,home,18,164.77,0,Moonless,668
B006014,2025-04-19,V008,doubles,T0035,T0029,2,2,T0035,T0029,home,22,308.32,1,High Winds,306
B006015,2025-12-13,V013,singles,T0034,T0059,1,1,T0034,T0059,home,10,241.08,0,Glittering,1334
B006016,2025-08-11,V011,doubles,T0176,T0038,2,2,T0038,T0176,away,9,39.08,0,Thunderstorm,171
B006017,2025-01-22,V047,triples,T0020,T0038,3,3,T0020,T0038,home,17,554.73,0,Sandstorm,301
B006018,2026-02-22,V017,singles,T0030,T0154,1,1,T0030,T0154,home,14,412.21,0,Clear,721
B006019,2024-03-06,V034,triples,T0095,T0012,3,3,T0095,T0012,home,16,344.16,0,Hail,1690
B006020,2025-02-23,V019,doubles,T0101,T0014,2,2,T0101,T0014,home,24,154.0,1,Harsh Sun,834
B006021,2024-04-27,V017,triples,T0076,T0124,3,3,T0076,T0124,home,18,377.83,0,Clear,687
B006022,2024-03-23,V016,singles,T0060,T0125,1,1,T0125,T0060,away,12,38.64,0,Clear,207
B006023,2026-02-02,V054,singles,T0128,T0050,1,1,T0128,T0050,home,12,6.85,0,Rain,732
B006024,2024-05-31,V018,doubles,T0123,T0033,2,2,T0033,T0123,away,16,29.85,0,Clear,1576
B006025,2024-05-30,V029,singles,T0108,T0097,1,1,T0108,T0097,home,8,433.63,0,Sunny,512
B006026,2024-12-23,V022,triples,T0074,T0173,3,3,T0173,T0074,away,13,390.59,0,Windy,733
B006027,2024-08-16,V040,triples,T0168,T0037,3,3,T0037,T0168,away,8,162.36,0,Smog,244
B006028,2025-02-20,V021,singles,T0030,T0143,1,1,T0143,T0030,away,8,117.6,0,Harsh Sun,222
B006029,2026-01-28,V037,triples,T0039,T0164,3,3,T0164,T0039,away,14,228.69,0,Clear,1054
B006030,2025-05-19,V031,triples,T0067,T0080,3,3,T0080,T0067,away,16,7.24,1,Dusty,571
B006031,2026-02-09,V028,doubles,T0153,T0158,2,2,T0158,T0153,away,14,108.52,0,Sunny,712
B006032,2026-02-21,V009,triples,T0165,T0035,3,3,T0035,T0165,away,15,76.88,0,High Winds,1709
B006033,2024-11-29,V012,triples,T0058,T0022,3,3,T0058,T0022,home,16,53.89,0,Thunderstorm,1031
B006034,2024-11-28,V037,doubles,T0040,T0059,2,2,T0040,T0059,home,11,157.64,0,Clear,1152
B006035,2025-05-07,V049,doubles,T0102,T0160,2,2,T0102,T0160,home,7,279.47,0,Overcast,690
B006036,2025-05-24,V049,doubles,T0118,T0153,2,2,T0118,T0153,home,9,181.52,0,Overcast,1026
B006037,2025-10-15,V025,triples,T0065,T0049,3,3,T0065,T0049,home,22,109.52,1,Fog,1241
B006038,2026-03-23,V024,singles,T0087,T0093,1,1,T0093,T0087,away,8,43.9,0,Windy,1227
B006039,2025-11-06,V001,triples,T0043,T0039,3,3,T0043,T0039,home,19,312.87,1,Breezy,682
B006040,2024-02-05,V036,singles,T0158,T0177,1,1,T0158,T0177,home,10,208.23,0,Hail,669
B006041,2024-11-06,V035,triples,T0110,T0168,3,3,T0168,T0110,away,18,157.57,0,Hail,420
B006042,2024-09-08,V039,doubles,T0068,T0043,2,2,T0068,T0043,home,15,98.3,0,Clear,784
B006043,2024-08-17,V025,triples,T0077,T0112,3,3,T0112,T0077,away,18,182.32,0,Fog,1261
B006044,2025-11-02,V008,doubles,T0173,T0141,2,2,T0173,T0141,home,15,84.88,0,High Winds,377
B006045,2024-06-14,V046,singles,T0119,T0001,1,1,T0119,T0001,home,7,161.0,0,Sandstorm,426
B006046,2025-09-03,V052,singles,T0155,T0089,1,1,T0089,T0155,away,14,127.96,0,Rain,885
B006047,2024-12-21,V021,doubles,T0024,T0087,2,3,T0087,T0024,away,10,1083.44,0,Harsh Sun,237
B006048,2024-03-07,V003,doubles,T0174,T0118,2,2,T0174,T0118,home,6,8.05,0,Breezy,523
B006049,2025-09-11,V045,doubles,T0080,T0174,2,2,T0080,T0174,home,11,177.19,0,Odd Aura,436
B006050,2025-08-17,V021,triples,T0147,T0029,3,3,T0147,T0029,home,24,471.78,1,Harsh Sun,216
B006051,2024-01-17,V046,doubles,T0136,T0006,2,2,T0006,T0136,away,22,194.81,1,Sandstorm,591
B006052,2024-08-08,V036,singles,T0154,T0075,1,1,T0075,T0154,away,11,42.09,0,Hail,700
B006053,2024-09-20,V018,singles,T0018,T0064,1,1,T0018,T0064,home,7,322.43,0,Clear,1173
B006054,2025-04-13,V017,doubles,T0030,T0163,2,2,T0163,T0030,away,11,196.04,0,Clear,612
B006055,2024-10-15,V002,singles,T0026,T0149,1,1,T0149,T0026,away,7,27.36,0,Breezy,1043
B006056,2025-10-06,V027,triples,T0119,T0075,3,3,T0119,T0075,home,10,296.5,0,Fog,690
B006057,2025-02-16,V052,triples,T0010,T0177,3,3,T0177,T0010,away,21,276.11,1,Rain,455
B006058,2024-07-23,V046,triples,T0072,T0019,3,3,T0019,T0072,away,19,287.29,1,Sandstorm,340
B006059,2024-06-18,V026,singles,T0150,T0164,1,1,T0150,T0164,home,7,218.95,0,Fog,776
B006060,2025-12-30,V029,doubles,T0108,T0121,2,2,T0121,T0108,away,18,67.92,0,Sunny,515
B006061,2025-04-23,V039,doubles,T0069,T0150,2,2,T0150,T0069,away,7,134.34,0,Clear,682
B006062,2024-10-10,V043,doubles,T0126,T0094,2,2,T0126,T0094,home,15,153.41,0,Odd Aura,805
B006063,2025-05-14,V014,doubles,T0090,T0158,2,2,T0090,T0158,home,13,31.23,0,Glittering,1515
B006064,2024-02-14,V005,doubles,T0119,T0175,2,2,T0175,T0119,away,15,76.64,0,Moonless,1085
B006065,2025-03-29,V006,triples,T0143,T0007,3,3,T0007,T0143,away,19,202.58,1,Moonless,450
B006066,2025-11-09,V023,doubles,T0136,T0047,2,2,T0136,T0047,home,15,270.54,0,Windy,1429
B006067,2024-12-13,V028,doubles,T0079,T0123,2,2,T0079,T0123,home,14,567.37,0,Sunny,927
B006068,2025-05-21,V038,singles,T0033,T0155,1,1,T0155,T0033,away,8,69.27,0,Clear,1076
B006069,2024-03-16,V031,triples,T0093,T0057,3,3,T0057,T0093,away,18,32.91,1,Dusty,444
B006070,2024-08-10,V001,doubles,T0090,T0158,2,2,T0090,T0158,home,21,148.76,1,Breezy,663
B006071,2025-06-02,V048,singles,T0100,T0169,1,1,T0169,T0100,away,10,213.81,0,Sandstorm,1634
B006072,2025-01-05,V026,singles,T0159,T0151,1,1,T0159,T0151,home,7,119.58,0,Fog,739
B006073,2025-07-10,V008,doubles,T0052,T0016,2,2,T0016,T0052,away,8,60.57,0,High Winds,244
B006074,2026-02-11,V052,triples,T0178,T0111,3,3,T0111,T0178,away,24,135.77,1,Rain,626
B006075,2025-10-22,V011,triples,T0095,T0108,3,3,T0095,T0108,home,14,227.89,0,Thunderstorm,142
B006076,2024-10-10,V024,doubles,T0084,T0040,2,2,T0040,T0084,away,20,439.31,1,Windy,1031
B006077,2025-04-26,V050,triples,T0100,T0082,3,3,T0100,T0082,home,14,185.58,0,Overcast,172
B006078,2024-01-01,V008,doubles,T0092,T0063,2,1,T0092,T0063,home,18,371.19,0,High Winds,316
B006079,2024-09-09,V016,doubles,T0097,T0081,2,2,T0097,T0081,home,22,163.02,1,Clear,233
B006080,2025-09-13,V006,doubles,T0118,T0179,2,2,T0118,T0179,home,13,256.88,0,Moonless,492
B006081,2025-01-01,V049,triples,T0106,T0060,3,3,T0060,T0106,away,17,282.88,0,Overcast,556
B006082,2024-06-25,V046,doubles,T0132,T0038,2,2,T0038,T0132,away,8,95.3,0,Sandstorm,387
B006083,2024-01-26,V046,doubles,T0159,T0050,2,2,T0159,T0050,home,11,83.92,0,Sandstorm,447
B006084,2025-03-24,V034,singles,T0030,T0053,1,1,T0030,T0053,home,14,138.5,0,Hail,1418
B006085,2025-05-30,V015,doubles,T0032,T0130,2,1,T0032,T0130,home,21,605.28,1,Glittering,146
B006086,2025-01-10,V034,doubles,T0171,T0048,2,2,T0171,T0048,home,13,228.68,0,Hail,1544
B006087,2025-06-05,V014,triples,T0024,T0090,3,3,T0024,T0090,home,13,222.53,0,Glittering,1782
B006088,2025-05-04,V030,singles,T0149,T0083,1,1,T0083,T0149,away,9,34.78,0,Sunny,1060
B006089,2025-12-28,V054,doubles,T0132,T0162,2,2,T0162,T0132,away,11,266.32,0,Rain,820
B006090,2026-03-19,V009,singles,T0058,T0172,1,1,T0058,T0172,home,11,239.12,0,High Winds,1917
B006091,2024-06-08,V053,doubles,T0145,T0095,2,2,T0145,T0095,home,18,82.49,0,Rain,438
B006092,2025-03-23,V049,doubles,T0105,T0036,2,2,T0105,T0036,home,6,148.5,0,Overcast,722
B006093,2025-04-28,V006,singles,T0160,T0074,1,1,T0160,T0074,home,13,34.41,0,Moonless,461
B006094,2025-01-17,V050,singles,T0176,T0065,1,1,T0176,T0065,home,12,190.87,0,Overcast,203
B006095,2025-10-27,V024,singles,T0164,T0139,1,1,T0164,T0139,home,10,87.98,0,Windy,902
B006096,2024-07-07,V032,doubles,T0081,T0043,2,2,T0043,T0081,away,11,202.8,0,Dusty,993
B006097,2024-08-10,V018,singles,T0157,T0137,1,1,T0157,T0137,home,5,374.44,0,Clear,1198
B006098,2024-04-05,V054,triples,T0151,T0031,3,3,T0031,T0151,away,7,32.88,0,Rain,683
B006099,2025-08-08,V042,triples,T0092,T0026,3,2,T0092,T0026,home,24,644.25,1,Smog,608
B006100,2024-02-03,V049,doubles,T0086,T0030,2,2,T0030,T0086,away,16,288.13,1,Overcast,658
B006101,2025-02-19,V047,singles,T0011,T0159,1,1,T0159,T0011,away,13,379.64,0,Sandstorm,418
B006102,2024-01-14,V029,singles,T0174,T0165,1,1,T0174,T0165,home,12,136.33,0,Sunny,425
B006103,2024-05-30,V007,doubles,T0016,T0167,2,2,T0167,T0016,away,14,297.23,0,High Winds,1532
B006104,2025-03-12,V026,doubles,T0012,T0076,2,2,T0076,T0012,away,14,38.47,0,Fog,519
B006105,2024-12-16,V042,doubles,T0094,T0097,2,2,T0094,T0097,home,7,12.27,0,Smog,595
B006106,2025-10-31,V044,singles,T0152,T0128,1,1,T0152,T0128,home,6,89.97,0,Odd Aura,1547
B006107,2025-12-11,V004,singles,T0036,T0129,1,1,T0036,T0129,home,9,75.7,0,Moonless,695
B006108,2026-03-05,V038,singles,T0101,T0098,1,1,T0098,T0101,away,7,378.93,0,Clear,1149
B006109,2025-01-04,V044,singles,T0013,T0012,1,1,T0013,T0012,home,9,124.62,0,Odd Aura,1363
B006110,2024-09-09,V007,doubles,T0101,T0060,2,2,T0060,T0101,away,13,61.52,0,High Winds,1003
B006111,2024-12-26,V029,singles,T0044,T0096,1,1,T0096,T0044,away,10,369.37,0,Sunny,555
B006112,2026-01-24,V041,singles,T0033,T0019,1,1,T0033,T0019,home,14,22.08,0,Smog,678
B006113,2024-11-16,V030,doubles,T0092,T0128,2,2,T0128,T0092,away,16,265.34,0,Sunny,969
B006114,2025-07-19,V030,doubles,T0023,T0145,2,2,T0145,T0023,away,21,109.98,1,Sunny,800
B006115,2025-05-15,V024,triples,T0136,T0078,3,3,T0136,T0078,home,14,108.2,0,Windy,1215
B006116,2024-12-25,V048,doubles,T0162,T0097,2,2,T0162,T0097,home,11,29.95,0,Sandstorm,2009
B006117,2024-09-15,V024,doubles,T0133,T0094,2,1,T0133,T0094,home,10,687.03,0,Windy,1012
B006118,2025-09-19,V029,doubles,T0172,T0130,2,2,T0130,T0172,away,14,664.87,0,Sunny,521
B006119,2025-10-09,V022,triples,T0164,T0094,3,3,T0094,T0164,away,18,366.57,0,Windy,1292
B006120,2025-06-06,V033,singles,T0101,T0087,1,1,T0087,T0101,away,10,205.18,0,Dusty,1484
B006121,2025-06-11,V047,singles,T0002,T0071,1,1,T0002,T0071,home,5,346.63,0,Sandstorm,358
B006122,2026-02-09,V009,singles,T0045,T0012,1,1,T0012,T0045,away,16,432.24,0,High Winds,1918
B006123,2025-01-22,V038,doubles,T0109,T0124,2,2,T0124,T0109,away,9,69.65,0,Clear,769
B006124,2024-03-23,V053,singles,T0023,T0044,1,1,T0044,T0023,away,9,323.89,0,Rain,389
B006125,2025-09-17,V001,triples,T0147,T0027,3,3,T0147,T0027,home,13,728.18,0,Breezy,810
B006126,2025-12-06,V005,singles,T0071,T0111,1,1,T0111,T0071,away,11,195.33,0,Moonless,1123
B006127,2025-04-06,V006,doubles,T0004,T0066,2,1,T0004,T0066,home,12,470.13,0,Moonless,559
B006128,2025-10-20,V027,singles,T0167,T0068,1,1,T0167,T0068,home,11,77.89,0,Fog,735
B006129,2025-09-02,V035,doubles,T0017,T0157,2,1,T0017,T0157,home,16,548.38,0,Hail,354
B006130,2025-03-11,V027,singles,T0055,T0095,1,1,T0055,T0095,home,13,9.74,0,Fog,721
B006131,2025-07-26,V039,doubles,T0159,T0123,2,2,T0159,T0123,home,9,27.91,0,Clear,312
B006132,2024-11-21,V005,singles,T0125,T0111,1,1,T0111,T0125,away,6,90.38,0,Moonless,977
B006133,2024-08-23,V035,triples,T0005,T0126,3,3,T0005,T0126,home,16,196.83,0,Hail,346
B006134,2025-10-31,V051,triples,T0052,T0155,3,3,T0155,T0052,away,22,50.87,1,Overcast,457
B006135,2025-06-30,V026,triples,T0156,T0074,3,3,T0156,T0074,home,16,642.96,1,Fog,591
B006136,2025-01-12,V025,singles,T0120,T0035,1,1,T0120,T0035,home,12,44.49,0,Fog,1229
B006137,2024-01-08,V039,doubles,T0171,T0080,2,2,T0080,T0171,away,8,138.69,0,Clear,618
B006138,2024-09-01,V044,singles,T0038,T0001,1,1,T0038,T0001,home,7,205.73,0,Odd Aura,1326
B006139,2025-12-08,V036,singles,T0160,T0165,1,1,T0165,T0160,away,10,78.84,0,Hail,599
B006140,2025-06-03,V048,singles,T0026,T0170,1,1,T0026,T0170,home,8,100.63,0,Sandstorm,2026
B006141,2024-02-16,V048,doubles,T0014,T0013,2,2,T0013,T0014,away,9,623.03,0,Sandstorm,2284
B006142,2025-11-22,V002,triples,T0095,T0169,3,3,T0169,T0095,away,9,42.11,0,Breezy,1230
B006143,2024-01-30,V027,singles,T0041,T0140,1,1,T0041,T0140,home,10,114.57,0,Fog,803
B006144,2024-09-01,V027,singles,T0003,T0127,1,1,T0003,T0127,home,14,72.07,0,Fog,573
B006145,2025-08-31,V026,singles,T0120,T0023,1,1,T0023,T0120,away,12,255.92,0,Fog,737
B006146,2024-12-20,V028,doubles,T0153,T0163,2,2,T0163,T0153,away,11,139.31,0,Sunny,999
B006147,2024-03-16,V007,doubles,T0020,T0066,2,2,T0066,T0020,away,13,455.44,0,High Winds,1554
B006148,2026-01-04,V005,singles,T0092,T0033,1,1,T0033,T0092,away,11,44.47,0,Moonless,1245
B006149,2025-10-09,V047,doubles,T0043,T0171,2,2,T0043,T0171,home,9,332.65,0,Sandstorm,425
B006150,2024-03-24,V048,doubles,T0157,T0080,2,2,T0157,T0080,home,6,209.56,0,Sandstorm,1881
B006151,2025-10-09,V043,triples,T0001,T0002,3,3,T0002,T0001,away,14,79.61,0,Odd Aura,1069
B006152,2026-01-09,V024,singles,T0121,T0077,1,1,T0121,T0077,home,14,437.49,0,Windy,1071
B006153,2024-03-03,V024,doubles,T0071,T0067,2,2,T0067,T0071,away,16,75.34,0,Windy,925
B006154,2026-03-30,V043,doubles,T0100,T0062,2,2,T0062,T0100,away,9,45.93,0,Odd Aura,1128
B006155,2024-11-22,V044,triples,T0113,T0169,3,3,T0169,T0113,away,15,231.09,0,Odd Aura,1826
B006156,2025-01-10,V019,doubles,T0014,T0102,2,2,T0102,T0014,away,11,293.14,0,Harsh Sun,1161
B006157,2024-02-10,V032,singles,T0093,T0172,1,1,T0093,T0172,home,12,219.31,0,Dusty,1216
B006158,2024-06-15,V001,singles,T0147,T0054,1,1,T0054,T0147,away,8,213.69,0,Breezy,673
B006159,2024-08-18,V031,singles,T0060,T0134,1,1,T0134,T0060,away,10,209.91,0,Dusty,467
B006160,2024-06-10,V026,triples,T0169,T0039,3,3,T0039,T0169,away,10,125.42,0,Fog,660
B006161,2024-01-17,V052,doubles,T0100,T0018,2,2,T0018,T0100,away,15,329.42,1,Rain,608
B006162,2025-03-28,V013,doubles,T0128,T0022,2,2,T0128,T0022,home,15,318.28,0,Glittering,1558
B006163,2024-08-08,V001,doubles,T0147,T0033,2,2,T0147,T0033,home,20,317.01,0,Breezy,625
B006164,2026-01-13,V035,triples,T0021,T0160,3,2,T0021,T0160,home,21,999.78,1,Hail,215
B006165,2024-03-03,V004,triples,T0044,T0132,3,3,T0132,T0044,away,17,478.31,1,Moonless,409
B006166,2025-02-19,V008,singles,T0073,T0054,1,1,T0073,T0054,home,7,14.58,0,High Winds,404
B006167,2025-11-07,V042,singles,T0032,T0176,1,1,T0032,T0176,home,9,399.44,0,Smog,649
B006168,2025-03-22,V008,doubles,T0121,T0096,2,2,T0121,T0096,home,12,231.41,0,High Winds,375
B006169,2026-01-15,V023,doubles,T0111,T0021,2,2,T0021,T0111,away,12,108.27,0,Windy,1067
B006170,2025-12-14,V018,singles,T0023,T0031,1,1,T0031,T0023,away,5,118.7,0,Clear,1191
B006171,2024-08-26,V005,singles,T0017,T0094,1,1,T0094,T0017,away,10,294.33,0,Moonless,1224
B006172,2025-08-29,V028,singles,T0083,T0001,1,1,T0001,T0083,away,10,198.04,0,Sunny,804
B006173,2024-04-04,V003,doubles,T0080,T0142,2,2,T0080,T0142,home,7,13.4,0,Breezy,479
B006174,2024-04-20,V038,doubles,T0109,T0092,2,2,T0092,T0109,away,17,200.87,0,Clear,892
B006175,2024-05-13,V001,singles,T0147,T0180,1,1,T0147,T0180,home,7,394.79,0,Breezy,674
B006176,2025-05-13,V005,doubles,T0013,T0036,2,2,T0036,T0013,away,14,152.82,0,Moonless,1171
B006177,2025-03-15,V048,doubles,T0119,T0044,2,2,T0119,T0044,home,10,392.41,0,Sandstorm,2004
B006178,2025-07-30,V011,triples,T0064,T0030,3,3,T0030,T0064,away,16,94.05,0,Thunderstorm,230
B006179,2025-10-28,V014,doubles,T0032,T0072,2,2,T0032,T0072,home,15,274.37,0,Glittering,1543
B006180,2025-04-05,V046,singles,T0005,T0015,1,1,T0005,T0015,home,10,194.46,0,Sandstorm,506
B006181,2024-02-07,V013,doubles,T0159,T0105,2,2,T0105,T0159,away,15,416.33,0,Glittering,1738
B006182,2024-07-17,V047,triples,T0121,T0040,3,2,T0121,T0040,home,14,506.85,0,Sandstorm,400
B006183,2025-07-03,V017,singles,T0113,T0008,1,1,T0113,T0008,home,13,35.24,0,Clear,709
B006184,2025-08-25,V026,triples,T0016,T0113,3,3,T0016,T0113,home,11,371.45,0,Fog,619
B006185,2026-03-05,V020,triples,T0150,T0094,3,3,T0150,T0094,home,18,7.31,0,Harsh Sun,2034
B006186,2024-04-09,V015,doubles,T0153,T0086,2,1,T0153,T0086,home,6,75.98,0,Glittering,131
B006187,2024-10-10,V038,singles,T0109,T0005,1,1,T0109,T0005,home,18,170.71,0,Clear,674
B006188,2025-08-23,V051,doubles,T0031,T0062,2,2,T0062,T0031,away,13,96.76,0,Overcast,471
B006189,2025-08-23,V050,singles,T0025,T0162,1,1,T0025,T0162,home,5,215.28,0,Overcast,219
B006190,2025-09-28,V002,triples,T0110,T0040,3,3,T0040,T0110,away,23,389.06,1,Breezy,1187
B006191,2024-02-09,V041,singles,T0067,T0151,1,1,T0151,T0067,away,8,227.38,0,Smog,531
B006192,2024-04-03,V038,doubles,T0113,T0058,2,2,T0058,T0113,away,22,134.48,1,Clear,936
B006193,2025-05-30,V033,singles,T0159,T0146,1,1,T0159,T0146,home,7,133.68,0,Dusty,1932
B006194,2025-06-23,V013,doubles,T0151,T0024,2,2,T0151,T0024,home,13,362.54,0,Glittering,1667
B006195,2026-01-02,V024,doubles,T0140,T0019,2,2,T0019,T0140,away,14,136.47,0,Windy,986
B006196,2024-04-02,V033,doubles,T0084,T0030,2,2,T0084,T0030,home,24,47.62,1,Dusty,1554
B006197,2025-06-18,V043,singles,T0138,T0016,1,1,T0016,T0138,away,10,64.04,0,Odd Aura,783
B006198,2024-12-16,V032,doubles,T0094,T0168,2,2,T0094,T0168,home,10,601.37,0,Dusty,1202
B006199,2025-02-10,V036,triples,T0094,T0042,3,3,T0042,T0094,away,24,166.61,1,Hail,690
B006200,2026-03-06,V005,singles,T0157,T0079,1,1,T0157,T0079,home,6,104.58,0,Moonless,1037
B006201,2024-10-31,V031,triples,T0092,T0109,3,3,T0092,T0109,home,24,250.12,1,Dusty,433
B006202,2026-03-01,V032,singles,T0076,T0039,1,1,T0039,T0076,away,7,0.61,0,Dusty,1273
B006203,2024-05-03,V021,doubles,T0062,T0120,2,1,T0062,T0120,home,13,767.05,0,Harsh Sun,207
B006204,2024-06-21,V007,doubles,T0103,T0035,2,2,T0035,T0103,away,14,16.53,0,High Winds,1377
B006205,2025-04-10,V023,singles,T0164,T0088,1,1,T0088,T0164,away,5,323.9,0,Windy,1186
B006206,2026-02-09,V050,doubles,T0179,T0143,2,2,T0143,T0179,away,9,119.27,0,Overcast,207
B006207,2026-02-04,V042,triples,T0165,T0118,3,3,T0165,T0118,home,14,85.75,0,Smog,732
B006208,2026-03-30,V040,doubles,T0125,T0148,2,3,T0148,T0125,away,16,495.98,1,Smog,254
B006209,2025-07-28,V044,doubles,T0170,T0012,2,2,T0012,T0170,away,14,25.47,0,Odd Aura,1600
B006210,2025-12-03,V003,doubles,T0134,T0057,2,3,T0057,T0134,away,11,628.29,0,Breezy,579
B006211,2026-02-22,V050,singles,T0100,T0077,1,1,T0100,T0077,home,10,0.25,0,Overcast,226
B006212,2024-09-17,V003,singles,T0007,T0170,1,1,T0170,T0007,away,9,129.1,0,Breezy,613
B006213,2025-09-07,V027,doubles,T0093,T0025,2,1,T0093,T0025,home,13,525.14,0,Fog,770
B006214,2025-02-17,V050,doubles,T0100,T0058,2,2,T0058,T0100,away,13,96.84,0,Overcast,177
B006215,2024-09-25,V001,triples,T0147,T0088,3,3,T0147,T0088,home,15,481.38,0,Breezy,667
B006216,2025-11-10,V016,doubles,T0146,T0048,2,2,T0048,T0146,away,8,65.04,0,Clear,155
B006217,2024-03-28,V016,singles,T0131,T0074,1,1,T0131,T0074,home,5,207.08,0,Clear,161
B006218,2024-10-21,V017,triples,T0113,T0066,3,3,T0066,T0113,away,14,149.24,0,Clear,609
B006219,2025-04-27,V031,singles,T0039,T0116,1,1,T0116,T0039,away,4,196.38,0,Dusty,391
B006220,2025-01-30,V010,singles,T0015,T0168,1,2,T0168,T0015,away,14,409.89,0,Thunderstorm,448
B006221,2025-01-06,V028,triples,T0153,T0145,3,3,T0145,T0153,away,13,311.28,0,Sunny,759
B006222,2025-11-03,V032,doubles,T0033,T0097,2,2,T0033,T0097,home,8,146.29,0,Dusty,1076
B006223,2026-01-02,V052,singles,T0037,T0163,1,1,T0037,T0163,home,4,63.59,0,Rain,714
B006224,2024-08-14,V007,singles,T0132,T0098,1,1,T0132,T0098,home,12,180.19,0,High Winds,1424
B006225,2024-10-21,V048,doubles,T0171,T0019,2,2,T0019,T0171,away,12,138.74,0,Sandstorm,1739
B006226,2025-12-31,V048,doubles,T0109,T0002,2,2,T0002,T0109,away,11,164.92,0,Sandstorm,2118
B006227,2024-09-09,V043,doubles,T0134,T0025,2,2,T0025,T0134,away,12,60.6,0,Odd Aura,863
B006228,2025-01-20,V021,singles,T0034,T0057,1,1,T0034,T0057,home,9,216.73,0,Harsh Sun,187
B006229,2024-10-22,V017,singles,T0164,T0155,1,1,T0164,T0155,home,12,91.2,0,Clear,598
B006230,2025-10-07,V011,doubles,T0170,T0111,2,2,T0170,T0111,home,13,116.56,0,Thunderstorm,152
B006231,2024-05-09,V019,triples,T0025,T0120,3,3,T0025,T0120,home,9,208.53,0,Harsh Sun,1230
B006232,2024-04-09,V012,singles,T0030,T0163,1,1,T0030,T0163,home,7,185.56,0,Thunderstorm,1018
B006233,2024-09-09,V047,singles,T0121,T0070,1,1,T0121,T0070,home,9,34.93,0,Sandstorm,239
B006234,2026-01-06,V054,singles,T0151,T0034,1,1,T0034,T0151,away,7,414.71,0,Rain,550
B006235,2026-03-13,V043,doubles,T0050,T0025,2,2,T0025,T0050,away,12,262.79,0,Odd Aura,991
B006236,2025-03-19,V044,singles,T0100,T0014,1,1,T0100,T0014,home,14,82.73,0,Odd Aura,1443
B006237,2024-11-04,V018,doubles,T0157,T0045,2,2,T0157,T0045,home,13,129.09,0,Clear,1712
B006238,2025-11-13,V030,triples,T0005,T0007,3,3,T0005,T0007,home,14,615.7,0,Sunny,706
B006239,2025-04-07,V041,singles,T0144,T0088,1,1,T0088,T0144,away,13,69.24,0,Smog,675
B006240,2025-04-09,V023,singles,T0139,T0130,1,1,T0130,T0139,away,14,334.66,0,Windy,1251
B006241,2025-05-17,V020,singles,T0016,T0033,1,1,T0016,T0033,home,4,60.38,0,Harsh Sun,1819
B006242,2025-02-11,V004,singles,T0029,T0114,1,1,T0029,T0114,home,12,103.41,0,Moonless,691
B006243,2026-01-03,V029,doubles,T0043,T0077,2,2,T0043,T0077,home,8,151.7,0,Sunny,523
B006244,2026-01-26,V040,doubles,T0126,T0125,2,2,T0126,T0125,home,8,362.7,0,Smog,296
B006245,2024-11-26,V040,doubles,T0063,T0077,2,2,T0063,T0077,home,10,389.47,0,Smog,236
B006246,2024-07-02,V021,triples,T0138,T0045,3,3,T0138,T0045,home,15,257.03,0,Harsh Sun,209
B006247,2025-01-08,V017,doubles,T0161,T0066,2,2,T0161,T0066,home,13,396.59,0,Clear,550
B006248,2024-03-29,V005,doubles,T0119,T0031,2,2,T0119,T0031,home,11,62.15,0,Moonless,1190
B006249,2025-06-12,V034,triples,T0035,T0158,3,3,T0035,T0158,home,10,139.23,0,Hail,1459
B006250,2024-08-03,V008,doubles,T0121,T0045,2,2,T0121,T0045,home,12,43.23,0,High Winds,266
B006251,2026-02-12,V049,doubles,T0170,T0156,2,2,T0170,T0156,home,13,474.71,0,Overcast,794
B006252,2024-12-14,V001,doubles,T0147,T0031,2,2,T0031,T0147,away,6,45.82,0,Breezy,583
B006253,2024-12-24,V022,doubles,T0030,T0089,2,2,T0030,T0089,home,14,377.43,0,Windy,1015
B006254,2024-12-13,V021,singles,T0049,T0142,1,1,T0049,T0142,home,8,190.04,0,Harsh Sun,184
B006255,2026-02-11,V051,doubles,T0024,T0139,2,2,T0024,T0139,home,11,37.91,0,Overcast,491
B006256,2025-01-13,V011,doubles,T0054,T0143,2,2,T0054,T0143,home,7,65.52,0,Thunderstorm,158
B006257,2025-06-08,V012,triples,T0147,T0136,3,3,T0147,T0136,home,24,7.13,1,Thunderstorm,994
B006258,2025-04-04,V005,triples,T0155,T0131,3,3,T0131,T0155,away,12,166.12,0,Moonless,996
B006259,2025-02-06,V014,triples,T0168,T0024,3,3,T0024,T0168,away,8,515.31,0,Glittering,1681
B006260,2024-11-16,V024,doubles,T0023,T0014,2,2,T0023,T0014,home,13,97.02,0,Windy,797
B006261,2025-07-24,V032,triples,T0165,T0047,3,3,T0165,T0047,home,24,154.25,1,Dusty,1065
B006262,2025-04-15,V030,singles,T0110,T0023,1,1,T0110,T0023,home,7,93.14,0,Sunny,597
B006263,2024-08-06,V013,doubles,T0084,T0118,2,2,T0118,T0084,away,12,27.62,0,Glittering,1535
B006264,2024-12-20,V053,doubles,T0094,T0056,2,2,T0056,T0094,away,13,101.31,0,Rain,333
B006265,2025-10-14,V034,triples,T0082,T0074,3,3,T0082,T0074,home,7,694.36,0,Hail,1313
B006266,2026-03-08,V030,doubles,T0070,T0025,2,2,T0025,T0070,away,8,335.63,0,Sunny,674
B006267,2024-09-17,V053,doubles,T0136,T0056,2,2,T0136,T0056,home,19,44.85,1,Rain,477
B006268,2024-02-18,V007,triples,T0166,T0027,3,3,T0166,T0027,home,15,783.33,0,High Winds,1587
B006269,2025-11-02,V004,doubles,T0036,T0124,2,2,T0036,T0124,home,16,309.41,0,Moonless,706
B006270,2025-06-13,V046,doubles,T0150,T0103,2,2,T0150,T0103,home,9,138.99,0,Sandstorm,566
B006271,2024-01-14,V036,singles,T0146,T0037,1,1,T0146,T0037,home,7,219.73,0,Hail,661
B006272,2024-01-19,V036,doubles,T0060,T0063,2,2,T0063,T0060,away,20,166.84,1,Hail,847
B006273,2025-07-17,V046,singles,T0105,T0078,1,1,T0105,T0078,home,11,8.06,0,Sandstorm,563
B006274,2024-10-15,V026,singles,T0038,T0030,1,1,T0038,T0030,home,4,23.77,0,Fog,845
B006275,2025-11-23,V035,doubles,T0005,T0063,2,2,T0005,T0063,home,13,22.08,0,Hail,428
B006276,2024-05-29,V013,doubles,T0133,T0079,2,2,T0079,T0133,away,21,69.79,1,Glittering,1717
B006277,2026-03-09,V006,triples,T0004,T0161,3,3,T0161,T0004,away,18,50.06,1,Moonless,431
B006278,2024-09-19,V034,doubles,T0047,T0033,2,2,T0047,T0033,home,10,162.19,0,Hail,1231
B006279,2025-02-21,V003,doubles,T0092,T0095,2,2,T0095,T0092,away,14,265.23,0,Breezy,571
B006280,2024-08-15,V009,triples,T0133,T0049,3,3,T0049,T0133,away,24,363.19,1,High Winds,1762
B006281,2024-03-04,V013,singles,T0162,T0124,1,1,T0124,T0162,away,6,97.68,0,Glittering,1630
B006282,2024-06-24,V030,singles,T0124,T0061,1,1,T0124,T0061,home,9,340.61,0,Sunny,715
B006283,2024-07-25,V001,singles,T0064,T0072,1,1,T0064,T0072,home,9,320.38,0,Breezy,819
B006284,2025-05-04,V014,doubles,T0128,T0166,2,1,T0128,T0166,home,11,761.98,0,Glittering,1697
B006285,2024-08-04,V013,doubles,T0029,T0074,2,2,T0074,T0029,away,17,183.64,0,Glittering,1656
B006286,2026-03-22,V025,doubles,T0084,T0045,2,2,T0084,T0045,home,16,185.06,0,Fog,1052
B006287,2025-08-02,V027,doubles,T0030,T0039,2,2,T0030,T0039,home,10,165.96,0,Fog,556
B006288,2024-09-27,V045,doubles,T0148,T0076,2,2,T0076,T0148,away,9,354.33,0,Odd Aura,448
B006289,2024-04-18,V006,singles,T0131,T0130,1,1,T0130,T0131,away,10,64.88,0,Moonless,476
B006290,2024-12-19,V025,triples,T0025,T0110,3,3,T0025,T0110,home,13,325.18,0,Fog,1263
B006291,2025-08-23,V011,singles,T0067,T0173,1,1,T0067,T0173,home,4,275.82,0,Thunderstorm,110
B006292,2025-02-13,V018,singles,T0001,T0018,1,1,T0018,T0001,away,6,94.06,0,Clear,1586
B006293,2025-11-09,V030,singles,T0112,T0023,1,1,T0112,T0023,home,11,148.05,0,Sunny,800
B006294,2024-05-14,V047,doubles,T0106,T0158,2,2,T0106,T0158,home,17,197.99,1,Sandstorm,368
B006295,2024-08-20,V037,singles,T0062,T0169,1,1,T0062,T0169,home,4,238.22,0,Clear,1074
B006296,2026-01-22,V051,singles,T0096,T0109,1,1,T0096,T0109,home,10,171.0,0,Overcast,435
B006297,2024-04-19,V016,doubles,T0048,T0047,2,2,T0047,T0048,away,14,245.36,0,Clear,156
B006298,2025-10-15,V031,singles,T0060,T0030,1,1,T0060,T0030,home,9,248.59,0,Dusty,389
B006299,2025-04-07,V009,doubles,T0062,T0060,2,2,T0062,T0060,home,16,430.11,0,High Winds,2147
B006300,2025-01-15,V025,singles,T0047,T0022,1,1,T0022,T0047,away,8,300.96,0,Fog,1299
B006301,2025-06-11,V037,triples,T0084,T0013,3,3,T0013,T0084,away,12,43.76,0,Clear,1104
B006302,2024-07-02,V048,doubles,T0128,T0173,2,2,T0128,T0173,home,8,9.04,0,Sandstorm,2059
B006303,2024-05-10,V046,doubles,T0159,T0077,2,1,T0159,T0077,home,16,592.15,1,Sandstorm,691
B006304,2025-06-15,V005,doubles,T0029,T0059,2,2,T0059,T0029,away,20,318.51,1,Moonless,1190
B006305,2024-04-21,V028,doubles,T0004,T0139,2,2,T0139,T0004,away,12,128.5,0,Sunny,814
B006306,2025-10-07,V040,doubles,T0065,T0089,2,2,T0089,T0065,away,16,2.85,0,Smog,242
B006307,2025-09-26,V032,singles,T0164,T0120,1,1,T0164,T0120,home,11,186.99,0,Dusty,1301
B006308,2024-01-27,V038,singles,T0109,T0044,1,1,T0044,T0109,away,7,117.62,0,Clear,680
B006309,2025-09-08,V013,singles,T0093,T0138,1,1,T0093,T0138,home,8,9.6,0,Glittering,1520
B006310,2026-02-05,V049,doubles,T0049,T0118,2,2,T0049,T0118,home,13,48.22,0,Overcast,856
B006311,2026-03-29,V032,doubles,T0175,T0020,2,2,T0020,T0175,away,17,98.64,1,Dusty,1369
B006312,2025-10-09,V022,doubles,T0017,T0001,2,2,T0001,T0017,away,10,339.17,0,Windy,924
B006313,2026-01-09,V028,triples,T0153,T0067,3,3,T0153,T0067,home,11,66.18,0,Sunny,871
B006314,2025-09-23,V050,doubles,T0066,T0033,2,2,T0066,T0033,home,12,474.04,0,Overcast,204
B006315,2024-12-17,V026,doubles,T0033,T0073,2,2,T0073,T0033,away,11,316.99,0,Fog,692
B006316,2024-06-02,V020,doubles,T0030,T0101,2,2,T0030,T0101,home,14,597.39,0,Harsh Sun,1726
B006317,2025-08-09,V045,singles,T0038,T0080,1,1,T0080,T0038,away,13,237.26,0,Odd Aura,507
B006318,2025-02-12,V051,singles,T0103,T0164,1,1,T0103,T0164,home,13,228.36,0,Overcast,474
B006319,2024-07-30,V045,doubles,T0007,T0105,2,2,T0007,T0105,home,11,214.21,0,Odd Aura,638
B006320,2026-02-25,V051,singles,T0178,T0127,1,1,T0178,T0127,home,12,26.12,0,Overcast,526
B006321,2025-01-12,V053,triples,T0116,T0022,3,3,T0022,T0116,away,11,99.09,0,Rain,515
B006322,2024-12-28,V007,singles,T0166,T0032,1,1,T0166,T0032,home,7,500.43,0,High Winds,1164
B006323,2024-03-04,V025,doubles,T0072,T0047,2,2,T0047,T0072,away,13,192.86,0,Fog,1072
B006324,2024-10-10,V026,singles,T0154,T0180,1,1,T0154,T0180,home,12,107.71,0,Fog,738
B006325,2026-01-16,V016,doubles,T0131,T0079,2,2,T0131,T0079,home,12,128.4,0,Clear,136
B006326,2025-10-14,V020,triples,T0016,T0109,3,3,T0016,T0109,home,10,698.75,0,Harsh Sun,1523
B006327,2025-07-14,V021,singles,T0126,T0041,1,1,T0041,T0126,away,12,26.77,0,Harsh Sun,175
B006328,2025-05-10,V036,doubles,T0100,T0056,2,2,T0056,T0100,away,20,22.81,1,Hail,763
B006329,2024-11-11,V009,singles,T0006,T0180,1,1,T0006,T0180,home,10,47.48,0,High Winds,2220
B006330,2025-08-11,V007,doubles,T0140,T0005,2,2,T0005,T0140,away,13,256.15,0,High Winds,1434
B006331,2024-07-05,V015,doubles,T0020,T0116,2,2,T0116,T0020,away,12,396.18,0,Glittering,135
B006332,2024-08-16,V016,doubles,T0017,T0043,2,2,T0043,T0017,away,14,332.81,0,Clear,184
B006333,2025-10-30,V004,triples,T0113,T0036,3,3,T0036,T0113,away,17,61.4,1,Moonless,699
B006334,2024-12-11,V034,singles,T0158,T0139,1,1,T0139,T0158,away,10,48.07,0,Hail,1375
B006335,2024-06-07,V039,singles,T0122,T0037,1,1,T0037,T0122,away,12,339.73,0,Clear,427
B006336,2025-03-11,V054,triples,T0065,T0128,3,3,T0128,T0065,away,11,226.48,0,Rain,615
B006337,2024-08-02,V009,singles,T0067,T0171,1,1,T0171,T0067,away,14,26.48,0,High Winds,2039
B006338,2024-06-30,V045,doubles,T0112,T0136,2,2,T0112,T0136,home,11,63.08,0,Odd Aura,356
B006339,2024-05-15,V007,singles,T0068,T0085,1,1,T0085,T0068,away,10,147.57,0,High Winds,1600
B006340,2024-10-16,V004,doubles,T0068,T0088,2,2,T0088,T0068,away,13,165.22,0,Moonless,726
B006341,2025-02-16,V039,singles,T0006,T0143,1,1,T0006,T0143,home,5,54.35,0,Clear,749
B006342,2024-10-03,V006,doubles,T0004,T0104,2,2,T0104,T0004,away,13,120.14,0,Moonless,358
B006343,2026-02-14,V015,triples,T0032,T0098,3,3,T0032,T0098,home,11,250.32,0,Glittering,165
B006344,2025-10-13,V007,doubles,T0006,T0072,2,2,T0006,T0072,home,11,254.5,0,High Winds,1352
B006345,2024-01-12,V042,doubles,T0046,T0134,2,2,T0046,T0134,home,13,229.7,0,Smog,669
B006346,2025-07-01,V011,doubles,T0012,T0025,2,1,T0012,T0025,home,17,489.72,0,Thunderstorm,154
B006347,2024-04-04,V041,singles,T0103,T0171,1,1,T0103,T0171,home,7,222.5,0,Smog,662
B006348,2025-04-05,V020,triples,T0087,T0144,3,3,T0087,T0144,home,16,37.39,0,Harsh Sun,1893
B006349,2026-01-25,V021,singles,T0139,T0082,1,1,T0139,T0082,home,7,218.37,0,Harsh Sun,216
B006350,2025-11-14,V015,doubles,T0142,T0109,2,2,T0142,T0109,home,14,450.55,0,Glittering,212
B006351,2024-10-05,V011,doubles,T0117,T0098,2,2,T0098,T0117,away,10,65.75,0,Thunderstorm,188
B006352,2026-01-09,V038,doubles,T0132,T0087,2,2,T0087,T0132,away,7,44.22,0,Clear,736
B006353,2025-10-29,V047,doubles,T0171,T0069,2,2,T0171,T0069,home,5,137.47,0,Sandstorm,308
B006354,2024-03-20,V001,singles,T0045,T0029,1,1,T0045,T0029,home,15,152.93,0,Breezy,765
B006355,2025-12-06,V021,singles,T0154,T0086,1,1,T0086,T0154,away,10,147.39,0,Harsh Sun,269
B006356,2024-06-12,V020,singles,T0140,T0123,1,1,T0123,T0140,away,8,357.3,0,Harsh Sun,1626
B006357,2025-08-04,V037,doubles,T0161,T0057,2,2,T0161,T0057,home,9,214.57,0,Clear,1145
B006358,2024-12-10,V025,singles,T0049,T0151,1,1,T0151,T0049,away,10,35.9,0,Fog,1380
B006359,2026-03-05,V003,doubles,T0133,T0173,2,2,T0133,T0173,home,8,65.67,0,Breezy,445
B006360,2024-09-04,V008,doubles,T0127,T0146,2,2,T0146,T0127,away,15,70.27,0,High Winds,395
B006361,2025-01-21,V002,doubles,T0045,T0042,2,2,T0045,T0042,home,22,35.99,1,Breezy,1154
B006362,2025-08-28,V047,triples,T0076,T0091,3,3,T0091,T0076,away,13,211.83,0,Sandstorm,391
B006363,2024-03-13,V001,doubles,T0147,T0049,2,2,T0147,T0049,home,15,19.77,0,Breezy,569
B006364,2025-01-25,V022,singles,T0027,T0159,1,2,T0159,T0027,away,6,363.54,0,Windy,949
B006365,2025-08-05,V052,triples,T0179,T0057,3,3,T0179,T0057,home,17,6.93,0,Rain,482
B006366,2024-03-12,V043,triples,T0089,T0164,3,3,T0089,T0164,home,17,731.68,0,Odd Aura,1102
B006367,2024-07-10,V023,triples,T0112,T0095,3,3,T0112,T0095,home,11,192.05,0,Windy,1112
B006368,2025-06-10,V017,doubles,T0060,T0054,2,2,T0054,T0060,away,18,67.85,1,Clear,565
B006369,2026-03-23,V015,doubles,T0133,T0168,2,2,T0168,T0133,away,14,105.01,0,Glittering,140
B006370,2025-06-09,V028,singles,T0103,T0157,1,1,T0157,T0103,away,11,352.8,0,Sunny,864
B006371,2025-03-16,V021,singles,T0027,T0162,1,1,T0027,T0162,home,11,91.09,0,Harsh Sun,198
B006372,2024-11-20,V013,doubles,T0133,T0121,2,2,T0121,T0133,away,14,87.06,0,Glittering,1544
B006373,2025-12-19,V049,doubles,T0055,T0070,2,2,T0070,T0055,away,13,7.1,0,Overcast,693
B006374,2024-02-10,V007,singles,T0166,T0156,1,1,T0166,T0156,home,10,682.47,0,High Winds,1176
B006375,2025-05-24,V034,singles,T0109,T0043,1,1,T0043,T0109,away,4,241.47,0,Hail,1760
B006376,2025-09-28,V001,triples,T0115,T0013,3,3,T0013,T0115,away,18,280.32,1,Breezy,669
B006377,2025-09-13,V041,doubles,T0065,T0170,2,2,T0170,T0065,away,13,68.11,0,Smog,486
B006378,2024-06-26,V044,triples,T0115,T0157,3,3,T0157,T0115,away,12,288.15,0,Odd Aura,1551
B006379,2024-11-06,V009,doubles,T0125,T0002,2,2,T0002,T0125,away,19,110.82,1,High Winds,1627
B006380,2025-09-05,V003,triples,T0021,T0175,3,3,T0175,T0021,away,16,200.48,0,Breezy,528
B006381,2025-03-29,V019,singles,T0077,T0164,1,1,T0164,T0077,away,10,88.14,0,Harsh Sun,965
B006382,2025-05-24,V028,singles,T0159,T0136,1,1,T0159,T0136,home,13,71.65,0,Sunny,1107
B006383,2025-05-10,V047,singles,T0060,T0126,1,1,T0060,T0126,home,7,265.84,0,Sandstorm,390
B006384,2024-02-15,V003,triples,T0006,T0093,3,3,T0006,T0093,home,12,187.02,0,Breezy,571
B006385,2026-01-22,V015,singles,T0023,T0094,1,1,T0094,T0023,away,9,2.51,0,Glittering,174
B006386,2026-01-04,V013,singles,T0019,T0177,1,1,T0177,T0019,away,6,187.22,0,Glittering,1920
B006387,2025-11-21,V004,singles,T0013,T0104,1,1,T0013,T0104,home,10,177.54,0,Moonless,654
B006388,2025-08-18,V052,singles,T0179,T0005,1,1,T0005,T0179,away,9,338.08,0,Rain,649
B006389,2025-02-11,V014,doubles,T0025,T0014,2,2,T0014,T0025,away,13,36.57,0,Glittering,1434
B006390,2024-10-05,V054,triples,T0151,T0091,3,3,T0151,T0091,home,16,24.79,0,Rain,505
B006391,2025-12-20,V054,triples,T0017,T0016,3,3,T0016,T0017,away,17,28.28,0,Rain,622
B006392,2024-04-13,V021,singles,T0140,T0177,1,1,T0177,T0140,away,15,85.03,0,Harsh Sun,285
B006393,2025-09-25,V033,singles,T0096,T0047,1,1,T0047,T0096,away,16,256.95,0,Dusty,1973
B006394,2024-01-15,V012,doubles,T0105,T0145,2,2,T0145,T0105,away,12,141.98,0,Thunderstorm,990
B006395,2025-07-20,V028,doubles,T0064,T0057,2,2,T0057,T0064,away,13,286.51,0,Sunny,1016
B006396,2024-12-31,V017,singles,T0079,T0050,1,1,T0050,T0079,away,17,79.11,0,Clear,598
B006397,2026-02-18,V020,triples,T0177,T0128,3,3,T0128,T0177,away,21,163.69,0,Harsh Sun,1701
B006398,2025-02-04,V014,singles,T0128,T0046,1,1,T0128,T0046,home,11,152.14,0,Glittering,1534
B006399,2025-07-13,V006,singles,T0164,T0035,1,1,T0164,T0035,home,11,67.32,0,Moonless,493
B006400,2024-12-24,V033,triples,T0040,T0016,3,3,T0040,T0016,home,15,467.66,0,Dusty,1810
B006401,2024-07-09,V008,triples,T0079,T0163,3,3,T0163,T0079,away,9,288.09,0,High Winds,310
B006402,2025-05-02,V018,doubles,T0158,T0109,2,2,T0158,T0109,home,18,213.71,0,Clear,1186
B006403,2026-01-04,V054,doubles,T0156,T0130,2,2,T0130,T0156,away,13,604.31,0,Rain,694
B006404,2026-02-01,V033,triples,T0173,T0165,3,3,T0165,T0173,away,23,271.49,1,Dusty,1752
B006405,2024-10-31,V007,singles,T0162,T0009,1,1,T0162,T0009,home,12,54.41,0,High Winds,1337
B006406,2025-05-31,V012,triples,T0093,T0048,3,3,T0093,T0048,home,15,15.58,0,Thunderstorm,966
B006407,2024-03-15,V054,triples,T0137,T0009,3,3,T0009,T0137,away,13,83.59,0,Rain,727
B006408,2025-07-04,V030,doubles,T0126,T0066,2,2,T0066,T0126,away,17,161.85,1,Sunny,900
B006409,2024-07-31,V038,singles,T0089,T0104,1,1,T0104,T0089,away,11,7.42,0,Clear,1086
B006410,2025-03-16,V030,triples,T0078,T0034,3,3,T0034,T0078,away,15,422.94,0,Sunny,989
B006411,2024-10-13,V021,triples,T0036,T0030,3,3,T0030,T0036,away,23,120.03,1,Harsh Sun,240
B006412,2024-11-21,V006,singles,T0060,T0051,1,1,T0051,T0060,away,11,32.78,0,Moonless,492
B006413,2025-10-30,V001,triples,T0147,T0002,3,3,T0147,T0002,home,14,290.66,0,Breezy,695
B006414,2025-09-26,V050,singles,T0107,T0032,1,1,T0107,T0032,home,7,262.41,0,Overcast,155
B006415,2024-07-10,V040,doubles,T0022,T0152,2,2,T0022,T0152,home,16,33.19,0,Smog,281
B006416,2024-02-24,V022,singles,T0115,T0104,1,1,T0115,T0104,home,8,7.48,0,Windy,1061
B006417,2025-04-07,V029,doubles,T0104,T0145,2,2,T0145,T0104,away,21,46.54,1,Sunny,454
B006418,2024-07-12,V012,singles,T0145,T0028,1,1,T0145,T0028,home,13,114.25,0,Thunderstorm,968
B006419,2025-01-19,V024,triples,T0164,T0088,3,3,T0088,T0164,away,22,395.26,1,Windy,1246
B006420,2024-03-05,V045,singles,T0063,T0166,1,1,T0166,T0063,away,13,344.52,0,Odd Aura,523
B006421,2025-11-19,V007,doubles,T0101,T0001,2,2,T0101,T0001,home,14,41.54,0,High Winds,1295
B006422,2024-10-02,V031,singles,T0173,T0163,1,1,T0163,T0173,away,17,156.13,0,Dusty,332
B006423,2024-10-08,V039,singles,T0040,T0012,1,1,T0040,T0012,home,7,207.39,0,Clear,670
B006424,2024-07-28,V030,singles,T0173,T0004,1,1,T0173,T0004,home,5,162.0,0,Sunny,750
B006425,2025-05-21,V024,doubles,T0023,T0098,2,2,T0098,T0023,away,11,526.6,0,Windy,1074
B006426,2024-02-01,V041,triples,T0044,T0101,3,3,T0044,T0101,home,12,91.59,0,Smog,708
B006427,2024-02-12,V024,triples,T0030,T0032,3,3,T0032,T0030,away,13,321.9,0,Windy,1084
B006428,2024-02-17,V050,singles,T0013,T0009,1,1,T0013,T0009,home,11,143.42,0,Overcast,192
B006429,2025-01-20,V007,triples,T0067,T0144,3,3,T0067,T0144,home,13,150.64,0,High Winds,1752
B006430,2024-11-28,V044,doubles,T0044,T0112,2,2,T0112,T0044,away,6,216.35,0,Odd Aura,1395
B006431,2025-05-10,V023,doubles,T0009,T0041,2,2,T0041,T0009,away,11,231.25,0,Windy,1349
B006432,2025-07-23,V002,doubles,T0152,T0165,2,2,T0152,T0165,home,24,6.93,1,Breezy,631
B006433,2025-03-22,V025,singles,T0159,T0140,1,1,T0140,T0159,away,9,64.39,0,Fog,1014
B006434,2024-12-17,V035,singles,T0008,T0092,1,1,T0092,T0008,away,12,104.54,0,Hail,418
B006435,2024-10-04,V003,triples,T0080,T0027,3,3,T0080,T0027,home,16,555.36,0,Breezy,474
B006436,2024-12-26,V010,doubles,T0042,T0081,2,2,T0081,T0042,away,10,46.13,0,Thunderstorm,599
B006437,2025-05-24,V016,singles,T0131,T0097,1,1,T0097,T0131,away,8,365.87,0,Clear,102
B006438,2025-09-20,V005,singles,T0013,T0163,1,1,T0013,T0163,home,13,295.64,0,Moonless,976
B006439,2026-01-09,V029,doubles,T0077,T0141,2,2,T0077,T0141,home,15,337.64,0,Sunny,491
B006440,2025-03-26,V020,singles,T0139,T0148,1,1,T0139,T0148,home,13,63.18,0,Harsh Sun,1725
B006441,2025-10-27,V018,singles,T0129,T0063,1,1,T0129,T0063,home,7,130.3,0,Clear,1121
B006442,2024-12-16,V023,singles,T0062,T0052,1,1,T0062,T0052,home,6,419.11,0,Windy,1172
B006443,2025-10-19,V025,singles,T0086,T0163,1,1,T0163,T0086,away,14,128.59,0,Fog,972
B006444,2024-12-02,V033,triples,T0027,T0034,3,3,T0034,T0027,away,13,285.76,0,Dusty,1812
B006445,2025-07-10,V046,singles,T0130,T0087,1,1,T0130,T0087,home,11,246.97,0,Sandstorm,519
B006446,2025-11-01,V021,singles,T0016,T0030,1,1,T0016,T0030,home,14,306.06,0,Harsh Sun,180
B006447,2024-12-17,V042,singles,T0022,T0056,1,1,T0056,T0022,away,7,7.59,0,Smog,638
B006448,2025-05-30,V036,singles,T0080,T0170,1,1,T0080,T0170,home,10,192.06,0,Hail,658
B006449,2025-01-03,V026,singles,T0150,T0068,1,1,T0150,T0068,home,11,60.47,0,Fog,869
B006450,2024-04-22,V023,triples,T0174,T0040,3,3,T0040,T0174,away,9,141.16,0,Windy,1169
B006451,2024-04-27,V021,triples,T0025,T0041,3,3,T0041,T0025,away,12,98.15,0,Harsh Sun,201
B006452,2025-11-30,V015,singles,T0175,T0172,1,1,T0172,T0175,away,15,1.36,0,Glittering,148
B006453,2025-07-07,V018,doubles,T0148,T0121,2,2,T0121,T0148,away,7,319.27,0,Clear,1376
B006454,2024-05-02,V019,triples,T0036,T0078,3,3,T0036,T0078,home,8,3.7,0,Harsh Sun,1064
B006455,2026-02-04,V017,triples,T0164,T0050,3,3,T0050,T0164,away,11,80.96,0,Clear,492
B006456,2025-07-03,V011,triples,T0131,T0082,3,3,T0082,T0131,away,12,21.32,0,Thunderstorm,189
B006457,2025-10-22,V003,doubles,T0095,T0097,2,2,T0095,T0097,home,11,252.72,0,Breezy,473
B006458,2025-01-04,V005,doubles,T0109,T0053,2,2,T0053,T0109,away,14,108.62,0,Moonless,1203
B006459,2025-06-12,V051,doubles,T0173,T0148,2,2,T0148,T0173,away,18,491.3,0,Overcast,654
B006460,2024-07-24,V043,singles,T0168,T0076,1,1,T0076,T0168,away,7,4.63,0,Odd Aura,1045
B006461,2024-03-03,V036,singles,T0165,T0131,1,1,T0131,T0165,away,7,10.19,0,Hail,606
B006462,2025-04-20,V003,singles,T0080,T0047,1,1,T0080,T0047,home,12,193.76,0,Breezy,542
B006463,2024-12-08,V022,doubles,T0090,T0052,2,2,T0090,T0052,home,23,61.91,1,Windy,981
B006464,2024-02-10,V007,triples,T0115,T0007,3,3,T0007,T0115,away,14,299.51,0,High Winds,1302
B006465,2024-02-18,V011,singles,T0076,T0012,1,1,T0012,T0076,away,9,93.79,0,Thunderstorm,206
B006466,2025-12-20,V045,singles,T0112,T0040,1,1,T0112,T0040,home,9,205.99,0,Odd Aura,515
B006467,2024-05-25,V045,doubles,T0018,T0050,2,2,T0018,T0050,home,12,63.26,0,Odd Aura,494
B006468,2025-07-18,V015,doubles,T0058,T0029,2,2,T0058,T0029,home,8,454.23,0,Glittering,246
B006469,2025-11-26,V046,singles,T0117,T0164,1,1,T0117,T0164,home,11,105.61,0,Sandstorm,437
B006470,2025-07-19,V023,doubles,T0178,T0117,2,2,T0117,T0178,away,8,109.75,0,Windy,1273
B006471,2024-05-23,V024,triples,T0100,T0018,3,3,T0018,T0100,away,22,64.15,1,Windy,801
B006472,2025-05-19,V012,singles,T0138,T0156,1,1,T0156,T0138,away,9,223.49,0,Thunderstorm,1018
B006473,2025-10-27,V038,singles,T0072,T0062,1,1,T0062,T0072,away,10,126.72,0,Clear,855
B006474,2025-07-12,V018,singles,T0071,T0101,1,1,T0101,T0071,away,9,308.56,0,Clear,1447
B006475,2024-04-16,V019,triples,T0156,T0091,3,3,T0091,T0156,away,12,484.9,0,Harsh Sun,885
B006476,2025-05-24,V053,singles,T0099,T0007,1,1,T0007,T0099,away,11,222.11,0,Rain,441
B006477,2025-06-24,V024,triples,T0138,T0012,3,3,T0012,T0138,away,24,318.73,1,Windy,885
B006478,2025-06-15,V046,doubles,T0079,T0086,2,2,T0079,T0086,home,9,338.15,0,Sandstorm,651
B006479,2025-08-14,V022,doubles,T0047,T0032,2,2,T0032,T0047,away,9,545.4,0,Windy,881
B006480,2024-11-16,V023,doubles,T0026,T0012,2,2,T0012,T0026,away,9,249.61,0,Windy,1343
B006481,2024-11-21,V043,singles,T0034,T0107,1,1,T0034,T0107,home,12,142.64,0,Odd Aura,1075
B006482,2024-11-30,V013,doubles,T0075,T0119,2,2,T0119,T0075,away,13,42.22,0,Glittering,1886
B006483,2024-12-11,V037,singles,T0173,T0027,1,1,T0027,T0173,away,9,69.16,0,Clear,1127
B006484,2025-05-24,V029,singles,T0022,T0034,1,1,T0034,T0022,away,7,58.94,0,Sunny,521
B006485,2024-09-14,V010,doubles,T0154,T0116,2,2,T0116,T0154,away,7,43.13,0,Thunderstorm,632
B006486,2025-07-28,V046,singles,T0159,T0030,1,1,T0159,T0030,home,6,90.14,0,Sandstorm,544
B006487,2024-12-16,V010,singles,T0008,T0086,1,1,T0008,T0086,home,11,12.33,0,Thunderstorm,588
B006488,2024-12-08,V054,singles,T0096,T0164,1,1,T0096,T0164,home,11,47.28,0,Rain,638
B006489,2024-05-01,V046,doubles,T0130,T0160,2,2,T0130,T0160,home,13,218.8,0,Sandstorm,340
B006490,2024-09-29,V008,doubles,T0073,T0139,2,2,T0139,T0073,away,8,20.44,0,High Winds,294
B006491,2025-09-12,V015,singles,T0038,T0033,1,1,T0038,T0033,home,11,288.62,0,Glittering,274
B006492,2025-12-17,V040,doubles,T0127,T0091,2,2,T0091,T0127,away,18,119.44,1,Smog,234
B006493,2024-02-22,V033,triples,T0160,T0071,3,3,T0160,T0071,home,16,98.69,0,Dusty,1757
B006494,2025-01-08,V053,doubles,T0134,T0179,2,2,T0134,T0179,home,22,350.78,1,Rain,464
B006495,2024-08-20,V015,singles,T0175,T0023,1,1,T0023,T0175,away,7,168.9,0,Glittering,232
B006496,2025-05-17,V026,doubles,T0032,T0067,2,2,T0032,T0067,home,19,501.07,0,Fog,608
B006497,2024-09-29,V013,triples,T0025,T0024,3,3,T0024,T0025,away,14,92.91,0,Glittering,1883
B006498,2024-06-16,V051,singles,T0032,T0046,1,2,T0046,T0032,away,16,221.25,0,Overcast,451
B006499,2025-05-25,V050,singles,T0180,T0006,1,1,T0006,T0180,away,10,241.23,0,Overcast,220
B006500,2025-01-02,V040,doubles,T0126,T0108,2,2,T0126,T0108,home,12,453.97,0,Smog,216
B006501,2025-07-28,V019,doubles,T0139,T0135,2,2,T0139,T0135,home,8,61.07,0,Harsh Sun,1170
B006502,2025-08-17,V008,doubles,T0162,T0137,2,2,T0137,T0162,away,10,105.07,0,High Winds,418
B006503,2025-04-28,V024,doubles,T0151,T0085,2,2,T0151,T0085,home,15,481.23,0,Windy,826
B006504,2024-08-26,V041,singles,T0170,T0073,1,1,T0073,T0170,away,12,261.97,0,Smog,708
B006505,2025-09-28,V031,triples,T0074,T0100,3,3,T0100,T0074,away,22,5.37,1,Dusty,512
B006506,2024-02-05,V031,triples,T0074,T0052,3,3,T0052,T0074,away,23,220.72,1,Dusty,357
B006507,2024-10-26,V003,doubles,T0124,T0055,2,2,T0124,T0055,home,19,108.47,1,Breezy,509
B006508,2025-09-29,V015,doubles,T0012,T0143,2,2,T0143,T0012,away,8,135.6,0,Glittering,188
B006509,2024-05-13,V025,singles,T0164,T0136,1,1,T0164,T0136,home,8,207.14,0,Fog,1100
B006510,2024-07-16,V004,singles,T0034,T0083,1,1,T0034,T0083,home,11,87.29,0,Moonless,709
B006511,2024-11-09,V051,doubles,T0059,T0096,2,2,T0096,T0059,away,12,79.03,0,Overcast,556
B006512,2025-01-23,V019,doubles,T0178,T0039,2,2,T0039,T0178,away,11,141.77,0,Harsh Sun,792
B006513,2024-05-13,V036,doubles,T0109,T0053,2,2,T0109,T0053,home,18,46.14,1,Hail,637
B006514,2025-03-22,V051,singles,T0059,T0049,1,1,T0059,T0049,home,9,76.75,0,Overcast,582
B006515,2024-03-16,V013,singles,T0044,T0002,1,1,T0044,T0002,home,12,245.84,0,Glittering,1780
B006516,2025-12-17,V014,doubles,T0158,T0063,2,2,T0158,T0063,home,7,338.42,0,Glittering,1682
B006517,2025-07-26,V040,doubles,T0060,T0153,2,2,T0060,T0153,home,16,53.68,0,Smog,259
B006518,2025-10-12,V044,singles,T0048,T0152,1,1,T0048,T0152,home,13,72.24,0,Odd Aura,1263
B006519,2024-02-07,V002,doubles,T0083,T0090,2,2,T0090,T0083,away,10,48.46,0,Breezy,1233
B006520,2025-07-15,V002,doubles,T0044,T0114,2,2,T0044,T0114,home,13,320.41,0,Breezy,845
B006521,2025-01-24,V034,doubles,T0026,T0055,2,2,T0055,T0026,away,11,21.32,0,Hail,1429
B006522,2024-03-21,V043,singles,T0065,T0011,1,1,T0065,T0011,home,10,186.73,0,Odd Aura,895
B006523,2024-10-11,V006,triples,T0123,T0128,3,3,T0128,T0123,away,14,129.83,0,Moonless,337
B006524,2026-01-03,V037,doubles,T0130,T0010,2,2,T0130,T0010,home,19,291.98,1,Clear,968
B006525,2024-11-07,V027,doubles,T0082,T0071,2,2,T0082,T0071,home,24,276.51,1,Fog,758
B006526,2025-09-21,V007,doubles,T0001,T0066,2,2,T0001,T0066,home,13,47.81,0,High Winds,1400
B006527,2025-02-13,V014,singles,T0043,T0080,1,1,T0043,T0080,home,12,84.58,0,Glittering,1691
B006528,2025-03-01,V053,triples,T0018,T0077,3,2,T0018,T0077,home,13,579.03,0,Rain,370
B006529,2025-02-19,V036,doubles,T0180,T0111,2,2,T0111,T0180,away,22,215.94,1,Hail,730
B006530,2024-02-04,V026,singles,T0013,T0133,1,1,T0013,T0133,home,10,383.07,0,Fog,567
B006531,2024-09-28,V028,doubles,T0092,T0099,2,2,T0092,T0099,home,8,3.41,0,Sunny,1050
B006532,2024-09-10,V028,singles,T0167,T0075,1,1,T0075,T0167,away,7,203.03,0,Sunny,1081
B006533,2025-07-30,V042,doubles,T0026,T0029,2,2,T0026,T0029,home,10,57.14,0,Smog,817
B006534,2025-08-06,V004,singles,T0073,T0097,1,1,T0073,T0097,home,14,97.81,0,Moonless,705
B006535,2024-11-04,V038,singles,T0113,T0095,1,1,T0095,T0113,away,10,64.48,0,Clear,933
B006536,2025-10-06,V012,singles,T0104,T0033,1,1,T0104,T0033,home,11,170.45,0,Thunderstorm,929
B006537,2024-09-16,V016,doubles,T0121,T0045,2,2,T0121,T0045,home,10,303.96,0,Clear,248
B006538,2024-05-03,V021,singles,T0030,T0026,1,1,T0026,T0030,away,11,165.73,0,Harsh Sun,247
B006539,2026-03-23,V036,singles,T0021,T0029,1,1,T0021,T0029,home,14,135.0,0,Hail,728
B006540,2025-06-28,V019,singles,T0157,T0130,1,1,T0157,T0130,home,6,184.02,0,Harsh Sun,946
B006541,2025-12-15,V033,triples,T0084,T0102,3,3,T0084,T0102,home,15,169.19,0,Dusty,1593
B006542,2025-06-08,V035,triples,T0143,T0091,3,3,T0091,T0143,away,16,15.21,0,Hail,309
B006543,2024-04-24,V045,doubles,T0134,T0155,2,2,T0155,T0134,away,9,413.82,0,Odd Aura,559
B006544,2025-05-24,V053,doubles,T0053,T0180,2,2,T0053,T0180,home,11,33.95,0,Rain,466
B006545,2024-09-18,V012,singles,T0151,T0022,1,1,T0151,T0022,home,12,64.76,0,Thunderstorm,989
B006546,2025-11-02,V051,doubles,T0154,T0083,2,2,T0154,T0083,home,23,322.26,1,Overcast,487
B006547,2024-06-14,V016,singles,T0110,T0051,1,1,T0110,T0051,home,11,230.2,0,Clear,261
B006548,2025-07-01,V034,doubles,T0163,T0040,2,2,T0040,T0163,away,11,110.42,0,Hail,1537
B006549,2026-01-22,V029,doubles,T0108,T0153,2,2,T0108,T0153,home,9,261.97,0,Sunny,517
B006550,2024-08-22,V003,triples,T0074,T0117,3,3,T0117,T0074,away,21,179.1,1,Breezy,483
B006551,2025-01-25,V031,doubles,T0113,T0101,2,2,T0101,T0113,away,13,14.85,0,Dusty,423
B006552,2024-11-20,V004,triples,T0149,T0035,3,3,T0149,T0035,home,14,56.37,0,Moonless,737
B006553,2026-01-08,V045,singles,T0021,T0064,1,1,T0064,T0021,away,6,2.21,0,Odd Aura,471
B006554,2024-07-21,V022,singles,T0164,T0054,1,1,T0054,T0164,away,14,256.63,0,Windy,619
B006555,2025-05-20,V032,singles,T0105,T0056,1,1,T0056,T0105,away,11,157.33,0,Dusty,1297
B006556,2025-01-31,V030,singles,T0158,T0021,1,1,T0021,T0158,away,13,34.78,0,Sunny,657
B006557,2024-08-20,V010,singles,T0099,T0002,1,1,T0002,T0099,away,12,85.11,0,Thunderstorm,681
B006558,2024-05-13,V050,triples,T0011,T0077,3,3,T0077,T0011,away,9,106.56,0,Overcast,153
B006559,2025-06-22,V054,doubles,T0129,T0017,2,2,T0129,T0017,home,16,89.36,0,Rain,698
B006560,2024-09-25,V039,singles,T0133,T0156,1,1,T0133,T0156,home,12,163.53,0,Clear,899
B006561,2026-03-27,V025,triples,T0030,T0061,3,3,T0030,T0061,home,15,307.9,0,Fog,1117
B006562,2024-12-10,V053,triples,T0002,T0171,3,3,T0002,T0171,home,13,131.38,0,Rain,471
B006563,2025-08-03,V023,singles,T0068,T0055,1,1,T0055,T0068,away,9,136.97,0,Windy,1123
B006564,2024-12-19,V036,triples,T0135,T0075,3,3,T0135,T0075,home,13,559.88,0,Hail,761
B006565,2025-01-15,V020,doubles,T0008,T0050,2,2,T0050,T0008,away,14,256.71,0,Harsh Sun,1633
B006566,2025-12-30,V004,doubles,T0014,T0075,2,2,T0014,T0075,home,13,72.06,0,Moonless,875
B006567,2025-04-21,V011,singles,T0075,T0131,1,1,T0075,T0131,home,11,12.31,0,Thunderstorm,163
B006568,2024-05-21,V021,singles,T0108,T0050,1,1,T0050,T0108,away,9,140.65,0,Harsh Sun,196
B006569,2025-02-05,V011,doubles,T0136,T0086,2,2,T0136,T0086,home,14,268.87,0,Thunderstorm,178
B006570,2024-11-15,V029,singles,T0097,T0015,1,1,T0097,T0015,home,7,31.4,0,Sunny,504
B006571,2025-06-26,V051,singles,T0016,T0032,1,1,T0032,T0016,away,11,483.16,0,Overcast,540
B006572,2025-11-24,V004,singles,T0164,T0117,1,1,T0117,T0164,away,14,213.98,0,Moonless,926
B006573,2025-04-06,V012,singles,T0099,T0019,1,1,T0099,T0019,home,14,263.44,0,Thunderstorm,990
B006574,2025-01-08,V002,triples,T0124,T0031,3,3,T0124,T0031,home,13,94.51,0,Breezy,1021
B006575,2024-08-27,V035,singles,T0005,T0029,1,1,T0029,T0005,away,7,9.98,0,Hail,357
B006576,2025-06-23,V033,singles,T0118,T0167,1,1,T0118,T0167,home,10,247.46,0,Dusty,1609
B006577,2025-01-22,V051,doubles,T0130,T0177,2,2,T0130,T0177,home,16,659.89,0,Overcast,414
B006578,2025-07-07,V035,doubles,T0005,T0018,2,2,T0005,T0018,home,11,287.32,0,Hail,428
B006579,2025-08-09,V020,singles,T0137,T0041,1,1,T0041,T0137,away,6,109.0,0,Harsh Sun,1680
B006580,2025-11-13,V049,triples,T0049,T0145,3,3,T0145,T0049,away,11,295.82,0,Overcast,718
B006581,2025-12-20,V033,singles,T0073,T0148,1,1,T0073,T0148,home,10,39.73,0,Dusty,1900
B006582,2025-05-28,V002,doubles,T0116,T0141,2,2,T0141,T0116,away,15,154.41,0,Breezy,732
B006583,2024-01-02,V014,singles,T0150,T0004,1,1,T0150,T0004,home,17,108.08,0,Glittering,1514
B006584,2024-08-08,V018,singles,T0086,T0042,1,1,T0086,T0042,home,12,353.68,0,Clear,1387
B006585,2024-04-28,V013,singles,T0133,T0069,1,1,T0133,T0069,home,13,184.67,0,Glittering,1719
B006586,2024-12-05,V034,singles,T0145,T0134,1,1,T0145,T0134,home,13,149.17,0,Hail,1871
B006587,2025-09-01,V010,triples,T0169,T0058,3,3,T0169,T0058,home,20,182.44,1,Thunderstorm,703
B006588,2025-10-15,V032,singles,T0136,T0013,1,1,T0013,T0136,away,8,0.84,0,Dusty,1195
B006589,2025-06-03,V023,doubles,T0071,T0141,2,2,T0071,T0141,home,13,11.48,0,Windy,1050
B006590,2025-11-19,V026,triples,T0112,T0130,3,3,T0112,T0130,home,24,179.5,1,Fog,790
B006591,2025-06-29,V001,singles,T0048,T0039,1,1,T0048,T0039,home,11,246.46,0,Breezy,646
B006592,2026-03-18,V015,singles,T0084,T0107,1,1,T0107,T0084,away,12,78.31,0,Glittering,168
B006593,2024-10-26,V005,singles,T0009,T0044,1,1,T0009,T0044,home,14,55.5,0,Moonless,1165
B006594,2025-06-02,V028,singles,T0165,T0032,1,1,T0032,T0165,away,9,117.82,0,Sunny,767
B006595,2025-11-26,V006,doubles,T0115,T0058,2,2,T0058,T0115,away,9,372.84,0,Moonless,350
B006596,2025-03-15,V018,singles,T0149,T0176,1,1,T0176,T0149,away,13,115.16,0,Clear,1544
B006597,2025-03-15,V008,doubles,T0011,T0180,2,2,T0180,T0011,away,10,295.99,0,High Winds,264
B006598,2024-03-18,V032,doubles,T0177,T0112,2,2,T0112,T0177,away,10,229.01,0,Dusty,1405
B006599,2026-01-18,V032,singles,T0008,T0006,1,1,T0008,T0006,home,10,211.96,0,Dusty,1384
B006600,2025-07-12,V040,doubles,T0114,T0176,2,2,T0176,T0114,away,5,237.17,0,Smog,263
B006601,2024-01-21,V023,doubles,T0047,T0109,2,2,T0047,T0109,home,20,237.97,0,Windy,1279
B006602,2026-03-29,V030,doubles,T0175,T0081,2,2,T0081,T0175,away,8,167.51,0,Sunny,640
B006603,2024-08-26,V032,singles,T0092,T0111,1,1,T0111,T0092,away,8,58.23,0,Dusty,1242
B006604,2025-01-04,V004,doubles,T0114,T0053,2,1,T0114,T0053,home,11,14.62,0,Moonless,740
B006605,2025-07-27,V031,singles,T0173,T0165,1,1,T0173,T0165,home,9,249.92,0,Dusty,448
B006606,2026-02-10,V001,triples,T0073,T0111,3,3,T0111,T0073,away,24,25.44,1,Breezy,832
B006607,2025-11-13,V050,doubles,T0161,T0133,2,2,T0161,T0133,home,20,97.05,1,Overcast,225
B006608,2025-11-14,V010,doubles,T0168,T0033,2,2,T0168,T0033,home,11,225.93,0,Thunderstorm,566
B006609,2025-01-24,V008,doubles,T0073,T0124,2,2,T0124,T0073,away,16,112.01,0,High Winds,277
B006610,2025-08-23,V025,triples,T0082,T0102,3,3,T0102,T0082,away,10,17.27,0,Fog,1061
B006611,2025-01-03,V005,doubles,T0151,T0056,2,2,T0151,T0056,home,19,556.2,1,Moonless,1061
B006612,2025-04-07,V006,doubles,T0158,T0008,2,2,T0008,T0158,away,19,254.16,0,Moonless,566
B006613,2024-05-13,V022,singles,T0064,T0008,1,1,T0008,T0064,away,9,128.85,0,Windy,686
B006614,2025-05-03,V024,doubles,T0014,T0006,2,2,T0006,T0014,away,13,400.71,0,Windy,1430
B006615,2025-08-11,V029,singles,T0119,T0160,1,1,T0119,T0160,home,6,61.85,0,Sunny,535
B006616,2025-08-04,V006,doubles,T0154,T0058,2,2,T0058,T0154,away,14,385.03,0,Moonless,386
B006617,2024-03-08,V008,doubles,T0039,T0107,2,2,T0107,T0039,away,12,117.21,0,High Winds,309
B006618,2024-04-01,V017,doubles,T0172,T0078,2,2,T0078,T0172,away,13,331.21,0,Clear,524
B006619,2024-02-24,V005,doubles,T0013,T0136,2,2,T0013,T0136,home,14,202.93,0,Moonless,1120
B006620,2024-04-21,V004,singles,T0036,T0111,1,1,T0036,T0111,home,18,52.31,0,Moonless,746
B006621,2024-03-17,V001,doubles,T0089,T0104,2,2,T0089,T0104,home,16,420.67,0,Breezy,647
B006622,2025-10-04,V048,singles,T0162,T0161,1,1,T0161,T0162,away,8,293.3,0,Sandstorm,2244
B006623,2025-04-09,V015,singles,T0004,T0073,1,1,T0073,T0004,away,7,218.17,0,Glittering,193
B006624,2024-05-10,V041,triples,T0097,T0076,3,3,T0076,T0097,away,21,217.88,1,Smog,663
B006625,2025-07-20,V010,singles,T0002,T0141,1,1,T0002,T0141,home,4,184.15,0,Thunderstorm,513
B006626,2025-05-01,V040,singles,T0053,T0004,1,1,T0053,T0004,home,4,243.05,0,Smog,281
B006627,2026-01-31,V012,singles,T0030,T0052,1,1,T0030,T0052,home,9,300.16,0,Thunderstorm,864
B006628,2025-10-07,V043,singles,T0041,T0048,1,1,T0041,T0048,home,14,223.55,0,Odd Aura,1067
B006629,2025-01-19,V041,singles,T0168,T0048,1,1,T0168,T0048,home,14,18.22,0,Smog,581
B006630,2024-05-27,V002,singles,T0150,T0011,1,1,T0011,T0150,away,6,173.31,0,Breezy,1069
B006631,2024-08-10,V048,singles,T0006,T0038,1,1,T0038,T0006,away,9,143.64,0,Sandstorm,2200
B006632,2025-03-21,V012,singles,T0126,T0067,1,1,T0067,T0126,away,10,32.99,0,Thunderstorm,927
B006633,2025-04-26,V011,doubles,T0087,T0053,2,1,T0087,T0053,home,13,130.32,0,Thunderstorm,133
B006634,2024-05-22,V029,doubles,T0155,T0029,2,2,T0155,T0029,home,20,502.2,0,Sunny,358
B006635,2025-02-28,V040,doubles,T0009,T0135,2,2,T0135,T0009,away,8,84.81,0,Smog,282
B006636,2025-11-30,V045,singles,T0122,T0133,1,1,T0133,T0122,away,7,257.92,0,Odd Aura,591
B006637,2025-11-16,V006,doubles,T0051,T0097,2,2,T0097,T0051,away,13,57.16,0,Moonless,538
B006638,2025-10-17,V040,doubles,T0003,T0006,2,2,T0006,T0003,away,9,183.29,0,Smog,254
B006639,2024-05-14,V004,singles,T0020,T0080,1,1,T0020,T0080,home,9,324.15,0,Moonless,651
B006640,2025-11-01,V013,doubles,T0110,T0044,2,2,T0110,T0044,home,20,230.18,1,Glittering,1871
B006641,2024-10-13,V023,triples,T0080,T0147,3,3,T0147,T0080,away,11,358.98,0,Windy,1143
B006642,2024-05-05,V013,doubles,T0093,T0173,2,2,T0093,T0173,home,12,229.62,0,Glittering,1403
B006643,2024-09-14,V042,triples,T0020,T0150,3,3,T0150,T0020,away,16,104.59,0,Smog,648
B006644,2025-03-19,V015,singles,T0171,T0009,1,1,T0009,T0171,away,17,0.94,0,Glittering,172
B006645,2026-01-05,V039,doubles,T0054,T0138,2,2,T0054,T0138,home,11,411.61,0,Clear,670
B006646,2024-01-03,V013,singles,T0053,T0145,1,1,T0145,T0053,away,8,152.6,0,Glittering,1932
B006647,2025-02-21,V040,doubles,T0114,T0111,2,2,T0111,T0114,away,6,10.05,0,Smog,267
B006648,2026-01-03,V006,triples,T0044,T0043,3,3,T0043,T0044,away,18,7.33,1,Moonless,381
B006649,2024-10-29,V049,triples,T0077,T0156,3,3,T0156,T0077,away,18,24.81,1,Overcast,661
B006650,2025-07-22,V021,singles,T0075,T0111,1,1,T0111,T0075,away,12,224.46,0,Harsh Sun,192
B006651,2025-12-09,V013,singles,T0028,T0039,1,1,T0039,T0028,away,7,58.13,0,Glittering,1666
B006652,2025-10-21,V046,doubles,T0022,T0093,2,2,T0093,T0022,away,13,114.49,0,Sandstorm,434
B006653,2024-12-05,V008,triples,T0048,T0003,3,3,T0048,T0003,home,15,379.71,0,High Winds,349
B006654,2026-01-29,V001,doubles,T0100,T0002,2,2,T0100,T0002,home,14,311.38,0,Breezy,729
B006655,2024-04-11,V006,triples,T0035,T0026,3,3,T0035,T0026,home,17,81.18,1,Moonless,573
B006656,2025-06-11,V003,triples,T0080,T0053,3,3,T0080,T0053,home,9,15.92,0,Breezy,488
B006657,2025-05-25,V027,triples,T0123,T0119,3,3,T0123,T0119,home,16,30.91,0,Fog,804
B006658,2025-01-24,V004,triples,T0030,T0056,3,3,T0056,T0030,away,17,4.24,0,Moonless,820
B006659,2025-08-28,V002,doubles,T0120,T0106,2,2,T0120,T0106,home,14,519.78,0,Breezy,1000
B006660,2024-12-25,V024,doubles,T0025,T0138,2,2,T0138,T0025,away,8,141.25,0,Windy,1238
B006661,2024-01-05,V051,singles,T0178,T0170,1,1,T0170,T0178,away,7,51.99,0,Overcast,412
B006662,2024-06-04,V003,singles,T0080,T0163,1,1,T0080,T0163,home,8,270.01,0,Breezy,572
B006663,2025-10-21,V043,doubles,T0167,T0060,2,2,T0060,T0167,away,17,160.77,0,Odd Aura,955
B006664,2024-01-13,V005,singles,T0013,T0004,1,1,T0013,T0004,home,12,253.51,0,Moonless,1133
B006665,2025-02-01,V013,singles,T0009,T0099,1,1,T0099,T0009,away,10,67.33,0,Glittering,1773
B006666,2024-09-29,V049,triples,T0030,T0153,3,3,T0030,T0153,home,14,266.77,0,Overcast,953
B006667,2024-04-28,V051,singles,T0115,T0114,1,1,T0114,T0115,away,8,34.81,0,Overcast,647
B006668,2024-02-26,V027,singles,T0049,T0029,1,1,T0049,T0029,home,15,160.83,0,Fog,750
B006669,2025-09-04,V009,doubles,T0093,T0177,2,2,T0093,T0177,home,17,122.66,0,High Winds,1836
B006670,2024-10-27,V028,singles,T0088,T0052,1,1,T0088,T0052,home,10,153.28,0,Sunny,1175
B006671,2026-01-09,V040,doubles,T0062,T0056,2,2,T0062,T0056,home,10,172.24,0,Smog,234
B006672,2025-06-20,V022,doubles,T0043,T0014,2,2,T0014,T0043,away,11,119.99,0,Windy,930
B006673,2026-03-29,V010,doubles,T0154,T0036,2,2,T0036,T0154,away,10,2.04,0,Thunderstorm,525
B006674,2025-11-04,V020,doubles,T0061,T0008,2,2,T0061,T0008,home,22,62.86,1,Harsh Sun,1902
B006675,2026-03-19,V008,singles,T0007,T0118,1,1,T0007,T0118,home,11,99.57,0,High Winds,375
B006676,2024-05-29,V003,triples,T0026,T0118,3,2,T0026,T0118,home,15,193.7,0,Breezy,708
B006677,2024-03-25,V049,triples,T0166,T0140,3,3,T0166,T0140,home,15,210.51,0,Overcast,585
B006678,2024-10-05,V009,triples,T0151,T0059,3,3,T0059,T0151,away,15,418.28,0,High Winds,1920
B006679,2025-05-25,V019,triples,T0107,T0123,3,3,T0123,T0107,away,14,153.51,0,Harsh Sun,1043
B006680,2025-05-10,V052,doubles,T0012,T0089,2,2,T0089,T0012,away,15,492.37,0,Rain,539
B006681,2024-07-23,V023,triples,T0047,T0052,3,3,T0052,T0047,away,11,460.85,0,Windy,1256
B006682,2024-08-21,V030,triples,T0031,T0014,3,3,T0031,T0014,home,18,532.78,0,Sunny,746
B006683,2025-05-27,V030,doubles,T0131,T0030,2,2,T0131,T0030,home,9,356.6,0,Sunny,608
B006684,2024-05-22,V022,doubles,T0021,T0028,2,2,T0021,T0028,home,13,180.4,0,Windy,854
B006685,2025-04-03,V010,doubles,T0156,T0151,2,2,T0151,T0156,away,14,486.53,0,Thunderstorm,450
B006686,2024-11-21,V018,singles,T0029,T0021,1,1,T0021,T0029,away,12,148.47,0,Clear,1315
B006687,2026-03-06,V041,triples,T0055,T0054,3,3,T0054,T0055,away,18,170.65,0,Smog,713
B006688,2025-12-15,V025,doubles,T0152,T0087,2,2,T0152,T0087,home,14,131.58,0,Fog,1253
B006689,2025-05-05,V028,singles,T0124,T0093,1,1,T0124,T0093,home,6,95.21,0,Sunny,616
B006690,2025-08-30,V033,singles,T0084,T0030,1,1,T0084,T0030,home,13,147.72,0,Dusty,1808
B006691,2024-04-07,V014,singles,T0128,T0033,1,1,T0128,T0033,home,10,236.71,0,Glittering,1501
B006692,2024-05-11,V024,doubles,T0162,T0068,2,2,T0162,T0068,home,11,140.43,0,Windy,1011
B006693,2024-11-01,V035,singles,T0062,T0104,1,1,T0062,T0104,home,15,265.51,0,Hail,337
B006694,2024-11-14,V009,triples,T0050,T0067,3,3,T0050,T0067,home,19,72.12,0,High Winds,1778
B006695,2025-10-05,V029,triples,T0124,T0097,3,3,T0097,T0124,away,14,220.26,0,Sunny,564
B006696,2024-06-12,V048,doubles,T0011,T0135,2,2,T0135,T0011,away,13,95.96,0,Sandstorm,2187
B006697,2024-10-05,V027,doubles,T0043,T0076,2,2,T0043,T0076,home,11,40.16,0,Fog,779
B006698,2025-11-30,V033,triples,T0165,T0114,3,3,T0114,T0165,away,14,11.71,0,Dusty,1844
B006699,2024-10-02,V026,doubles,T0027,T0070,2,2,T0070,T0027,away,14,152.77,0,Fog,751
B006700,2026-02-04,V018,triples,T0157,T0180,3,3,T0180,T0157,away,21,63.67,1,Clear,1289
B006701,2024-09-17,V034,triples,T0026,T0020,3,2,T0026,T0020,home,15,643.37,0,Hail,1297
B006702,2024-02-28,V027,doubles,T0150,T0170,2,2,T0170,T0150,away,11,45.77,0,Fog,811
B006703,2025-11-19,V025,doubles,T0064,T0097,2,2,T0064,T0097,home,9,226.12,0,Fog,1373
B006704,2025-05-21,V020,triples,T0027,T0093,3,3,T0093,T0027,away,11,228.27,0,Harsh Sun,1838
B006705,2025-07-14,V045,singles,T0087,T0103,1,1,T0087,T0103,home,11,270.38,0,Odd Aura,548
B006706,2024-07-14,V051,triples,T0117,T0080,3,3,T0117,T0080,home,18,410.17,0,Overcast,380
B006707,2026-01-22,V010,doubles,T0098,T0040,2,2,T0098,T0040,home,15,370.55,0,Thunderstorm,222
B006708,2025-03-30,V037,triples,T0040,T0099,3,3,T0040,T0099,home,13,148.84,0,Clear,1050
B006709,2025-11-22,V052,singles,T0094,T0023,1,2,T0023,T0094,away,6,748.77,0,Rain,664
B006710,2025-05-14,V035,doubles,T0005,T0051,2,2,T0005,T0051,home,18,345.53,0,Hail,422
B006711,2024-02-21,V012,singles,T0030,T0144,1,1,T0144,T0030,away,7,112.75,0,Thunderstorm,989
B006712,2024-11-07,V026,doubles,T0120,T0158,2,2,T0120,T0158,home,7,50.39,0,Fog,733
B006713,2026-02-28,V034,triples,T0116,T0151,3,3,T0116,T0151,home,13,11.54,0,Hail,1632
B006714,2025-04-10,V046,singles,T0104,T0022,1,1,T0104,T0022,home,9,17.82,0,Sandstorm,332
B006715,2025-01-12,V011,doubles,T0033,T0064,2,2,T0033,T0064,home,8,166.73,0,Thunderstorm,142
B006716,2024-10-17,V020,singles,T0115,T0003,1,1,T0115,T0003,home,10,48.77,0,Harsh Sun,1711
B006717,2025-10-28,V006,triples,T0060,T0069,3,3,T0060,T0069,home,19,402.88,0,Moonless,529
B006718,2024-07-12,V043,doubles,T0107,T0094,2,2,T0094,T0107,away,22,75.97,1,Odd Aura,1099
B006719,2025-05-28,V037,triples,T0074,T0126,3,3,T0126,T0074,away,14,361.68,0,Clear,1131
B006720,2026-01-09,V024,doubles,T0103,T0178,2,2,T0178,T0103,away,10,243.02,0,Windy,888
B006721,2025-06-12,V053,triples,T0046,T0087,3,3,T0087,T0046,away,12,370.55,0,Rain,543
B006722,2024-11-01,V046,doubles,T0086,T0061,2,2,T0086,T0061,home,4,208.59,0,Sandstorm,603
B006723,2025-02-23,V006,singles,T0128,T0070,1,1,T0128,T0070,home,11,206.86,0,Moonless,576
B006724,2026-01-23,V038,triples,T0120,T0089,3,3,T0089,T0120,away,17,814.37,0,Clear,945
B006725,2025-05-29,V020,doubles,T0132,T0117,2,2,T0117,T0132,away,13,406.54,0,Harsh Sun,1772
B006726,2025-04-02,V017,doubles,T0113,T0068,2,2,T0068,T0113,away,13,124.67,0,Clear,632
B006727,2025-03-10,V041,doubles,T0157,T0102,2,2,T0102,T0157,away,12,211.66,0,Smog,474
B006728,2024-06-25,V047,doubles,T0052,T0168,2,2,T0168,T0052,away,15,250.88,0,Sandstorm,326
B006729,2025-06-10,V026,singles,T0150,T0044,1,1,T0150,T0044,home,11,194.55,0,Fog,486
B006730,2024-04-12,V027,doubles,T0043,T0129,2,2,T0129,T0043,away,19,218.86,1,Fog,799
B006731,2025-10-16,V045,doubles,T0048,T0006,2,2,T0048,T0006,home,12,283.17,0,Odd Aura,549
B006732,2024-09-02,V010,doubles,T0118,T0068,2,2,T0068,T0118,away,12,141.23,0,Thunderstorm,530
B006733,2026-03-08,V032,doubles,T0152,T0020,2,2,T0020,T0152,away,14,136.33,0,Dusty,1050
B006734,2024-08-14,V037,singles,T0107,T0018,1,1,T0107,T0018,home,10,26.7,0,Clear,1210
B006735,2024-11-20,V031,doubles,T0049,T0094,2,2,T0049,T0094,home,13,102.16,0,Dusty,402
B006736,2024-08-25,V017,singles,T0068,T0032,1,1,T0032,T0068,away,7,350.6,0,Clear,621
B006737,2024-04-12,V012,doubles,T0118,T0063,2,2,T0118,T0063,home,14,65.81,0,Thunderstorm,917
B006738,2024-04-16,V008,singles,T0171,T0133,1,1,T0133,T0171,away,9,170.13,0,High Winds,292
B006739,2025-09-12,V003,singles,T0058,T0123,1,1,T0123,T0058,away,9,74.9,0,Breezy,433
B006740,2024-08-28,V003,singles,T0091,T0008,1,1,T0091,T0008,home,8,90.53,0,Breezy,527
B006741,2025-08-01,V017,doubles,T0033,T0174,2,2,T0174,T0033,away,18,529.87,1,Clear,610
B006742,2026-02-17,V047,doubles,T0124,T0170,2,2,T0170,T0124,away,12,314.18,0,Sandstorm,284
B006743,2025-10-27,V042,doubles,T0154,T0158,2,2,T0154,T0158,home,13,505.12,0,Smog,684
B006744,2026-03-31,V045,singles,T0109,T0165,1,1,T0165,T0109,away,9,114.96,0,Odd Aura,570
B006745,2026-02-13,V053,singles,T0053,T0004,1,1,T0053,T0004,home,7,304.73,0,Rain,418
B006746,2024-06-05,V036,triples,T0050,T0144,3,3,T0144,T0050,away,19,82.48,0,Hail,675
B006747,2026-03-10,V048,singles,T0115,T0009,1,1,T0115,T0009,home,8,111.72,0,Sandstorm,2049
B006748,2024-08-22,V048,doubles,T0050,T0039,2,2,T0050,T0039,home,20,65.2,0,Sandstorm,1946
B006749,2024-09-22,V027,doubles,T0043,T0144,2,2,T0043,T0144,home,6,36.97,0,Fog,610
B006750,2025-09-21,V037,doubles,T0028,T0013,2,2,T0013,T0028,away,13,449.0,0,Clear,1082
B006751,2025-07-08,V049,doubles,T0026,T0102,2,2,T0102,T0026,away,15,416.24,0,Overcast,648
B006752,2024-05-08,V052,doubles,T0060,T0095,2,2,T0095,T0060,away,13,230.04,0,Rain,737
B006753,2025-10-19,V005,doubles,T0169,T0123,2,2,T0123,T0169,away,13,283.27,0,Moonless,1278
B006754,2026-02-09,V008,singles,T0176,T0174,1,1,T0174,T0176,away,17,228.49,0,High Winds,442
B006755,2026-01-08,V018,triples,T0099,T0092,3,3,T0099,T0092,home,15,47.36,0,Clear,1318
B006756,2025-10-23,V031,singles,T0058,T0098,1,1,T0098,T0058,away,9,168.97,0,Dusty,331
B006757,2024-11-28,V025,doubles,T0030,T0004,2,2,T0030,T0004,home,14,399.72,0,Fog,1058
B006758,2024-03-05,V024,triples,T0120,T0159,3,3,T0159,T0120,away,19,261.49,0,Windy,1389
B006759,2026-02-07,V032,doubles,T0179,T0011,2,2,T0179,T0011,home,16,183.21,1,Dusty,1287
B006760,2026-03-19,V001,doubles,T0041,T0056,2,2,T0041,T0056,home,14,474.08,0,Breezy,757
B006761,2024-06-23,V022,singles,T0149,T0064,1,1,T0149,T0064,home,9,202.87,0,Windy,1292
B006762,2024-08-08,V052,doubles,T0040,T0111,2,2,T0111,T0040,away,14,31.93,0,Rain,658
B006763,2025-08-07,V008,singles,T0045,T0119,1,1,T0119,T0045,away,10,116.29,0,High Winds,354
B006764,2024-11-22,V043,doubles,T0055,T0027,2,2,T0027,T0055,away,8,33.93,0,Odd Aura,967
B006765,2025-10-13,V044,singles,T0018,T0085,1,1,T0018,T0085,home,10,46.17,0,Odd Aura,1417
B006766,2024-01-17,V044,triples,T0147,T0075,3,3,T0147,T0075,home,13,485.0,0,Odd Aura,1502
B006767,2024-02-28,V045,triples,T0097,T0122,3,3,T0122,T0097,away,20,28.79,1,Odd Aura,475
B006768,2024-03-06,V010,singles,T0022,T0087,1,1,T0022,T0087,home,8,74.33,0,Thunderstorm,546
B006769,2025-12-18,V051,doubles,T0022,T0123,2,2,T0022,T0123,home,12,169.28,0,Overcast,405
B006770,2026-02-01,V002,doubles,T0130,T0002,2,2,T0130,T0002,home,17,271.26,0,Breezy,1159
B006771,2025-08-15,V047,triples,T0149,T0014,3,3,T0149,T0014,home,13,534.57,0,Sandstorm,392
B006772,2024-09-16,V033,doubles,T0161,T0014,2,2,T0161,T0014,home,12,316.56,0,Dusty,1409
B006773,2024-01-16,V024,singles,T0134,T0111,1,1,T0111,T0134,away,9,188.02,0,Windy,1010
B006774,2025-04-10,V046,doubles,T0132,T0179,2,2,T0132,T0179,home,11,259.37,0,Sandstorm,451
B006775,2024-12-27,V005,singles,T0149,T0030,1,1,T0030,T0149,away,11,158.52,0,Moonless,1157
B006776,2025-07-04,V024,singles,T0078,T0022,1,1,T0078,T0022,home,7,1.29,0,Windy,1174
B006777,2024-08-01,V053,doubles,T0130,T0024,2,2,T0130,T0024,home,13,340.94,0,Rain,526
B006778,2025-09-09,V047,singles,T0039,T0131,1,1,T0131,T0039,away,7,435.72,0,Sandstorm,430
B006779,2026-01-12,V051,triples,T0026,T0032,3,3,T0026,T0032,home,20,33.31,0,Overcast,540
B006780,2024-05-04,V025,doubles,T0129,T0173,2,2,T0129,T0173,home,11,164.47,0,Fog,1454
B006781,2024-07-10,V016,doubles,T0156,T0037,2,2,T0037,T0156,away,7,183.53,0,Clear,207
B006782,2025-07-24,V001,doubles,T0147,T0141,2,2,T0147,T0141,home,11,318.97,0,Breezy,802
B006783,2025-01-24,V037,doubles,T0074,T0037,2,1,T0074,T0037,home,19,429.75,1,Clear,1088
B006784,2025-03-27,V032,doubles,T0002,T0076,2,2,T0002,T0076,home,11,358.49,0,Dusty,1028
B006785,2024-12-07,V022,doubles,T0054,T0033,2,2,T0054,T0033,home,14,324.85,0,Windy,1087
B006786,2025-01-03,V032,doubles,T0121,T0045,2,2,T0121,T0045,home,12,431.62,0,Dusty,1188
B006787,2024-09-24,V047,singles,T0121,T0099,1,1,T0121,T0099,home,4,307.22,0,Sandstorm,405
B006788,2025-12-16,V032,doubles,T0153,T0087,2,2,T0087,T0153,away,11,190.78,0,Dusty,1264
B006789,2025-05-20,V013,doubles,T0133,T0164,2,2,T0133,T0164,home,16,479.47,0,Glittering,2015
B006790,2024-10-29,V047,singles,T0117,T0086,1,1,T0117,T0086,home,9,25.47,0,Sandstorm,368
B006791,2024-09-29,V035,doubles,T0169,T0039,2,2,T0039,T0169,away,13,48.84,0,Hail,318
B006792,2024-05-03,V033,doubles,T0093,T0096,2,2,T0093,T0096,home,14,211.31,0,Dusty,1523
B006793,2024-11-13,V017,singles,T0091,T0020,1,1,T0020,T0091,away,10,137.28,0,Clear,731
B006794,2024-12-02,V035,triples,T0124,T0001,3,3,T0124,T0001,home,15,229.55,0,Hail,379
B006795,2025-03-27,V001,doubles,T0050,T0099,2,2,T0050,T0099,home,17,126.86,0,Breezy,634
B006796,2024-01-01,V036,triples,T0130,T0161,3,3,T0130,T0161,home,14,529.2,0,Hail,699
B006797,2025-06-08,V004,doubles,T0178,T0064,2,2,T0178,T0064,home,10,583.98,0,Moonless,514
B006798,2024-09-20,V021,triples,T0081,T0099,3,3,T0081,T0099,home,15,227.99,0,Harsh Sun,298
B006799,2024-01-06,V031,doubles,T0073,T0024,2,2,T0073,T0024,home,9,17.73,0,Dusty,419
B006800,2025-02-26,V017,triples,T0154,T0066,3,3,T0066,T0154,away,11,622.4,0,Clear,440
B006801,2025-09-01,V050,singles,T0141,T0082,1,1,T0141,T0082,home,15,102.1,0,Overcast,206
B006802,2025-03-11,V033,singles,T0100,T0141,1,1,T0141,T0100,away,17,67.91,0,Dusty,1735
B006803,2025-07-30,V020,singles,T0174,T0131,1,2,T0131,T0174,away,11,466.31,0,Harsh Sun,1961
B006804,2026-01-19,V042,singles,T0084,T0088,1,1,T0088,T0084,away,15,126.39,0,Smog,787
B006805,2024-01-01,V038,triples,T0126,T0163,3,3,T0126,T0163,home,17,247.22,0,Clear,969
B006806,2026-02-23,V031,doubles,T0166,T0006,2,2,T0166,T0006,home,13,42.21,0,Dusty,497
B006807,2025-04-26,V023,doubles,T0166,T0002,2,1,T0166,T0002,home,24,36.57,1,Windy,1295
B006808,2025-05-17,V009,triples,T0160,T0159,3,3,T0159,T0160,away,13,364.55,0,High Winds,1967
B006809,2025-02-23,V013,singles,T0123,T0066,1,1,T0123,T0066,home,7,159.61,0,Glittering,1764
B006810,2024-10-08,V054,doubles,T0119,T0017,2,2,T0119,T0017,home,6,83.03,0,Rain,620
B006811,2025-10-16,V016,singles,T0074,T0040,1,1,T0040,T0074,away,6,202.2,0,Clear,144
B006812,2024-03-30,V032,doubles,T0012,T0060,2,2,T0060,T0012,away,4,86.85,0,Dusty,1332
B006813,2024-09-09,V020,triples,T0101,T0129,3,3,T0101,T0129,home,11,48.64,0,Harsh Sun,1341
B006814,2025-07-20,V028,singles,T0162,T0009,1,1,T0162,T0009,home,10,132.62,0,Sunny,858
B006815,2026-02-10,V040,triples,T0178,T0135,3,3,T0135,T0178,away,24,82.63,1,Smog,299
B006816,2024-04-15,V047,doubles,T0097,T0075,2,2,T0097,T0075,home,13,273.95,0,Sandstorm,343
B006817,2025-02-02,V008,singles,T0052,T0169,1,1,T0052,T0169,home,8,268.09,0,High Winds,399
B006818,2024-12-19,V039,doubles,T0045,T0090,2,2,T0045,T0090,home,16,35.95,0,Clear,621
B006819,2024-05-22,V014,doubles,T0030,T0126,2,2,T0030,T0126,home,14,42.69,0,Glittering,1308
B006820,2025-02-15,V006,singles,T0018,T0122,1,1,T0018,T0122,home,15,28.87,0,Moonless,490
B006821,2025-09-03,V050,doubles,T0083,T0060,2,2,T0083,T0060,home,12,225.97,0,Overcast,240
B006822,2025-05-04,V039,singles,T0123,T0034,1,1,T0123,T0034,home,9,82.46,0,Clear,840
B006823,2026-01-19,V040,doubles,T0068,T0176,2,2,T0068,T0176,home,7,394.01,0,Smog,220
B006824,2025-07-12,V002,singles,T0083,T0170,1,1,T0170,T0083,away,13,83.69,0,Breezy,1089
B006825,2024-10-13,V050,doubles,T0096,T0089,2,2,T0089,T0096,away,10,628.93,0,Overcast,155
B006826,2025-05-10,V024,triples,T0169,T0090,3,3,T0169,T0090,home,24,200.07,1,Windy,603
B006827,2024-01-22,V008,singles,T0118,T0050,1,1,T0050,T0118,away,10,8.09,0,High Winds,467
B006828,2024-06-16,V022,doubles,T0164,T0032,2,2,T0032,T0164,away,15,457.26,0,Windy,1302
B006829,2025-07-15,V030,doubles,T0037,T0172,2,2,T0172,T0037,away,12,193.91,0,Sunny,548
B006830,2025-04-29,V018,doubles,T0007,T0063,2,2,T0063,T0007,away,23,132.35,1,Clear,1486
B006831,2026-03-11,V046,doubles,T0047,T0002,2,2,T0047,T0002,home,5,122.94,0,Sandstorm,425
B006832,2025-11-25,V039,doubles,T0106,T0010,2,2,T0106,T0010,home,12,107.9,0,Clear,573
B006833,2025-03-03,V040,triples,T0174,T0079,3,3,T0079,T0174,away,11,61.87,0,Smog,277
B006834,2024-04-25,V005,doubles,T0079,T0130,2,2,T0130,T0079,away,15,481.91,0,Moonless,1060
B006835,2024-10-12,V012,singles,T0054,T0139,1,1,T0139,T0054,away,5,20.83,0,Thunderstorm,834
B006836,2025-12-11,V006,singles,T0140,T0009,1,1,T0009,T0140,away,9,225.16,0,Moonless,543
B006837,2025-12-25,V043,doubles,T0058,T0040,2,2,T0040,T0058,away,13,322.12,0,Odd Aura,867
B006838,2025-05-02,V021,doubles,T0073,T0071,2,2,T0071,T0073,away,14,70.89,0,Harsh Sun,235
B006839,2024-05-25,V047,singles,T0095,T0099,1,1,T0099,T0095,away,8,187.61,0,Sandstorm,365
B006840,2024-06-24,V016,singles,T0068,T0062,1,1,T0068,T0062,home,8,89.58,0,Clear,198
B006841,2025-08-01,V024,triples,T0161,T0074,3,3,T0161,T0074,home,9,847.17,0,Windy,793
B006842,2025-07-06,V004,singles,T0022,T0151,1,1,T0151,T0022,away,4,11.19,0,Moonless,693
B006843,2026-01-27,V014,singles,T0052,T0001,1,1,T0001,T0052,away,7,150.55,0,Glittering,1676
B006844,2025-09-03,V006,doubles,T0154,T0058,2,2,T0058,T0154,away,10,456.53,0,Moonless,298
B006845,2025-11-29,V019,singles,T0110,T0062,1,1,T0062,T0110,away,10,213.17,0,Harsh Sun,1166
B006846,2026-03-29,V012,doubles,T0030,T0167,2,2,T0030,T0167,home,7,208.3,0,Thunderstorm,1003
B006847,2024-08-11,V018,doubles,T0170,T0153,2,1,T0170,T0153,home,22,541.13,1,Clear,1392
B006848,2025-03-10,V014,singles,T0086,T0168,1,1,T0086,T0168,home,6,399.3,0,Glittering,1349
B006849,2025-08-01,V041,doubles,T0016,T0074,2,2,T0016,T0074,home,12,309.7,0,Smog,579
B006850,2025-07-14,V016,singles,T0062,T0089,1,1,T0089,T0062,away,10,78.79,0,Clear,184
B006851,2024-01-17,V021,doubles,T0170,T0112,2,2,T0170,T0112,home,14,76.97,0,Harsh Sun,234
B006852,2025-01-30,V045,singles,T0019,T0135,1,1,T0135,T0019,away,7,5.51,0,Odd Aura,559
B006853,2025-03-16,V035,doubles,T0057,T0027,2,2,T0057,T0027,home,12,436.87,0,Hail,359
B006854,2025-08-29,V016,singles,T0131,T0153,1,1,T0131,T0153,home,6,13.71,0,Clear,190
B006855,2024-05-23,V014,triples,T0037,T0066,3,3,T0066,T0037,away,11,181.92,0,Glittering,1522
B006856,2024-05-25,V039,singles,T0150,T0077,1,1,T0077,T0150,away,12,35.91,0,Clear,596
B006857,2025-01-12,V006,singles,T0131,T0014,1,1,T0131,T0014,home,7,128.58,0,Moonless,350
B006858,2024-02-16,V014,doubles,T0068,T0107,2,2,T0068,T0107,home,11,25.74,0,Glittering,1729
B006859,2025-07-09,V019,triples,T0157,T0029,3,3,T0157,T0029,home,15,758.41,0,Harsh Sun,1281
B006860,2025-01-29,V035,triples,T0097,T0035,3,3,T0097,T0035,home,18,168.47,0,Hail,360
B006861,2024-07-10,V023,singles,T0002,T0161,1,1,T0002,T0161,home,10,268.68,0,Windy,1433
B006862,2024-01-24,V054,doubles,T0151,T0066,2,2,T0066,T0151,away,11,515.83,0,Rain,546
B006863,2024-02-01,V053,singles,T0079,T0128,1,1,T0128,T0079,away,10,194.94,0,Rain,438
B006864,2024-02-18,V034,doubles,T0143,T0161,2,2,T0161,T0143,away,10,360.87,0,Hail,1769
B006865,2024-06-09,V051,doubles,T0017,T0079,2,2,T0079,T0017,away,13,65.84,0,Overcast,604
B006866,2025-06-03,V003,singles,T0109,T0160,1,1,T0160,T0109,away,13,205.38,0,Breezy,388
B006867,2024-07-30,V013,doubles,T0173,T0108,2,2,T0108,T0173,away,13,181.09,0,Glittering,1529
B006868,2024-09-21,V036,doubles,T0050,T0073,2,2,T0073,T0050,away,9,6.61,0,Hail,653
B006869,2025-06-30,V026,triples,T0154,T0090,3,3,T0090,T0154,away,17,133.09,0,Fog,895
B006870,2025-12-12,V015,doubles,T0033,T0043,2,2,T0043,T0033,away,13,32.25,0,Glittering,125
B006871,2026-01-24,V009,singles,T0171,T0176,1,1,T0176,T0171,away,14,0.2,0,High Winds,1947
B006872,2024-06-09,V028,singles,T0168,T0166,1,1,T0166,T0168,away,7,222.36,0,Sunny,961
B006873,2025-08-06,V023,triples,T0155,T0166,3,3,T0166,T0155,away,11,98.24,0,Windy,1380
B006874,2024-12-20,V009,doubles,T0032,T0099,2,2,T0032,T0099,home,15,326.14,0,High Winds,2289
B006875,2025-07-17,V028,doubles,T0114,T0122,2,2,T0122,T0114,away,9,45.78,0,Sunny,863
B006876,2024-04-24,V012,singles,T0030,T0107,1,2,T0107,T0030,away,12,113.12,0,Thunderstorm,1060
B006877,2025-06-24,V022,doubles,T0164,T0011,2,2,T0011,T0164,away,19,337.21,1,Windy,1028
B006878,2025-08-03,V040,doubles,T0135,T0167,2,2,T0167,T0135,away,11,36.97,0,Smog,280
B006879,2025-01-22,V036,doubles,T0049,T0028,2,1,T0049,T0028,home,8,246.84,0,Hail,684
B006880,2024-10-11,V045,singles,T0009,T0115,1,1,T0009,T0115,home,8,181.52,0,Odd Aura,413
B006881,2025-10-18,V044,singles,T0082,T0098,1,1,T0082,T0098,home,9,196.22,0,Odd Aura,1608
B006882,2024-03-10,V040,doubles,T0107,T0120,2,2,T0107,T0120,home,21,66.27,1,Smog,274
B006883,2024-01-28,V017,doubles,T0151,T0177,2,3,T0177,T0151,away,14,566.79,0,Clear,667
B006884,2024-11-06,V019,doubles,T0010,T0087,2,2,T0087,T0010,away,9,15.7,0,Harsh Sun,1132
B006885,2024-08-26,V035,doubles,T0126,T0171,2,2,T0171,T0126,away,13,125.46,0,Hail,356
B006886,2024-04-20,V040,singles,T0056,T0128,1,1,T0128,T0056,away,13,17.49,0,Smog,248
B006887,2024-07-11,V038,triples,T0106,T0131,3,2,T0106,T0131,home,16,27.19,0,Clear,856
B006888,2024-12-26,V006,doubles,T0172,T0038,2,2,T0038,T0172,away,18,517.39,1,Moonless,518
B006889,2024-10-01,V035,singles,T0050,T0071,1,1,T0071,T0050,away,5,183.56,0,Hail,357
B006890,2024-11-25,V020,doubles,T0057,T0137,2,2,T0057,T0137,home,14,420.19,0,Harsh Sun,1690
B006891,2026-03-24,V044,triples,T0003,T0177,3,3,T0003,T0177,home,19,436.47,0,Odd Aura,1632
B006892,2024-12-21,V022,singles,T0053,T0105,1,1,T0053,T0105,home,7,207.98,0,Windy,1306
B006893,2024-05-11,V049,singles,T0100,T0130,1,1,T0130,T0100,away,16,117.44,0,Overcast,779
B006894,2025-11-08,V035,triples,T0001,T0077,3,3,T0001,T0077,home,10,281.88,0,Hail,470
B006895,2025-04-14,V015,triples,T0035,T0047,3,2,T0035,T0047,home,16,403.45,0,Glittering,146
B006896,2025-10-01,V036,singles,T0060,T0099,1,1,T0099,T0060,away,11,182.98,0,Hail,762
B006897,2024-05-21,V008,doubles,T0113,T0143,2,2,T0113,T0143,home,13,44.46,0,High Winds,322
B006898,2024-08-20,V003,doubles,T0080,T0047,2,2,T0080,T0047,home,13,156.11,0,Breezy,474
B006899,2025-01-10,V052,doubles,T0066,T0007,2,2,T0007,T0066,away,21,15.06,1,Rain,661
B006900,2025-02-27,V013,doubles,T0133,T0034,2,2,T0133,T0034,home,19,56.28,1,Glittering,1288
B006901,2024-10-25,V035,triples,T0019,T0083,3,3,T0083,T0019,away,11,84.17,0,Hail,338
B006902,2025-03-05,V020,doubles,T0016,T0037,2,2,T0016,T0037,home,8,153.92,0,Harsh Sun,1649
B006903,2025-08-26,V037,singles,T0062,T0083,1,1,T0062,T0083,home,11,88.78,0,Clear,940
B006904,2025-04-07,V004,singles,T0174,T0165,1,1,T0174,T0165,home,5,7.72,0,Moonless,626
B006905,2024-07-24,V009,singles,T0043,T0136,1,1,T0136,T0043,away,14,47.31,0,High Winds,1984
B006906,2025-06-21,V021,singles,T0079,T0140,1,1,T0140,T0079,away,14,154.33,0,Harsh Sun,213
B006907,2026-03-17,V027,doubles,T0044,T0165,2,2,T0044,T0165,home,11,109.77,0,Fog,631
B006908,2025-03-15,V022,doubles,T0070,T0001,2,2,T0070,T0001,home,18,64.38,0,Windy,1069
B006909,2025-03-31,V018,doubles,T0177,T0149,2,2,T0149,T0177,away,8,72.18,0,Clear,1357
B006910,2024-11-25,V017,doubles,T0014,T0103,2,2,T0103,T0014,away,7,267.17,0,Clear,719
B006911,2025-02-18,V050,singles,T0039,T0086,1,1,T0086,T0039,away,11,535.52,0,Overcast,200
B006912,2025-04-04,V050,doubles,T0112,T0079,2,2,T0079,T0112,away,7,112.0,0,Overcast,188
B006913,2024-02-19,V017,doubles,T0030,T0162,2,2,T0030,T0162,home,5,124.64,0,Clear,704
B006914,2025-04-29,V046,singles,T0168,T0019,1,1,T0168,T0019,home,8,101.51,0,Sandstorm,440
B006915,2024-06-06,V023,doubles,T0009,T0040,2,2,T0040,T0009,away,13,82.39,0,Windy,1301
B006916,2026-03-05,V009,singles,T0019,T0173,1,1,T0173,T0019,away,10,238.11,0,High Winds,1826
B006917,2024-12-02,V043,singles,T0165,T0002,1,1,T0165,T0002,home,12,18.24,0,Odd Aura,1273
B006918,2024-07-19,V020,triples,T0174,T0130,3,3,T0174,T0130,home,11,201.59,0,Harsh Sun,1825
B006919,2026-03-19,V010,doubles,T0015,T0117,2,2,T0117,T0015,away,9,304.96,0,Thunderstorm,437
B006920,2024-12-01,V007,singles,T0129,T0026,1,1,T0129,T0026,home,10,134.81,0,High Winds,1394
B006921,2025-06-26,V022,singles,T0091,T0084,1,1,T0091,T0084,home,15,76.55,0,Windy,908
B006922,2024-11-16,V002,doubles,T0127,T0064,2,2,T0064,T0127,away,10,214.95,0,Breezy,1462
B006923,2025-08-07,V012,doubles,T0143,T0021,2,2,T0021,T0143,away,20,275.04,1,Thunderstorm,838
B006924,2026-03-25,V047,doubles,T0016,T0068,2,2,T0016,T0068,home,23,7.17,1,Sandstorm,371
B006925,2025-07-04,V021,singles,T0034,T0004,1,1,T0034,T0004,home,12,66.41,0,Harsh Sun,147
B006926,2024-07-13,V041,triples,T0056,T0081,3,3,T0081,T0056,away,17,14.36,0,Smog,574
B006927,2024-11-02,V045,doubles,T0163,T0007,2,2,T0007,T0163,away,14,119.64,0,Odd Aura,509
B006928,2026-01-07,V039,doubles,T0104,T0097,2,2,T0097,T0104,away,11,72.28,0,Clear,429
B006929,2024-02-25,V002,triples,T0096,T0171,3,3,T0171,T0096,away,20,68.11,0,Breezy,1061
B006930,2026-03-25,V050,singles,T0065,T0037,1,1,T0065,T0037,home,9,185.85,0,Overcast,236
B006931,2024-03-06,V054,singles,T0138,T0168,1,1,T0168,T0138,away,4,135.8,0,Rain,763
B006932,2025-10-15,V044,triples,T0017,T0037,3,3,T0037,T0017,away,24,106.01,1,Odd Aura,988
B006933,2026-01-06,V032,singles,T0077,T0074,1,1,T0077,T0074,home,7,239.78,0,Dusty,1133
B006934,2024-07-20,V043,singles,T0173,T0048,1,1,T0173,T0048,home,7,128.08,0,Odd Aura,1233
B006935,2025-07-11,V011,singles,T0102,T0176,1,1,T0176,T0102,away,12,179.93,0,Thunderstorm,138
B006936,2025-12-10,V047,singles,T0180,T0012,1,1,T0012,T0180,away,4,173.86,0,Sandstorm,239
B006937,2025-09-14,V044,singles,T0132,T0167,1,1,T0132,T0167,home,8,173.29,0,Odd Aura,1553
B006938,2024-11-13,V014,singles,T0128,T0094,1,1,T0094,T0128,away,8,148.66,0,Glittering,1409
B006939,2024-04-01,V047,doubles,T0087,T0096,2,2,T0087,T0096,home,18,473.46,0,Sandstorm,408
B006940,2024-07-31,V052,triples,T0179,T0023,3,3,T0023,T0179,away,10,168.05,0,Rain,445
B006941,2024-11-08,V049,singles,T0053,T0135,1,1,T0135,T0053,away,13,154.5,0,Overcast,711
B006942,2025-05-21,V005,triples,T0018,T0060,3,3,T0060,T0018,away,9,259.59,0,Moonless,1203
B006943,2024-02-16,V025,singles,T0094,T0056,1,1,T0094,T0056,home,8,8.3,0,Fog,1231
B006944,2024-04-12,V005,doubles,T0005,T0170,2,2,T0170,T0005,away,15,159.96,0,Moonless,1278
B006945,2024-03-20,V043,singles,T0151,T0065,1,1,T0065,T0151,away,4,5.87,0,Odd Aura,1105
B006946,2024-10-26,V021,doubles,T0041,T0158,2,2,T0041,T0158,home,10,53.2,0,Harsh Sun,218
B006947,2024-08-17,V008,doubles,T0106,T0044,2,2,T0044,T0106,away,13,511.98,0,High Winds,353
B006948,2026-03-30,V039,triples,T0009,T0097,3,3,T0009,T0097,home,15,219.92,0,Clear,710
B006949,2025-12-18,V011,singles,T0148,T0070,1,1,T0148,T0070,home,7,195.91,0,Thunderstorm,157
B006950,2025-10-12,V011,doubles,T0096,T0124,2,2,T0124,T0096,away,14,79.26,0,Thunderstorm,216
B006951,2024-03-28,V036,singles,T0087,T0088,1,1,T0088,T0087,away,9,86.54,0,Hail,779
B006952,2024-02-13,V006,singles,T0076,T0124,1,1,T0076,T0124,home,7,135.77,0,Moonless,313
B006953,2024-06-01,V032,triples,T0073,T0134,3,3,T0134,T0073,away,12,24.72,0,Dusty,1298
B006954,2024-08-07,V045,singles,T0034,T0017,1,1,T0034,T0017,home,6,134.66,0,Odd Aura,533
B006955,2024-05-24,V049,singles,T0117,T0111,1,1,T0117,T0111,home,12,1.4,0,Overcast,702
B006956,2024-08-12,V034,singles,T0179,T0096,1,1,T0096,T0179,away,12,53.39,0,Hail,1398
B006957,2024-05-01,V038,singles,T0035,T0142,1,1,T0142,T0035,away,15,252.12,0,Clear,585
B006958,2025-07-27,V026,doubles,T0151,T0050,2,2,T0151,T0050,home,12,14.93,0,Fog,706
B006959,2024-08-12,V047,triples,T0036,T0127,3,3,T0036,T0127,home,17,167.88,0,Sandstorm,468
B006960,2025-06-19,V034,doubles,T0050,T0077,2,2,T0050,T0077,home,8,221.77,0,Hail,1486
B006961,2024-02-11,V045,singles,T0048,T0086,1,1,T0048,T0086,home,13,79.49,0,Odd Aura,494
B006962,2025-03-16,V036,doubles,T0147,T0002,2,2,T0002,T0147,away,11,259.95,0,Hail,762
B006963,2024-01-30,V028,triples,T0153,T0058,3,3,T0153,T0058,home,11,17.15,0,Sunny,1074
B006964,2026-02-05,V029,doubles,T0007,T0081,2,2,T0007,T0081,home,14,12.96,0,Sunny,521
B006965,2024-12-28,V030,singles,T0044,T0113,1,1,T0044,T0113,home,13,44.5,0,Sunny,686
B006966,2025-02-26,V035,singles,T0030,T0050,1,1,T0030,T0050,home,6,94.97,0,Hail,368
B006967,2024-09-02,V048,triples,T0066,T0145,3,3,T0066,T0145,home,10,187.93,0,Sandstorm,2255
B006968,2026-01-30,V053,triples,T0093,T0062,3,3,T0093,T0062,home,13,701.01,0,Rain,480
B006969,2025-01-17,V035,singles,T0019,T0139,1,1,T0139,T0019,away,12,52.21,0,Hail,338
B006970,2024-09-13,V054,doubles,T0077,T0138,2,2,T0077,T0138,home,14,270.94,0,Rain,550
B006971,2025-10-14,V039,singles,T0171,T0077,1,1,T0171,T0077,home,10,70.89,0,Clear,564
B006972,2025-04-01,V021,doubles,T0044,T0170,2,2,T0170,T0044,away,14,108.45,0,Harsh Sun,215
B006973,2025-08-08,V005,singles,T0041,T0164,1,1,T0041,T0164,home,18,30.58,0,Moonless,886
B006974,2025-11-24,V002,doubles,T0002,T0120,2,2,T0002,T0120,home,13,417.48,0,Breezy,935
B006975,2025-08-24,V016,doubles,T0099,T0089,2,2,T0089,T0099,away,19,432.81,1,Clear,195
B006976,2024-10-12,V041,doubles,T0168,T0055,2,2,T0055,T0168,away,14,87.25,0,Smog,600
B006977,2025-09-23,V001,doubles,T0179,T0059,2,2,T0059,T0179,away,11,397.84,0,Breezy,559
B006978,2024-03-23,V037,singles,T0005,T0107,1,1,T0005,T0107,home,5,87.48,0,Clear,1342
B006979,2024-08-01,V037,doubles,T0123,T0013,2,2,T0013,T0123,away,11,279.14,0,Clear,1243
B006980,2025-09-09,V039,doubles,T0040,T0054,2,2,T0040,T0054,home,13,339.24,0,Clear,551
B006981,2025-01-15,V011,singles,T0119,T0040,1,1,T0040,T0119,away,5,376.22,0,Thunderstorm,166
B006982,2025-11-08,V035,doubles,T0087,T0012,2,2,T0087,T0012,home,12,397.47,0,Hail,264
B006983,2025-05-16,V018,triples,T0006,T0043,3,3,T0043,T0006,away,14,168.15,0,Clear,1270
B006984,2025-10-02,V043,doubles,T0116,T0040,2,2,T0040,T0116,away,11,64.02,0,Odd Aura,1030
B006985,2024-05-15,V028,doubles,T0178,T0019,2,3,T0019,T0178,away,15,258.34,0,Sunny,1077
B006986,2025-12-24,V032,singles,T0162,T0110,1,1,T0110,T0162,away,4,174.41,0,Dusty,1288
B006987,2026-03-06,V005,singles,T0146,T0029,1,1,T0146,T0029,home,6,66.27,0,Moonless,1033
B006988,2024-06-04,V047,triples,T0173,T0127,3,3,T0127,T0173,away,13,249.12,0,Sandstorm,303
B006989,2024-02-17,V039,singles,T0101,T0023,1,1,T0101,T0023,home,10,23.45,0,Clear,665
B006990,2024-08-15,V054,doubles,T0138,T0113,2,3,T0113,T0138,away,17,353.67,0,Rain,510
B006991,2024-04-25,V005,triples,T0080,T0174,3,3,T0174,T0080,away,8,257.0,0,Moonless,1177
B006992,2025-03-01,V013,doubles,T0128,T0052,2,2,T0128,T0052,home,9,396.94,0,Glittering,1449
B006993,2024-12-03,V050,singles,T0170,T0108,1,1,T0108,T0170,away,11,276.37,0,Overcast,221
B006994,2024-04-26,V032,singles,T0152,T0026,1,1,T0152,T0026,home,13,1.56,0,Dusty,1646
B006995,2024-05-18,V053,triples,T0053,T0149,3,3,T0053,T0149,home,14,313.37,0,Rain,481
B006996,2025-09-07,V043,singles,T0081,T0097,1,1,T0097,T0081,away,7,221.24,0,Odd Aura,876
B006997,2026-02-07,V044,singles,T0144,T0101,1,1,T0144,T0101,home,4,273.26,0,Odd Aura,1933
B006998,2024-11-29,V034,singles,T0050,T0039,1,1,T0050,T0039,home,7,318.3,0,Hail,1779
B006999,2024-09-05,V043,doubles,T0041,T0120,2,2,T0041,T0120,home,17,299.26,0,Odd Aura,1001
B007000,2024-01-05,V048,doubles,T0003,T0131,2,2,T0131,T0003,away,19,68.28,1,Sandstorm,1998
B007001,2025-10-19,V051,doubles,T0009,T0096,2,2,T0009,T0096,home,22,190.08,1,Overcast,422
B007002,2025-09-27,V014,doubles,T0126,T0015,2,2,T0126,T0015,home,11,22.2,0,Glittering,1454
B007003,2024-06-14,V042,doubles,T0003,T0157,2,2,T0157,T0003,away,21,343.31,0,Smog,680
B007004,2025-10-03,V054,doubles,T0100,T0096,2,2,T0096,T0100,away,12,350.93,0,Rain,524
B007005,2026-02-25,V025,doubles,T0053,T0118,2,2,T0053,T0118,home,12,51.37,0,Fog,1246
B007006,2026-01-19,V035,singles,T0107,T0037,1,1,T0037,T0107,away,13,354.45,0,Hail,291
B007007,2025-09-11,V005,singles,T0082,T0115,1,1,T0082,T0115,home,12,113.51,0,Moonless,1274
B007008,2024-06-02,V004,triples,T0062,T0052,3,3,T0062,T0052,home,16,399.49,0,Moonless,659
B007009,2025-01-28,V054,doubles,T0041,T0104,2,2,T0041,T0104,home,14,356.1,0,Rain,538
B007010,2025-08-18,V027,singles,T0043,T0177,1,1,T0177,T0043,away,4,228.35,0,Fog,749
B007011,2024-05-16,V038,doubles,T0161,T0175,2,2,T0161,T0175,home,17,459.67,1,Clear,723
B007012,2024-01-19,V035,singles,T0127,T0177,1,1,T0177,T0127,away,9,130.23,0,Hail,254
B007013,2024-01-12,V040,singles,T0098,T0140,1,1,T0098,T0140,home,8,285.79,0,Smog,233
B007014,2024-09-25,V018,doubles,T0006,T0058,2,2,T0058,T0006,away,12,35.84,0,Clear,1331
B007015,2025-05-28,V037,doubles,T0040,T0010,2,2,T0040,T0010,home,9,643.44,0,Clear,1128
B007016,2026-03-07,V048,doubles,T0144,T0113,2,2,T0113,T0144,away,15,162.83,1,Sandstorm,2066
B007017,2024-06-14,V035,singles,T0157,T0012,1,1,T0157,T0012,home,10,176.45,0,Hail,369
B007018,2024-10-02,V039,triples,T0044,T0047,3,3,T0044,T0047,home,15,29.6,0,Clear,993
B007019,2024-01-12,V032,doubles,T0104,T0082,2,2,T0082,T0104,away,6,143.3,0,Dusty,1240
B007020,2024-07-09,V036,triples,T0026,T0113,3,3,T0026,T0113,home,16,218.29,0,Hail,944
B007021,2024-01-03,V033,doubles,T0084,T0176,2,2,T0176,T0084,away,10,585.71,0,Dusty,1525
B007022,2024-08-12,V054,doubles,T0149,T0132,2,2,T0132,T0149,away,13,5.3,0,Rain,527
B007023,2026-02-27,V020,singles,T0132,T0010,1,1,T0010,T0132,away,6,71.52,0,Harsh Sun,1570
B007024,2025-07-02,V039,doubles,T0092,T0167,2,2,T0092,T0167,home,12,21.31,0,Clear,700
B007025,2025-04-26,V016,singles,T0135,T0138,1,1,T0138,T0135,away,17,58.06,0,Clear,182
B007026,2024-07-04,V028,doubles,T0126,T0132,2,2,T0126,T0132,home,11,207.89,0,Sunny,1212
B007027,2024-08-11,V050,triples,T0118,T0115,3,3,T0118,T0115,home,18,38.17,0,Overcast,213
B007028,2024-12-20,V011,doubles,T0122,T0177,2,3,T0177,T0122,away,12,1004.39,0,Thunderstorm,189
B007029,2024-07-29,V045,singles,T0006,T0053,1,1,T0053,T0006,away,7,193.73,0,Odd Aura,529
B007030,2025-07-23,V026,doubles,T0157,T0046,2,2,T0046,T0157,away,10,120.0,0,Fog,731
B007031,2024-11-18,V033,doubles,T0114,T0006,2,2,T0006,T0114,away,16,477.47,0,Dusty,1481
B007032,2025-01-29,V032,triples,T0161,T0078,3,3,T0161,T0078,home,18,92.15,1,Dusty,1152
B007033,2025-11-03,V053,triples,T0023,T0101,3,3,T0101,T0023,away,24,64.76,1,Rain,504
B007034,2024-01-14,V005,doubles,T0078,T0101,2,3,T0101,T0078,away,24,328.33,1,Moonless,1075
B007035,2025-08-20,V003,doubles,T0109,T0057,2,2,T0057,T0109,away,9,36.85,0,Breezy,530
B007036,2025-04-09,V021,singles,T0178,T0081,1,1,T0081,T0178,away,8,49.74,0,Harsh Sun,240
B007037,2024-10-08,V035,singles,T0143,T0019,1,1,T0019,T0143,away,9,48.72,0,Hail,362
B007038,2025-10-13,V021,triples,T0025,T0045,3,3,T0025,T0045,home,16,466.54,0,Harsh Sun,276
B007039,2024-07-26,V020,doubles,T0057,T0059,2,2,T0057,T0059,home,20,35.43,1,Harsh Sun,1394
B007040,2024-04-30,V042,doubles,T0035,T0149,2,2,T0035,T0149,home,14,104.01,0,Smog,687
B007041,2024-02-16,V013,doubles,T0133,T0146,2,2,T0133,T0146,home,7,265.82,0,Glittering,1628
B007042,2026-03-25,V005,triples,T0153,T0002,3,3,T0002,T0153,away,14,399.22,0,Moonless,1220
B007043,2024-07-15,V041,singles,T0092,T0017,1,1,T0017,T0092,away,13,74.08,0,Smog,442
B007044,2025-06-25,V022,triples,T0110,T0132,3,3,T0132,T0110,away,24,301.6,1,Windy,989
B007045,2024-02-08,V019,triples,T0057,T0155,3,3,T0057,T0155,home,9,365.23,0,Harsh Sun,1083
B007046,2024-06-28,V023,triples,T0139,T0032,3,3,T0032,T0139,away,21,45.18,1,Windy,1448
B007047,2024-12-05,V005,singles,T0105,T0120,1,1,T0120,T0105,away,17,54.48,0,Moonless,1137
B007048,2025-11-09,V018,singles,T0023,T0122,1,1,T0023,T0122,home,10,194.92,0,Clear,1478
B007049,2025-10-29,V054,singles,T0151,T0016,1,1,T0151,T0016,home,14,283.69,0,Rain,529
B007050,2024-08-02,V051,triples,T0037,T0099,3,3,T0037,T0099,home,13,64.23,0,Overcast,530
B007051,2024-03-08,V043,singles,T0017,T0050,1,1,T0050,T0017,away,10,30.58,0,Odd Aura,1165
B007052,2024-05-11,V026,triples,T0120,T0085,3,3,T0120,T0085,home,12,80.51,0,Fog,769
B007053,2025-08-22,V002,doubles,T0106,T0134,2,2,T0134,T0106,away,23,307.61,1,Breezy,751
B007054,2025-06-16,V039,singles,T0158,T0148,1,1,T0158,T0148,home,10,8.55,0,Clear,623
B007055,2024-02-07,V033,singles,T0049,T0021,1,1,T0049,T0021,home,8,157.34,0,Dusty,1764
B007056,2024-10-18,V044,doubles,T0080,T0180,2,2,T0180,T0080,away,13,223.53,0,Odd Aura,1519
B007057,2025-04-09,V033,singles,T0044,T0139,1,1,T0139,T0044,away,9,582.95,0,Dusty,1702
B007058,2025-10-13,V025,singles,T0082,T0027,1,1,T0027,T0082,away,14,82.49,0,Fog,918
B007059,2025-04-01,V048,singles,T0077,T0082,1,1,T0077,T0082,home,10,198.73,0,Sandstorm,1969
B007060,2025-05-21,V047,doubles,T0072,T0118,2,2,T0118,T0072,away,10,437.32,0,Sandstorm,294
B007061,2025-12-22,V025,singles,T0004,T0052,1,1,T0052,T0004,away,6,296.03,0,Fog,1217
B007062,2024-03-12,V003,doubles,T0095,T0012,2,2,T0095,T0012,home,11,0.69,0,Breezy,567
B007063,2025-06-08,V044,singles,T0138,T0117,1,1,T0117,T0138,away,4,12.84,0,Odd Aura,1520
B007064,2024-05-18,V035,triples,T0038,T0044,3,3,T0038,T0044,home,16,515.4,0,Hail,334
B007065,2024-03-05,V031,triples,T0061,T0139,3,3,T0139,T0061,away,20,291.65,1,Dusty,451
B007066,2024-03-05,V020,triples,T0091,T0163,3,3,T0091,T0163,home,11,180.63,0,Harsh Sun,1548
B007067,2025-11-05,V005,doubles,T0010,T0170,2,2,T0170,T0010,away,8,114.34,0,Moonless,964
B007068,2025-01-31,V002,doubles,T0037,T0106,2,2,T0106,T0037,away,11,60.77,0,Breezy,1162
B007069,2025-11-23,V037,doubles,T0163,T0131,2,2,T0131,T0163,away,15,491.02,0,Clear,1138
B007070,2025-11-12,V037,doubles,T0028,T0175,2,2,T0028,T0175,home,16,122.63,0,Clear,1112
B007071,2024-09-02,V033,singles,T0084,T0099,1,1,T0084,T0099,home,10,25.88,0,Dusty,1992
B007072,2024-03-20,V004,triples,T0103,T0094,3,3,T0103,T0094,home,18,434.43,0,Moonless,742
B007073,2025-10-05,V047,doubles,T0070,T0066,2,2,T0066,T0070,away,16,382.31,0,Sandstorm,459
B007074,2025-04-19,V007,doubles,T0147,T0004,2,2,T0147,T0004,home,10,135.21,0,High Winds,1009
B007075,2024-12-06,V032,singles,T0061,T0120,1,1,T0061,T0120,home,7,46.33,0,Dusty,1320
B007076,2024-02-27,V037,triples,T0023,T0060,3,3,T0023,T0060,home,13,275.18,0,Clear,1155
B007077,2025-09-22,V032,doubles,T0101,T0026,2,2,T0101,T0026,home,10,334.1,0,Dusty,1480
B007078,2025-08-11,V022,doubles,T0136,T0166,2,2,T0166,T0136,away,19,435.75,1,Windy,1196
B007079,2025-04-20,V051,triples,T0016,T0029,3,3,T0016,T0029,home,15,351.27,0,Overcast,557
B007080,2025-05-27,V048,singles,T0179,T0116,1,1,T0179,T0116,home,8,1.13,0,Sandstorm,2220
B007081,2025-12-01,V039,triples,T0159,T0015,3,3,T0159,T0015,home,17,32.55,1,Clear,680
B007082,2024-04-15,V009,triples,T0095,T0004,3,3,T0095,T0004,home,9,607.59,0,High Winds,2028
B007083,2025-01-05,V027,singles,T0162,T0139,1,1,T0162,T0139,home,10,139.19,0,Fog,763
B007084,2024-11-25,V042,doubles,T0069,T0035,2,2,T0069,T0035,home,6,55.5,0,Smog,645
B007085,2025-03-15,V007,singles,T0083,T0006,1,1,T0006,T0083,away,11,104.26,0,High Winds,1297
B007086,2025-01-21,V046,singles,T0130,T0042,1,1,T0042,T0130,away,11,107.75,0,Sandstorm,404
B007087,2024-06-03,V035,singles,T0062,T0128,1,1,T0062,T0128,home,14,222.56,0,Hail,321
B007088,2025-03-29,V051,doubles,T0117,T0128,2,1,T0117,T0128,home,7,535.56,0,Overcast,579
B007089,2025-09-09,V008,triples,T0172,T0148,3,3,T0148,T0172,away,17,211.28,0,High Winds,350
B007090,2025-10-23,V020,singles,T0146,T0053,1,1,T0053,T0146,away,7,121.23,0,Harsh Sun,1798
B007091,2025-06-24,V005,singles,T0013,T0118,1,1,T0013,T0118,home,4,135.93,0,Moonless,1259
B007092,2024-09-18,V008,singles,T0171,T0108,1,1,T0108,T0171,away,10,239.08,0,High Winds,302
B007093,2024-12-04,V004,singles,T0036,T0026,1,1,T0026,T0036,away,7,157.78,0,Moonless,511
B007094,2025-01-30,V045,singles,T0028,T0110,1,2,T0110,T0028,away,8,119.95,0,Odd Aura,510
B007095,2025-01-16,V049,singles,T0007,T0030,1,1,T0007,T0030,home,10,231.71,0,Overcast,609
B007096,2025-03-09,V009,doubles,T0150,T0099,2,3,T0099,T0150,away,20,461.89,0,High Winds,2069
B007097,2024-02-28,V035,doubles,T0171,T0128,2,2,T0171,T0128,home,16,138.52,1,Hail,336
B007098,2025-04-14,V041,triples,T0092,T0146,3,3,T0092,T0146,home,20,462.91,0,Smog,411
B007099,2024-12-31,V029,singles,T0035,T0090,1,1,T0035,T0090,home,17,20.86,0,Sunny,348
B007100,2025-11-16,V018,doubles,T0157,T0016,2,2,T0157,T0016,home,11,14.34,0,Clear,1461
B007101,2025-02-22,V052,triples,T0011,T0104,3,3,T0104,T0011,away,12,53.71,0,Rain,775
B007102,2025-08-29,V045,singles,T0026,T0043,1,1,T0043,T0026,away,10,57.06,0,Odd Aura,606
B007103,2025-03-11,V026,singles,T0108,T0110,1,1,T0108,T0110,home,10,210.63,0,Fog,589
B007104,2024-05-06,V032,triples,T0123,T0011,3,3,T0123,T0011,home,11,55.99,0,Dusty,1175
B007105,2024-08-07,V037,singles,T0053,T0144,1,1,T0053,T0144,home,14,72.26,0,Clear,1148
B007106,2024-05-27,V015,doubles,T0175,T0076,2,2,T0175,T0076,home,14,21.16,0,Glittering,181
B007107,2024-01-27,V006,doubles,T0068,T0151,2,2,T0151,T0068,away,7,360.15,0,Moonless,424
B007108,2024-03-25,V046,triples,T0168,T0064,3,3,T0168,T0064,home,17,168.7,0,Sandstorm,531
B007109,2024-05-01,V016,triples,T0133,T0124,3,3,T0133,T0124,home,12,387.28,0,Clear,190
B007110,2025-06-19,V008,singles,T0121,T0153,1,1,T0121,T0153,home,11,167.61,0,High Winds,243
B007111,2025-08-22,V022,doubles,T0127,T0005,2,2,T0005,T0127,away,15,287.72,0,Windy,1218
B007112,2025-04-06,V019,singles,T0022,T0021,1,1,T0022,T0021,home,16,38.8,0,Harsh Sun,1260
B007113,2024-03-16,V036,doubles,T0033,T0136,2,3,T0136,T0033,away,19,765.3,1,Hail,821
B007114,2024-05-03,V011,doubles,T0089,T0118,2,2,T0089,T0118,home,11,542.36,0,Thunderstorm,151
B007115,2024-03-08,V049,singles,T0063,T0135,1,1,T0063,T0135,home,13,293.95,0,Overcast,829
B007116,2025-06-15,V051,doubles,T0097,T0051,2,2,T0051,T0097,away,11,159.42,0,Overcast,451
B007117,2024-05-18,V047,doubles,T0071,T0169,2,2,T0169,T0071,away,12,378.65,0,Sandstorm,186
B007118,2024-02-04,V040,triples,T0178,T0111,3,3,T0178,T0111,home,18,381.01,1,Smog,271
B007119,2024-06-14,V021,doubles,T0077,T0149,2,2,T0077,T0149,home,22,69.56,1,Harsh Sun,205
B007120,2025-05-14,V007,singles,T0042,T0035,1,1,T0042,T0035,home,7,40.73,0,High Winds,1277
B007121,2024-11-05,V018,doubles,T0124,T0167,2,2,T0124,T0167,home,13,206.6,0,Clear,1595
B007122,2024-10-28,V051,singles,T0135,T0048,1,1,T0048,T0135,away,8,111.66,0,Overcast,323
B007123,2024-04-11,V040,triples,T0041,T0122,3,3,T0041,T0122,home,14,177.17,0,Smog,271
B007124,2025-06-14,V010,triples,T0154,T0052,3,3,T0052,T0154,away,13,455.21,0,Thunderstorm,601
B007125,2024-11-08,V050,singles,T0057,T0037,1,1,T0037,T0057,away,10,235.22,0,Overcast,135
B007126,2025-11-28,V030,triples,T0153,T0058,3,2,T0153,T0058,home,12,330.58,0,Sunny,956
B007127,2024-05-06,V049,doubles,T0019,T0047,2,2,T0047,T0019,away,9,35.24,0,Overcast,758
B007128,2024-05-14,V013,triples,T0031,T0087,3,3,T0087,T0031,away,21,226.34,1,Glittering,1925
B007129,2024-07-25,V022,doubles,T0136,T0050,2,2,T0136,T0050,home,15,141.74,1,Windy,840
B007130,2025-01-31,V007,singles,T0116,T0173,1,1,T0116,T0173,home,6,278.57,0,High Winds,1528
B007131,2025-08-05,V041,triples,T0133,T0071,3,3,T0071,T0133,away,15,259.34,0,Smog,804
B007132,2026-02-23,V021,singles,T0162,T0076,1,1,T0076,T0162,away,11,75.57,0,Harsh Sun,244
B007133,2025-07-06,V019,doubles,T0023,T0120,2,2,T0023,T0120,home,4,234.17,0,Harsh Sun,903
B007134,2024-11-02,V046,doubles,T0057,T0138,2,2,T0057,T0138,home,13,261.4,0,Sandstorm,682
B007135,2025-02-11,V045,singles,T0022,T0127,1,1,T0022,T0127,home,10,97.41,0,Odd Aura,446
B007136,2025-03-18,V012,triples,T0079,T0132,3,3,T0079,T0132,home,24,199.32,1,Thunderstorm,930
B007137,2024-03-24,V031,doubles,T0054,T0161,2,2,T0161,T0054,away,11,43.49,0,Dusty,416
B007138,2025-09-09,V012,doubles,T0064,T0036,2,2,T0036,T0064,away,13,373.03,0,Thunderstorm,1086
B007139,2025-09-12,V037,singles,T0040,T0158,1,1,T0158,T0040,away,11,141.48,0,Clear,1308
B007140,2024-10-11,V037,doubles,T0040,T0175,2,2,T0040,T0175,home,13,525.63,0,Clear,1147
B007141,2024-12-09,V002,singles,T0120,T0008,1,1,T0120,T0008,home,14,49.7,0,Breezy,886
B007142,2024-07-06,V021,triples,T0178,T0084,3,3,T0178,T0084,home,16,769.87,0,Harsh Sun,246
B007143,2025-10-21,V044,singles,T0169,T0061,1,1,T0061,T0169,away,14,32.89,0,Odd Aura,1420
B007144,2024-06-13,V033,doubles,T0005,T0088,2,2,T0088,T0005,away,7,27.45,0,Dusty,1702
B007145,2024-06-26,V050,singles,T0034,T0036,1,1,T0034,T0036,home,10,306.61,0,Overcast,159
B007146,2025-06-28,V036,triples,T0050,T0100,3,3,T0050,T0100,home,15,411.2,0,Hail,649
B007147,2024-02-19,V031,doubles,T0178,T0071,2,2,T0071,T0178,away,14,75.61,0,Dusty,425
B007148,2025-06-19,V032,doubles,T0111,T0164,2,2,T0164,T0111,away,11,99.45,0,Dusty,1309
B007149,2024-03-01,V022,doubles,T0103,T0175,2,2,T0175,T0103,away,12,184.24,0,Windy,906
B007150,2025-06-30,V033,singles,T0087,T0077,1,1,T0077,T0087,away,11,42.82,0,Dusty,1698
B007151,2025-05-17,V054,triples,T0166,T0091,3,3,T0166,T0091,home,16,62.65,0,Rain,478
B007152,2025-04-13,V024,doubles,T0083,T0172,2,2,T0083,T0172,home,15,147.46,0,Windy,918
B007153,2026-02-04,V033,singles,T0077,T0034,1,1,T0034,T0077,away,7,93.23,0,Dusty,1410
B007154,2024-04-13,V047,singles,T0121,T0111,1,1,T0111,T0121,away,12,5.73,0,Sandstorm,372
B007155,2025-05-07,V045,triples,T0081,T0107,3,3,T0107,T0081,away,15,153.95,0,Odd Aura,503
B007156,2024-02-13,V018,doubles,T0059,T0154,2,2,T0059,T0154,home,12,495.57,0,Clear,1177
B007157,2025-06-11,V009,triples,T0006,T0089,3,3,T0006,T0089,home,24,283.94,1,High Winds,2191
B007158,2026-01-04,V052,triples,T0151,T0164,3,3,T0151,T0164,home,15,496.39,0,Rain,762
B007159,2024-12-31,V047,singles,T0162,T0036,1,1,T0162,T0036,home,7,235.03,0,Sandstorm,350
B007160,2024-09-25,V007,triples,T0129,T0038,3,3,T0038,T0129,away,20,87.0,0,High Winds,1395
B007161,2025-12-04,V048,doubles,T0081,T0077,2,2,T0081,T0077,home,12,149.67,0,Sandstorm,1936
B007162,2026-03-11,V053,doubles,T0005,T0129,2,2,T0129,T0005,away,14,172.51,0,Rain,486
B007163,2024-08-19,V039,singles,T0159,T0174,1,1,T0159,T0174,home,9,28.61,0,Clear,823
B007164,2026-01-01,V014,doubles,T0080,T0161,2,2,T0161,T0080,away,11,193.8,0,Glittering,1460
B007165,2024-12-23,V041,triples,T0036,T0099,3,3,T0099,T0036,away,22,15.41,1,Smog,625
B007166,2024-06-10,V025,singles,T0033,T0052,1,1,T0052,T0033,away,7,84.44,0,Fog,1064
B007167,2024-07-04,V030,triples,T0069,T0096,3,3,T0069,T0096,home,15,312.23,0,Sunny,626
B007168,2026-01-25,V038,doubles,T0169,T0033,2,2,T0169,T0033,home,10,131.83,0,Clear,553
B007169,2026-02-23,V036,singles,T0100,T0029,1,1,T0100,T0029,home,9,146.61,0,Hail,815
B007170,2024-01-12,V045,singles,T0025,T0170,1,1,T0025,T0170,home,11,381.88,0,Odd Aura,546
B007171,2026-03-14,V021,triples,T0098,T0045,3,3,T0045,T0098,away,13,13.83,0,Harsh Sun,169
B007172,2025-02-06,V032,doubles,T0035,T0008,2,2,T0035,T0008,home,11,159.52,0,Dusty,1137
B007173,2025-11-15,V010,doubles,T0153,T0152,2,2,T0153,T0152,home,21,249.07,1,Thunderstorm,739
B007174,2024-05-07,V004,triples,T0019,T0121,3,3,T0121,T0019,away,18,402.57,0,Moonless,776
B007175,2025-05-07,V043,triples,T0119,T0109,3,3,T0119,T0109,home,15,194.09,0,Odd Aura,1098
B007176,2025-04-26,V014,singles,T0032,T0039,1,1,T0032,T0039,home,6,23.35,0,Glittering,1316
B007177,2024-04-04,V014,doubles,T0158,T0174,2,2,T0174,T0158,away,11,153.75,0,Glittering,1733
B007178,2025-08-15,V028,triples,T0028,T0170,3,3,T0170,T0028,away,15,297.11,0,Sunny,906
B007179,2025-02-14,V015,doubles,T0120,T0044,2,2,T0120,T0044,home,8,104.53,0,Glittering,157
B007180,2025-11-06,V013,doubles,T0064,T0170,2,2,T0170,T0064,away,13,440.03,0,Glittering,1917
B007181,2026-02-19,V010,triples,T0064,T0174,3,3,T0174,T0064,away,16,278.26,0,Thunderstorm,562
B007182,2025-10-29,V054,doubles,T0082,T0025,2,2,T0082,T0025,home,19,150.64,0,Rain,400
B007183,2024-06-29,V043,singles,T0043,T0118,1,1,T0118,T0043,away,4,165.58,0,Odd Aura,1276
B007184,2024-04-03,V038,singles,T0165,T0095,1,1,T0095,T0165,away,9,99.23,0,Clear,652
B007185,2024-01-12,V024,triples,T0155,T0065,3,3,T0155,T0065,home,21,8.81,1,Windy,1170
B007186,2025-04-21,V009,singles,T0012,T0051,1,1,T0012,T0051,home,7,428.57,0,High Winds,1765
B007187,2025-03-13,V040,singles,T0126,T0101,1,1,T0126,T0101,home,11,303.42,0,Smog,278
B007188,2025-03-27,V018,triples,T0086,T0066,3,3,T0066,T0086,away,24,207.33,1,Clear,1613
B007189,2025-12-08,V024,singles,T0003,T0040,1,1,T0040,T0003,away,4,127.66,0,Windy,1185
B007190,2025-05-19,V010,singles,T0118,T0018,1,1,T0018,T0118,away,10,246.74,0,Thunderstorm,586
B007191,2025-03-20,V044,singles,T0017,T0151,1,1,T0017,T0151,home,12,113.41,0,Odd Aura,1293
B007192,2025-12-30,V008,triples,T0089,T0163,3,3,T0089,T0163,home,16,236.18,0,High Winds,213
B007193,2024-07-06,V045,triples,T0009,T0163,3,3,T0009,T0163,home,15,262.16,0,Odd Aura,559
B007194,2024-11-19,V043,triples,T0055,T0098,3,3,T0098,T0055,away,16,425.47,0,Odd Aura,1136
B007195,2024-07-10,V042,doubles,T0120,T0114,2,2,T0114,T0120,away,16,98.01,0,Smog,630
B007196,2025-05-10,V025,singles,T0082,T0072,1,1,T0072,T0082,away,12,89.46,0,Fog,1284
B007197,2024-03-04,V032,singles,T0049,T0062,1,1,T0062,T0049,away,6,117.63,0,Dusty,1155
B007198,2025-12-10,V012,singles,T0065,T0171,1,1,T0065,T0171,home,6,210.96,0,Thunderstorm,1028
B007199,2026-03-08,V006,doubles,T0126,T0022,2,2,T0126,T0022,home,11,118.28,0,Moonless,475
B007200,2025-08-25,V037,triples,T0040,T0109,3,3,T0040,T0109,home,14,341.61,0,Clear,1099
B007201,2024-10-22,V036,triples,T0021,T0014,3,3,T0014,T0021,away,20,17.66,1,Hail,719
B007202,2025-08-03,V008,triples,T0073,T0081,3,3,T0073,T0081,home,16,369.46,0,High Winds,362
B007203,2026-03-31,V037,doubles,T0100,T0152,2,2,T0100,T0152,home,14,263.99,0,Clear,1095
B007204,2025-06-03,V043,triples,T0125,T0010,3,3,T0125,T0010,home,11,135.87,0,Odd Aura,1155
B007205,2025-10-19,V035,singles,T0021,T0071,1,1,T0071,T0021,away,9,137.72,0,Hail,344
B007206,2026-03-28,V035,doubles,T0114,T0173,2,2,T0173,T0114,away,23,131.44,1,Hail,367
B007207,2025-05-20,V001,triples,T0073,T0125,3,3,T0073,T0125,home,12,147.53,0,Breezy,830
B007208,2024-02-07,V054,doubles,T0034,T0039,2,2,T0039,T0034,away,13,166.14,0,Rain,544
B007209,2024-06-26,V022,doubles,T0164,T0021,2,2,T0021,T0164,away,9,229.59,0,Windy,1099
B007210,2024-02-09,V039,singles,T0068,T0050,1,1,T0068,T0050,home,12,69.3,0,Clear,585
B007211,2024-02-29,V030,doubles,T0119,T0098,2,2,T0098,T0119,away,9,382.15,0,Sunny,733
B007212,2024-07-18,V054,singles,T0179,T0101,1,1,T0179,T0101,home,7,44.51,0,Rain,614
B007213,2024-05-06,V052,doubles,T0121,T0102,2,2,T0121,T0102,home,14,43.59,0,Rain,709
B007214,2025-03-08,V038,singles,T0128,T0090,1,1,T0128,T0090,home,4,54.05,0,Clear,569
B007215,2025-06-27,V038,doubles,T0029,T0135,2,2,T0135,T0029,away,10,78.84,0,Clear,966
B007216,2024-07-19,V050,singles,T0069,T0093,1,1,T0093,T0069,away,10,41.35,0,Overcast,151
B007217,2025-11-27,V034,triples,T0068,T0112,3,3,T0112,T0068,away,13,200.41,0,Hail,1528
B007218,2025-03-02,V040,doubles,T0089,T0031,2,2,T0089,T0031,home,19,375.78,1,Smog,240
B007219,2024-07-18,V035,doubles,T0148,T0174,2,2,T0174,T0148,away,15,61.62,0,Hail,393
B007220,2024-08-21,V043,doubles,T0060,T0174,2,2,T0060,T0174,home,18,214.07,0,Odd Aura,873
B007221,2025-11-11,V018,doubles,T0005,T0060,2,2,T0005,T0060,home,15,1.0,0,Clear,1454
B007222,2025-05-05,V050,singles,T0114,T0045,1,1,T0045,T0114,away,14,53.4,0,Overcast,209
B007223,2025-06-13,V045,doubles,T0103,T0006,2,2,T0006,T0103,away,18,44.68,0,Odd Aura,554
B007224,2026-02-16,V050,doubles,T0106,T0131,2,2,T0131,T0106,away,15,279.05,0,Overcast,211
B007225,2024-12-11,V005,triples,T0008,T0040,3,3,T0040,T0008,away,13,88.8,0,Moonless,1113
B007226,2024-11-03,V045,triples,T0143,T0144,3,3,T0144,T0143,away,16,355.79,0,Odd Aura,515
B007227,2024-01-30,V013,singles,T0006,T0155,1,1,T0006,T0155,home,6,44.92,0,Glittering,1655
B007228,2025-08-16,V043,triples,T0041,T0180,3,3,T0041,T0180,home,11,550.7,0,Odd Aura,1160
B007229,2025-04-09,V007,singles,T0010,T0108,1,1,T0108,T0010,away,10,181.93,0,High Winds,1148
B007230,2025-07-13,V047,singles,T0159,T0162,1,1,T0159,T0162,home,6,66.28,0,Sandstorm,372
B007231,2024-11-15,V024,singles,T0136,T0087,1,1,T0136,T0087,home,12,74.84,0,Windy,972
B007232,2026-03-26,V044,triples,T0015,T0179,3,3,T0015,T0179,home,16,214.87,0,Odd Aura,1129
B007233,2025-03-05,V054,triples,T0151,T0050,3,3,T0050,T0151,away,16,143.85,0,Rain,783
B007234,2024-12-31,V027,doubles,T0108,T0035,2,2,T0035,T0108,away,18,311.56,0,Fog,602
B007235,2026-02-21,V015,singles,T0150,T0108,1,1,T0150,T0108,home,4,167.39,0,Glittering,204
B007236,2024-01-01,V039,singles,T0121,T0112,1,1,T0112,T0121,away,9,42.5,0,Clear,802
B007237,2024-09-22,V032,doubles,T0009,T0150,2,2,T0009,T0150,home,9,282.28,0,Dusty,1251
B007238,2025-09-14,V021,singles,T0060,T0001,1,1,T0060,T0001,home,15,114.34,0,Harsh Sun,292
B007239,2024-12-08,V005,triples,T0140,T0171,3,3,T0171,T0140,away,12,122.17,0,Moonless,1049
B007240,2024-03-05,V002,singles,T0150,T0115,1,1,T0150,T0115,home,5,50.75,0,Breezy,1258
B007241,2025-02-14,V007,doubles,T0118,T0013,2,2,T0013,T0118,away,10,232.28,0,High Winds,1267
B007242,2024-02-22,V026,singles,T0150,T0111,1,1,T0150,T0111,home,7,138.73,0,Fog,708
B007243,2025-07-12,V009,doubles,T0038,T0011,2,2,T0038,T0011,home,13,464.81,0,High Winds,1951
B007244,2024-04-20,V034,triples,T0026,T0051,3,3,T0051,T0026,away,13,114.58,0,Hail,1587
B007245,2025-08-15,V043,doubles,T0041,T0110,2,2,T0041,T0110,home,17,399.35,1,Odd Aura,866
B007246,2026-01-06,V023,singles,T0135,T0004,1,1,T0004,T0135,away,9,11.7,0,Windy,1104
B007247,2024-12-17,V047,singles,T0059,T0057,1,1,T0057,T0059,away,9,48.87,0,Sandstorm,486
B007248,2024-04-27,V033,doubles,T0092,T0022,2,2,T0022,T0092,away,8,140.06,0,Dusty,1700
B007249,2024-08-30,V004,singles,T0051,T0092,1,1,T0092,T0051,away,7,185.08,0,Moonless,996
B007250,2024-02-22,V041,doubles,T0145,T0009,2,2,T0145,T0009,home,13,203.72,0,Smog,541
B007251,2024-04-23,V006,singles,T0174,T0030,1,1,T0030,T0174,away,11,108.61,0,Moonless,439
B007252,2024-07-14,V010,doubles,T0089,T0033,2,3,T0033,T0089,away,11,86.64,0,Thunderstorm,614
B007253,2024-12-07,V006,doubles,T0002,T0094,2,2,T0094,T0002,away,10,171.11,0,Moonless,531
B007254,2024-10-09,V010,doubles,T0176,T0078,2,2,T0176,T0078,home,17,359.33,0,Thunderstorm,563
B007255,2024-05-26,V001,singles,T0074,T0170,1,1,T0170,T0074,away,8,118.74,0,Breezy,646
B007256,2025-11-14,V024,doubles,T0016,T0038,2,2,T0038,T0016,away,15,27.3,0,Windy,1138
B007257,2025-07-24,V042,singles,T0062,T0119,1,1,T0119,T0062,away,8,154.58,0,Smog,613
B007258,2025-08-19,V005,doubles,T0085,T0100,2,2,T0100,T0085,away,13,8.89,0,Moonless,1120
B007259,2024-03-29,V032,singles,T0152,T0155,1,1,T0152,T0155,home,6,23.52,0,Dusty,1151
B007260,2024-12-07,V053,triples,T0033,T0112,3,3,T0112,T0033,away,14,366.53,0,Rain,421
B007261,2025-08-13,V050,triples,T0153,T0131,3,3,T0131,T0153,away,6,539.48,0,Overcast,177
B007262,2026-03-18,V035,singles,T0050,T0068,1,1,T0068,T0050,away,8,88.42,0,Hail,399
B007263,2025-09-16,V029,triples,T0004,T0118,3,3,T0118,T0004,away,16,186.92,0,Sunny,451
B007264,2026-02-13,V015,doubles,T0102,T0081,2,2,T0081,T0102,away,12,57.04,0,Glittering,189
B007265,2026-02-22,V054,singles,T0091,T0089,1,1,T0089,T0091,away,11,170.27,0,Rain,656
B007266,2024-05-08,V027,singles,T0043,T0080,1,1,T0043,T0080,home,7,267.72,0,Fog,581
B007267,2026-03-09,V028,doubles,T0125,T0146,2,2,T0146,T0125,away,10,222.16,0,Sunny,653
B007268,2024-06-10,V029,singles,T0098,T0030,1,1,T0098,T0030,home,10,396.84,0,Sunny,507
B007269,2025-11-16,V002,singles,T0154,T0144,1,1,T0154,T0144,home,16,70.21,0,Breezy,925
B007270,2025-03-16,V036,doubles,T0094,T0065,2,2,T0065,T0094,away,9,30.66,0,Hail,798
B007271,2026-02-01,V054,singles,T0088,T0024,1,1,T0088,T0024,home,5,261.17,0,Rain,766
B007272,2026-03-20,V024,doubles,T0107,T0142,2,2,T0107,T0142,home,17,90.29,1,Windy,802
B007273,2024-01-08,V041,singles,T0086,T0142,1,1,T0142,T0086,away,6,124.78,0,Smog,637
B007274,2025-08-25,V044,triples,T0102,T0099,3,3,T0102,T0099,home,16,301.5,0,Odd Aura,1673
B007275,2024-03-21,V010,triples,T0142,T0008,3,3,T0142,T0008,home,19,346.97,0,Thunderstorm,456
B007276,2024-09-30,V022,singles,T0164,T0037,1,1,T0037,T0164,away,11,289.27,0,Windy,974
B007277,2024-07-03,V052,singles,T0080,T0155,1,1,T0155,T0080,away,8,53.37,0,Rain,734
B007278,2024-04-17,V010,singles,T0118,T0109,1,1,T0118,T0109,home,8,234.86,0,Thunderstorm,541
B007279,2024-10-27,V007,doubles,T0103,T0092,2,2,T0092,T0103,away,10,82.55,0,High Winds,1415
B007280,2024-06-25,V007,singles,T0062,T0076,1,1,T0062,T0076,home,9,216.32,0,High Winds,1450
B007281,2026-03-01,V009,doubles,T0115,T0065,2,2,T0065,T0115,away,12,270.1,0,High Winds,1532
B007282,2025-12-23,V034,triples,T0040,T0029,3,3,T0040,T0029,home,17,285.59,0,Hail,1835
B007283,2024-08-02,V019,doubles,T0015,T0126,2,2,T0126,T0015,away,14,13.02,0,Harsh Sun,906
B007284,2025-12-07,V034,doubles,T0092,T0118,2,2,T0118,T0092,away,13,148.73,0,Hail,1362
B007285,2025-03-12,V047,singles,T0075,T0013,1,1,T0013,T0075,away,12,261.37,0,Sandstorm,413
B007286,2026-01-17,V041,doubles,T0167,T0095,2,2,T0095,T0167,away,15,181.97,0,Smog,217
B007287,2026-01-13,V040,doubles,T0149,T0048,2,2,T0149,T0048,home,18,113.87,1,Smog,245
B007288,2025-11-13,V034,singles,T0088,T0152,1,1,T0088,T0152,home,11,42.23,0,Hail,1377
B007289,2024-11-25,V021,singles,T0158,T0109,1,1,T0158,T0109,home,6,188.97,0,Harsh Sun,207
B007290,2025-02-01,V002,doubles,T0118,T0092,2,2,T0092,T0118,away,8,110.97,0,Breezy,1108
B007291,2025-02-18,V007,singles,T0057,T0010,1,1,T0057,T0010,home,16,123.24,0,High Winds,1296
B007292,2024-12-18,V034,singles,T0026,T0120,1,1,T0120,T0026,away,9,36.33,0,Hail,1301
B007293,2024-09-26,V041,singles,T0006,T0098,1,1,T0006,T0098,home,9,30.36,0,Smog,546
B007294,2025-01-31,V035,singles,T0080,T0168,1,1,T0080,T0168,home,8,186.29,0,Hail,406
B007295,2025-03-24,V051,doubles,T0149,T0163,2,1,T0149,T0163,home,15,826.22,0,Overcast,457
B007296,2025-08-06,V026,doubles,T0137,T0154,2,2,T0154,T0137,away,9,55.16,0,Fog,732
B007297,2024-06-06,V016,doubles,T0158,T0089,2,2,T0089,T0158,away,9,278.07,0,Clear,149
B007298,2024-09-03,V039,doubles,T0018,T0150,2,2,T0018,T0150,home,13,9.58,0,Clear,680
B007299,2025-05-05,V019,singles,T0050,T0010,1,1,T0050,T0010,home,19,66.93,0,Harsh Sun,842
B007300,2024-07-10,V018,doubles,T0157,T0056,2,2,T0157,T0056,home,11,50.52,0,Clear,1410
B007301,2026-01-06,V043,singles,T0093,T0178,1,1,T0093,T0178,home,8,5.96,0,Odd Aura,1213
B007302,2024-03-20,V039,singles,T0068,T0072,1,1,T0068,T0072,home,11,272.23,0,Clear,546
B007303,2025-01-26,V031,singles,T0008,T0050,1,1,T0050,T0008,away,12,6.83,0,Dusty,420
B007304,2024-08-22,V002,singles,T0085,T0145,1,1,T0085,T0145,home,7,21.85,0,Breezy,1011
B007305,2024-02-06,V017,doubles,T0011,T0130,2,2,T0130,T0011,away,14,565.91,0,Clear,651
B007306,2024-10-24,V051,doubles,T0080,T0127,2,2,T0127,T0080,away,8,122.51,0,Overcast,586
B007307,2024-11-13,V045,triples,T0009,T0045,3,3,T0045,T0009,away,13,91.62,0,Odd Aura,465
B007308,2024-02-09,V001,doubles,T0064,T0167,2,2,T0167,T0064,away,9,94.61,0,Breezy,812
B007309,2025-08-25,V038,singles,T0035,T0147,1,1,T0147,T0035,away,15,132.19,0,Clear,866
B007310,2024-10-13,V041,singles,T0145,T0014,1,1,T0014,T0145,away,9,138.8,0,Smog,574
B007311,2025-09-07,V025,doubles,T0116,T0169,2,2,T0116,T0169,home,12,117.75,0,Fog,1235
B007312,2024-08-04,V035,singles,T0166,T0169,1,1,T0169,T0166,away,9,263.35,0,Hail,378
B007313,2024-10-20,V021,doubles,T0003,T0050,2,2,T0050,T0003,away,12,63.86,0,Harsh Sun,287
B007314,2024-10-24,V007,doubles,T0166,T0058,2,3,T0058,T0166,away,12,421.81,0,High Winds,1377
B007315,2024-04-14,V014,singles,T0156,T0121,1,1,T0156,T0121,home,8,53.16,0,Glittering,1691
B007316,2025-06-05,V023,singles,T0057,T0005,1,1,T0057,T0005,home,9,28.24,0,Windy,1250
B007317,2024-02-28,V045,singles,T0021,T0120,1,1,T0120,T0021,away,9,214.35,0,Odd Aura,499
B007318,2024-04-26,V009,singles,T0006,T0117,1,1,T0117,T0006,away,11,239.79,0,High Winds,2058
B007319,2025-07-27,V035,singles,T0097,T0172,1,1,T0172,T0097,away,10,63.78,0,Hail,356
B007320,2024-08-17,V044,doubles,T0149,T0105,2,2,T0149,T0105,home,11,156.81,0,Odd Aura,1474
B007321,2026-03-01,V044,doubles,T0032,T0045,2,2,T0045,T0032,away,12,151.45,0,Odd Aura,1480
B007322,2024-08-14,V006,triples,T0093,T0039,3,3,T0093,T0039,home,15,425.68,0,Moonless,322
B007323,2024-10-07,V047,singles,T0076,T0154,1,1,T0154,T0076,away,6,113.0,0,Sandstorm,367
B007324,2025-04-14,V034,singles,T0052,T0008,1,1,T0008,T0052,away,12,198.95,0,Hail,1295
B007325,2025-01-17,V031,doubles,T0069,T0178,2,2,T0178,T0069,away,11,137.27,0,Dusty,485
B007326,2024-04-13,V035,triples,T0110,T0085,3,3,T0110,T0085,home,16,85.43,0,Hail,399
B007327,2024-09-20,V028,triples,T0153,T0024,3,2,T0153,T0024,home,22,946.39,1,Sunny,1084
B007328,2024-01-16,V029,singles,T0081,T0065,1,1,T0065,T0081,away,14,192.75,0,Sunny,534
B007329,2026-03-10,V017,doubles,T0145,T0063,2,2,T0063,T0145,away,12,396.31,0,Clear,513
B007330,2024-02-21,V048,singles,T0159,T0175,1,1,T0159,T0175,home,11,148.9,0,Sandstorm,1829
B007331,2026-02-01,V013,doubles,T0080,T0020,2,2,T0080,T0020,home,13,171.02,0,Glittering,1889
B007332,2026-03-18,V049,doubles,T0179,T0160,2,2,T0160,T0179,away,12,121.43,0,Overcast,599
B007333,2025-11-21,V034,singles,T0052,T0047,1,1,T0052,T0047,home,9,32.07,0,Hail,1402
B007334,2024-03-20,V015,doubles,T0178,T0149,2,2,T0149,T0178,away,14,79.49,0,Glittering,192
B007335,2025-07-25,V024,singles,T0136,T0013,1,1,T0136,T0013,home,6,40.13,0,Windy,657
B007336,2025-12-22,V051,doubles,T0117,T0084,2,2,T0117,T0084,home,7,221.58,0,Overcast,433
B007337,2024-08-03,V037,singles,T0059,T0170,1,1,T0170,T0059,away,11,147.79,0,Clear,1017
B007338,2025-01-13,V037,singles,T0059,T0159,1,1,T0059,T0159,home,14,278.21,0,Clear,1131
B007339,2024-07-02,V021,singles,T0101,T0127,1,1,T0101,T0127,home,10,353.36,0,Harsh Sun,167
B007340,2024-10-31,V042,singles,T0163,T0028,1,1,T0163,T0028,home,14,5.24,0,Smog,686
B007341,2024-10-09,V035,triples,T0130,T0132,3,3,T0132,T0130,away,22,40.93,1,Hail,263
B007342,2025-05-26,V033,doubles,T0177,T0122,2,2,T0177,T0122,home,12,33.37,0,Dusty,1594
B007343,2025-09-27,V035,singles,T0176,T0099,1,1,T0176,T0099,home,9,87.03,0,Hail,348
B007344,2024-11-07,V018,triples,T0003,T0018,3,3,T0018,T0003,away,17,87.83,0,Clear,1657
B007345,2024-09-24,V008,doubles,T0152,T0150,2,2,T0150,T0152,away,10,82.38,0,High Winds,314
B007346,2025-11-25,V053,doubles,T0040,T0011,2,1,T0040,T0011,home,14,215.26,0,Rain,508
B007347,2024-10-18,V008,doubles,T0148,T0071,2,2,T0148,T0071,home,6,262.3,0,High Winds,281
B007348,2025-09-16,V043,singles,T0033,T0054,1,1,T0054,T0033,away,11,293.01,0,Odd Aura,1043
B007349,2024-04-19,V041,doubles,T0004,T0037,2,2,T0037,T0004,away,13,265.23,0,Smog,685
B007350,2025-02-26,V042,triples,T0105,T0036,3,3,T0105,T0036,home,24,165.8,1,Smog,784
B007351,2025-06-01,V012,singles,T0056,T0007,1,1,T0056,T0007,home,9,31.5,0,Thunderstorm,1118
B007352,2026-01-28,V031,doubles,T0084,T0005,2,2,T0084,T0005,home,12,116.57,0,Dusty,441
B007353,2025-07-10,V044,triples,T0144,T0121,3,3,T0121,T0144,away,14,172.63,0,Odd Aura,1346
B007354,2025-12-27,V053,triples,T0131,T0108,3,3,T0131,T0108,home,20,75.44,1,Rain,475
B007355,2024-05-28,V036,triples,T0038,T0135,3,3,T0038,T0135,home,11,40.31,0,Hail,734
B007356,2025-02-03,V012,doubles,T0128,T0127,2,2,T0128,T0127,home,10,304.76,0,Thunderstorm,927
B007357,2025-07-22,V023,singles,T0078,T0143,1,1,T0143,T0078,away,16,268.82,0,Windy,1189
B007358,2024-04-01,V040,doubles,T0077,T0176,2,3,T0176,T0077,away,11,588.23,0,Smog,252
B007359,2025-08-08,V042,singles,T0024,T0145,1,1,T0145,T0024,away,7,7.34,0,Smog,764
B007360,2025-10-18,V021,singles,T0058,T0172,1,1,T0172,T0058,away,12,24.08,0,Harsh Sun,240
B007361,2025-04-25,V027,doubles,T0110,T0106,2,2,T0106,T0110,away,10,48.59,0,Fog,746
B007362,2025-11-09,V022,triples,T0006,T0013,3,3,T0013,T0006,away,23,58.19,1,Windy,1045
B007363,2026-02-27,V024,triples,T0139,T0073,3,3,T0139,T0073,home,15,91.85,0,Windy,1066
B007364,2025-02-28,V050,doubles,T0100,T0178,2,2,T0178,T0100,away,12,15.02,0,Overcast,213
B007365,2024-05-12,V010,triples,T0146,T0128,3,3,T0128,T0146,away,17,436.08,0,Thunderstorm,643
B007366,2025-05-19,V019,triples,T0019,T0178,3,3,T0178,T0019,away,20,316.93,0,Harsh Sun,1114
B007367,2025-12-04,V044,singles,T0050,T0128,1,1,T0128,T0050,away,12,223.5,0,Odd Aura,1494
B007368,2026-03-11,V029,singles,T0170,T0005,1,1,T0170,T0005,home,7,427.67,0,Sunny,350
B007369,2025-02-04,V014,triples,T0039,T0078,3,3,T0078,T0039,away,15,100.88,0,Glittering,1088
B007370,2025-04-11,V044,singles,T0041,T0142,1,1,T0041,T0142,home,12,109.75,0,Odd Aura,1421
B007371,2024-01-09,V049,doubles,T0170,T0140,2,2,T0170,T0140,home,14,490.0,0,Overcast,640
B007372,2025-06-25,V031,doubles,T0003,T0033,2,2,T0003,T0033,home,12,270.95,0,Dusty,455
B007373,2025-06-19,V036,doubles,T0050,T0156,2,2,T0050,T0156,home,9,483.14,0,Hail,675
B007374,2024-10-20,V045,singles,T0078,T0114,1,1,T0114,T0078,away,10,123.4,0,Odd Aura,565
B007375,2025-10-05,V050,triples,T0089,T0129,3,3,T0129,T0089,away,19,3.72,1,Overcast,186
B007376,2026-01-21,V045,singles,T0164,T0013,1,1,T0013,T0164,away,14,129.26,0,Odd Aura,595
B007377,2024-08-05,V009,doubles,T0006,T0180,2,2,T0006,T0180,home,11,316.96,0,High Winds,1835
B007378,2026-02-24,V031,singles,T0173,T0168,1,1,T0173,T0168,home,10,166.66,0,Dusty,418
B007379,2025-06-23,V048,doubles,T0089,T0130,2,2,T0130,T0089,away,15,157.39,0,Sandstorm,2103
B007380,2026-03-07,V045,singles,T0061,T0035,1,1,T0061,T0035,home,8,136.79,0,Odd Aura,505
B007381,2024-10-05,V017,singles,T0099,T0104,1,1,T0099,T0104,home,7,125.37,0,Clear,604
B007382,2024-04-03,V021,doubles,T0073,T0085,2,2,T0073,T0085,home,17,150.54,1,Harsh Sun,275
B007383,2024-11-05,V021,singles,T0030,T0174,1,1,T0174,T0030,away,15,41.89,0,Harsh Sun,199
B007384,2026-03-01,V041,doubles,T0013,T0075,2,2,T0013,T0075,home,14,372.67,1,Smog,584
B007385,2024-03-20,V004,doubles,T0066,T0089,2,2,T0089,T0066,away,20,203.09,1,Moonless,704
B007386,2024-08-20,V012,doubles,T0037,T0052,2,2,T0037,T0052,home,5,14.85,0,Thunderstorm,973
B007387,2024-04-14,V021,doubles,T0135,T0148,2,2,T0135,T0148,home,13,18.68,0,Harsh Sun,232
B007388,2024-07-18,V016,doubles,T0165,T0059,2,1,T0165,T0059,home,7,316.04,0,Clear,225
B007389,2024-04-22,V017,singles,T0128,T0078,1,1,T0128,T0078,home,10,166.73,0,Clear,628
B007390,2024-06-10,V002,doubles,T0070,T0040,2,2,T0070,T0040,home,17,20.02,0,Breezy,1107
B007391,2025-11-23,V038,doubles,T0096,T0113,2,2,T0113,T0096,away,22,76.74,1,Clear,918
B007392,2024-09-25,V050,singles,T0060,T0116,1,1,T0116,T0060,away,14,122.23,0,Overcast,192
B007393,2026-03-07,V036,singles,T0006,T0100,1,1,T0006,T0100,home,12,188.15,0,Hail,734
B007394,2025-03-30,V020,doubles,T0011,T0162,2,1,T0011,T0162,home,10,602.27,0,Harsh Sun,1476
B007395,2025-07-22,V039,singles,T0144,T0128,1,1,T0144,T0128,home,10,26.97,0,Clear,567
B007396,2025-08-05,V045,doubles,T0086,T0122,2,2,T0086,T0122,home,6,366.73,0,Odd Aura,493
B007397,2025-06-06,V029,doubles,T0171,T0106,2,2,T0171,T0106,home,12,116.66,0,Sunny,495
B007398,2024-03-11,V043,doubles,T0082,T0176,2,2,T0082,T0176,home,20,43.71,1,Odd Aura,1355
B007399,2025-04-17,V041,doubles,T0129,T0101,2,3,T0101,T0129,away,12,492.35,0,Smog,657
B007400,2025-04-01,V009,triples,T0172,T0038,3,3,T0038,T0172,away,14,234.22,0,High Winds,2052
B007401,2025-09-27,V046,triples,T0087,T0077,3,3,T0087,T0077,home,14,100.57,0,Sandstorm,559
B007402,2024-01-07,V041,triples,T0145,T0022,3,3,T0022,T0145,away,14,83.51,0,Smog,505
B007403,2024-07-01,V019,doubles,T0023,T0106,2,2,T0023,T0106,home,17,371.16,0,Harsh Sun,1055
B007404,2025-11-03,V017,singles,T0178,T0024,1,1,T0178,T0024,home,11,162.5,0,Clear,706
B007405,2025-09-27,V022,doubles,T0164,T0022,2,2,T0164,T0022,home,10,320.97,0,Windy,788
B007406,2024-11-05,V010,singles,T0043,T0007,1,1,T0043,T0007,home,10,5.22,0,Thunderstorm,660
B007407,2026-02-05,V028,triples,T0171,T0177,3,3,T0171,T0177,home,18,131.97,1,Sunny,901
B007408,2024-07-03,V021,singles,T0001,T0024,1,1,T0024,T0001,away,7,5.67,0,Harsh Sun,227
B007409,2026-01-25,V004,doubles,T0089,T0103,2,2,T0089,T0103,home,17,43.94,0,Moonless,549
B007410,2025-11-10,V015,singles,T0130,T0160,1,1,T0130,T0160,home,10,314.64,0,Glittering,197
B007411,2025-11-21,V043,singles,T0030,T0012,1,1,T0030,T0012,home,6,352.3,0,Odd Aura,1099
B007412,2024-05-22,V023,singles,T0163,T0164,1,1,T0163,T0164,home,10,70.13,0,Windy,1345
B007413,2024-03-30,V049,triples,T0007,T0135,3,3,T0007,T0135,home,17,254.47,0,Overcast,625
B007414,2024-04-15,V031,singles,T0078,T0148,1,1,T0078,T0148,home,9,2.49,0,Dusty,402
B007415,2025-06-02,V049,singles,T0005,T0076,1,1,T0076,T0005,away,11,226.53,0,Overcast,701
B007416,2024-12-25,V008,singles,T0145,T0055,1,1,T0055,T0145,away,7,308.59,0,High Winds,339
B007417,2026-02-08,V035,triples,T0046,T0051,3,3,T0051,T0046,away,11,223.3,0,Hail,351
B007418,2024-04-14,V050,doubles,T0149,T0180,2,2,T0149,T0180,home,15,46.05,0,Overcast,181
B007419,2026-01-28,V020,doubles,T0112,T0083,2,2,T0112,T0083,home,11,186.89,0,Harsh Sun,1474
B007420,2024-08-28,V044,singles,T0016,T0128,1,1,T0128,T0016,away,12,81.48,0,Odd Aura,1602
B007421,2025-10-05,V048,doubles,T0085,T0006,2,1,T0085,T0006,home,14,321.9,0,Sandstorm,2143
B007422,2024-04-14,V032,doubles,T0095,T0097,2,2,T0095,T0097,home,13,165.42,0,Dusty,1226
B007423,2024-03-04,V049,doubles,T0017,T0142,2,2,T0142,T0017,away,9,140.64,0,Overcast,804
B007424,2025-07-23,V025,triples,T0161,T0111,3,3,T0161,T0111,home,20,667.77,0,Fog,1017
B007425,2024-04-22,V039,doubles,T0074,T0057,2,2,T0057,T0074,away,18,315.37,1,Clear,720
B007426,2024-04-20,V038,singles,T0109,T0127,1,1,T0127,T0109,away,7,62.56,0,Clear,980
B007427,2024-12-12,V013,doubles,T0156,T0053,2,2,T0053,T0156,away,14,117.46,0,Glittering,1768
B007428,2025-12-14,V042,doubles,T0058,T0102,2,2,T0058,T0102,home,17,286.58,0,Smog,561
B007429,2025-11-26,V053,singles,T0030,T0006,1,1,T0006,T0030,away,13,157.71,0,Rain,489
B007430,2025-02-12,V052,triples,T0086,T0107,3,3,T0107,T0086,away,23,33.65,1,Rain,653
B007431,2025-07-23,V007,singles,T0078,T0093,1,1,T0078,T0093,home,5,38.41,0,High Winds,1207
B007432,2024-11-10,V033,doubles,T0113,T0125,2,2,T0113,T0125,home,22,56.91,1,Dusty,1748
B007433,2025-05-29,V025,triples,T0047,T0089,3,3,T0089,T0047,away,24,391.05,1,Fog,1200
B007434,2025-04-13,V038,singles,T0058,T0069,1,1,T0058,T0069,home,10,306.6,0,Clear,826
B007435,2025-04-29,V045,triples,T0135,T0175,3,3,T0135,T0175,home,20,582.16,1,Odd Aura,532
B007436,2024-08-27,V034,doubles,T0026,T0016,2,2,T0016,T0026,away,14,77.3,0,Hail,1569
B007437,2025-05-01,V015,singles,T0124,T0053,1,1,T0053,T0124,away,12,167.95,0,Glittering,190
B007438,2024-04-22,V008,singles,T0026,T0065,1,1,T0065,T0026,away,11,160.63,0,High Winds,274
B007439,2024-11-16,V026,singles,T0150,T0086,1,1,T0086,T0150,away,8,205.27,0,Fog,556
B007440,2026-02-14,V007,doubles,T0069,T0006,2,2,T0006,T0069,away,11,268.01,0,High Winds,1412
B007441,2025-07-05,V018,doubles,T0075,T0008,2,2,T0008,T0075,away,14,183.71,0,Clear,1444
B007442,2024-03-21,V038,doubles,T0098,T0050,2,2,T0050,T0098,away,16,379.83,0,Clear,962
B007443,2024-04-02,V019,singles,T0057,T0007,1,1,T0057,T0007,home,14,156.54,0,Harsh Sun,933
B007444,2026-01-21,V051,singles,T0119,T0022,1,1,T0119,T0022,home,11,129.69,0,Overcast,469
B007445,2024-09-06,V022,singles,T0164,T0008,1,1,T0008,T0164,away,14,166.67,0,Windy,866
B007446,2024-06-30,V019,singles,T0148,T0135,1,1,T0135,T0148,away,10,37.0,0,Harsh Sun,877
B007447,2025-07-17,V044,doubles,T0125,T0141,2,2,T0141,T0125,away,16,164.87,1,Odd Aura,1546
B007448,2024-04-22,V017,singles,T0121,T0179,1,1,T0121,T0179,home,8,102.76,0,Clear,740
B007449,2025-11-22,V044,triples,T0078,T0063,3,3,T0063,T0078,away,14,363.83,0,Odd Aura,1560
B007450,2024-11-05,V051,doubles,T0135,T0065,2,2,T0065,T0135,away,12,391.21,0,Overcast,524
B007451,2024-12-14,V029,singles,T0122,T0054,1,1,T0054,T0122,away,5,276.87,0,Sunny,425
B007452,2024-12-06,V004,singles,T0179,T0161,1,1,T0161,T0179,away,13,12.87,0,Moonless,895
B007453,2024-05-03,V026,doubles,T0141,T0126,2,2,T0141,T0126,home,10,88.57,0,Fog,762
B007454,2025-12-26,V049,triples,T0076,T0020,3,3,T0020,T0076,away,11,42.23,0,Overcast,856
B007455,2026-03-26,V054,singles,T0125,T0119,1,1,T0125,T0119,home,13,86.89,0,Rain,615
B007456,2024-02-10,V001,triples,T0012,T0026,3,3,T0012,T0026,home,13,589.16,0,Breezy,819
B007457,2025-03-13,V032,doubles,T0032,T0075,2,2,T0032,T0075,home,16,308.74,0,Dusty,1140
B007458,2025-11-14,V038,singles,T0180,T0108,1,1,T0180,T0108,home,12,8.24,0,Clear,1023
B007459,2026-01-12,V001,triples,T0050,T0153,3,2,T0050,T0153,home,13,300.08,0,Breezy,581
B007460,2024-03-16,V049,doubles,T0080,T0140,2,2,T0080,T0140,home,13,528.11,0,Overcast,657
B007461,2024-09-05,V047,doubles,T0034,T0165,2,2,T0034,T0165,home,14,79.97,0,Sandstorm,388
B007462,2024-03-24,V049,singles,T0108,T0180,1,1,T0180,T0108,away,11,146.29,0,Overcast,901
B007463,2025-03-27,V013,doubles,T0157,T0153,2,2,T0153,T0157,away,10,164.41,0,Glittering,1470
B007464,2025-11-08,V035,singles,T0030,T0145,1,1,T0030,T0145,home,9,189.14,0,Hail,382
B007465,2026-01-05,V052,doubles,T0107,T0027,2,2,T0107,T0027,home,10,461.02,0,Rain,428
B007466,2024-03-27,V038,singles,T0155,T0047,1,1,T0047,T0155,away,14,33.7,0,Clear,725
B007467,2025-01-31,V033,doubles,T0016,T0002,2,2,T0002,T0016,away,15,68.73,0,Dusty,1888
B007468,2024-09-04,V050,singles,T0153,T0026,1,1,T0153,T0026,home,7,177.91,0,Overcast,194
B007469,2025-06-06,V003,triples,T0091,T0079,3,3,T0079,T0091,away,24,24.29,1,Breezy,471
B007470,2024-12-12,V027,triples,T0102,T0008,3,3,T0008,T0102,away,17,128.01,0,Fog,693
B007471,2024-03-16,V036,triples,T0177,T0123,3,3,T0123,T0177,away,12,94.93,0,Hail,687
B007472,2024-06-24,V043,singles,T0041,T0096,1,1,T0041,T0096,home,11,26.04,0,Odd Aura,870
B007473,2025-01-15,V012,doubles,T0030,T0137,2,2,T0030,T0137,home,9,283.57,0,Thunderstorm,934
B007474,2024-06-20,V022,singles,T0117,T0020,1,1,T0020,T0117,away,12,142.98,0,Windy,1112
B007475,2024-12-06,V001,singles,T0077,T0131,1,1,T0077,T0131,home,11,205.82,0,Breezy,680
B007476,2026-01-10,V023,doubles,T0167,T0124,2,1,T0167,T0124,home,8,276.98,0,Windy,958
B007477,2025-03-11,V043,doubles,T0119,T0011,2,2,T0119,T0011,home,17,409.91,0,Odd Aura,692
B007478,2024-03-02,V025,doubles,T0082,T0180,2,2,T0082,T0180,home,11,154.39,0,Fog,1281
B007479,2025-01-22,V049,doubles,T0134,T0113,2,2,T0134,T0113,home,11,165.86,0,Overcast,649
B007480,2024-09-30,V037,singles,T0035,T0112,1,1,T0035,T0112,home,10,23.46,0,Clear,987
B007481,2025-10-22,V019,triples,T0069,T0164,3,2,T0069,T0164,home,10,636.73,0,Harsh Sun,1291
B007482,2024-11-23,V001,singles,T0039,T0172,1,1,T0172,T0039,away,7,170.71,0,Breezy,677
B007483,2024-04-01,V053,doubles,T0045,T0103,2,2,T0103,T0045,away,6,22.08,0,Rain,543
B007484,2025-08-01,V028,doubles,T0164,T0169,2,2,T0169,T0164,away,15,22.37,1,Sunny,956
B007485,2025-11-16,V045,doubles,T0009,T0023,2,2,T0009,T0023,home,23,128.81,1,Odd Aura,483
B007486,2025-07-18,V031,doubles,T0100,T0043,2,2,T0100,T0043,home,21,159.66,1,Dusty,322
B007487,2025-05-25,V023,triples,T0112,T0113,3,3,T0112,T0113,home,12,253.26,0,Windy,1531
B007488,2024-09-14,V037,doubles,T0043,T0101,2,2,T0043,T0101,home,15,119.7,1,Clear,1213
B007489,2024-08-13,V015,doubles,T0015,T0166,2,1,T0015,T0166,home,16,17.16,0,Glittering,202
B007490,2026-02-12,V022,doubles,T0152,T0049,2,2,T0049,T0152,away,13,65.01,0,Windy,901
B007491,2025-11-01,V027,singles,T0127,T0096,1,1,T0096,T0127,away,9,166.93,0,Fog,705
B007492,2024-01-10,V037,doubles,T0119,T0081,2,2,T0081,T0119,away,14,238.95,0,Clear,1246
B007493,2026-03-13,V051,triples,T0006,T0162,3,3,T0006,T0162,home,17,37.44,0,Overcast,531
B007494,2025-04-15,V052,doubles,T0023,T0075,2,2,T0075,T0023,away,16,92.56,0,Rain,613
B007495,2025-11-18,V025,triples,T0177,T0054,3,3,T0054,T0177,away,19,261.62,0,Fog,1222
B007496,2024-04-27,V045,doubles,T0077,T0098,2,2,T0098,T0077,away,9,518.04,0,Odd Aura,489
B007497,2025-07-22,V033,singles,T0005,T0166,1,1,T0005,T0166,home,9,48.06,0,Dusty,1911
B007498,2025-03-30,V025,triples,T0178,T0039,3,3,T0178,T0039,home,23,328.23,1,Fog,1234
B007499,2025-03-01,V019,triples,T0003,T0042,3,3,T0003,T0042,home,21,196.75,1,Harsh Sun,811
B007500,2024-05-31,V021,doubles,T0090,T0174,2,2,T0174,T0090,away,11,156.15,0,Harsh Sun,205
B007501,2024-07-04,V037,doubles,T0075,T0169,2,3,T0169,T0075,away,12,419.36,0,Clear,1217
B007502,2025-01-21,V008,triples,T0157,T0133,3,3,T0133,T0157,away,11,148.7,0,High Winds,413
B007503,2025-10-25,V001,singles,T0092,T0086,1,1,T0092,T0086,home,13,66.59,0,Breezy,691
B007504,2024-06-22,V048,triples,T0119,T0097,3,3,T0119,T0097,home,13,168.03,0,Sandstorm,2175
B007505,2024-10-06,V035,singles,T0005,T0164,1,1,T0005,T0164,home,7,489.98,0,Hail,276
B007506,2026-03-08,V038,doubles,T0165,T0009,2,2,T0009,T0165,away,15,98.35,0,Clear,830
B007507,2024-10-12,V043,doubles,T0045,T0038,2,2,T0038,T0045,away,9,35.37,0,Odd Aura,1026
B007508,2026-01-16,V044,triples,T0049,T0047,3,3,T0049,T0047,home,14,204.28,0,Odd Aura,1387
B007509,2024-03-23,V010,doubles,T0013,T0077,2,2,T0013,T0077,home,13,250.01,0,Thunderstorm,366
B007510,2025-03-28,V012,doubles,T0067,T0073,2,2,T0073,T0067,away,10,190.3,0,Thunderstorm,899
B007511,2024-08-08,V011,singles,T0151,T0065,1,1,T0065,T0151,away,11,129.92,0,Thunderstorm,147
B007512,2025-09-29,V032,doubles,T0013,T0008,2,2,T0013,T0008,home,14,41.5,0,Dusty,1469
B007513,2025-07-17,V013,doubles,T0034,T0026,2,2,T0034,T0026,home,5,406.19,0,Glittering,1801
B007514,2025-05-05,V028,triples,T0153,T0007,3,3,T0007,T0153,away,14,351.29,0,Sunny,918
B007515,2024-01-06,V026,singles,T0150,T0115,1,1,T0150,T0115,home,13,59.93,0,Fog,782
B007516,2024-11-20,V003,doubles,T0051,T0009,2,2,T0009,T0051,away,12,112.14,0,Breezy,510
B007517,2025-09-14,V005,singles,T0146,T0036,1,1,T0036,T0146,away,12,35.87,0,Moonless,1037
B007518,2025-01-19,V013,doubles,T0142,T0030,2,2,T0030,T0142,away,8,135.05,0,Glittering,1454
B007519,2025-09-09,V053,doubles,T0133,T0100,2,2,T0133,T0100,home,15,346.06,0,Rain,481
B007520,2025-05-03,V012,singles,T0127,T0137,1,1,T0127,T0137,home,11,77.26,0,Thunderstorm,1127
B007521,2024-02-24,V002,doubles,T0117,T0168,2,2,T0168,T0117,away,5,27.58,0,Breezy,812
B007522,2024-06-15,V038,doubles,T0091,T0173,2,2,T0091,T0173,home,11,60.25,0,Clear,760
B007523,2025-07-17,V013,singles,T0088,T0111,1,1,T0088,T0111,home,7,48.29,0,Glittering,1295
B007524,2024-04-04,V052,singles,T0035,T0054,1,1,T0035,T0054,home,8,168.32,0,Rain,709
B007525,2025-08-27,V010,doubles,T0061,T0030,2,2,T0030,T0061,away,12,179.68,0,Thunderstorm,629
B007526,2024-11-20,V017,doubles,T0099,T0136,2,2,T0136,T0099,away,14,179.13,0,Clear,664
B007527,2025-08-08,V009,doubles,T0006,T0142,2,2,T0006,T0142,home,11,313.25,0,High Winds,2011
B007528,2025-11-02,V038,triples,T0177,T0005,3,3,T0005,T0177,away,24,413.46,1,Clear,1006
B007529,2024-11-13,V022,doubles,T0022,T0017,2,2,T0017,T0022,away,14,203.86,0,Windy,816
B007530,2024-06-01,V020,doubles,T0125,T0078,2,1,T0125,T0078,home,6,415.53,0,Harsh Sun,1579
B007531,2025-05-22,V051,singles,T0117,T0028,1,1,T0117,T0028,home,13,222.37,0,Overcast,543
B007532,2024-06-06,V037,doubles,T0121,T0027,2,2,T0121,T0027,home,11,198.73,0,Clear,1030
B007533,2025-07-05,V047,singles,T0027,T0070,1,1,T0027,T0070,home,11,51.56,0,Sandstorm,313
B007534,2024-08-31,V053,doubles,T0006,T0156,2,2,T0006,T0156,home,11,730.92,0,Rain,424
B007535,2024-08-07,V019,doubles,T0016,T0037,2,1,T0016,T0037,home,11,473.99,0,Harsh Sun,856
B007536,2025-05-05,V031,doubles,T0006,T0165,2,2,T0006,T0165,home,5,102.35,0,Dusty,423
B007537,2025-03-31,V016,singles,T0069,T0075,1,1,T0075,T0069,away,13,63.74,0,Clear,206
B007538,2024-01-03,V016,singles,T0131,T0007,1,1,T0007,T0131,away,8,179.16,0,Clear,139
B007539,2026-03-01,V050,singles,T0100,T0118,1,1,T0100,T0118,home,12,68.59,0,Overcast,198
B007540,2024-04-24,V032,singles,T0155,T0032,1,1,T0155,T0032,home,8,134.59,0,Dusty,898
B007541,2025-07-22,V018,doubles,T0146,T0004,2,2,T0146,T0004,home,10,142.28,0,Clear,1730
B007542,2024-04-24,V035,doubles,T0005,T0109,2,2,T0005,T0109,home,9,146.13,0,Hail,339
B007543,2024-12-17,V018,doubles,T0128,T0135,2,2,T0128,T0135,home,4,118.56,0,Clear,1534
B007544,2024-05-15,V029,doubles,T0108,T0118,2,2,T0118,T0108,away,18,107.06,1,Sunny,448
B007545,2025-10-20,V046,doubles,T0130,T0078,2,2,T0130,T0078,home,19,325.41,1,Sandstorm,486
B007546,2024-09-04,V036,doubles,T0107,T0100,2,2,T0107,T0100,home,11,32.6,0,Hail,711
B007547,2025-09-07,V001,singles,T0115,T0007,1,1,T0115,T0007,home,8,7.93,0,Breezy,723
B007548,2024-09-22,V039,singles,T0007,T0013,1,1,T0013,T0007,away,12,83.31,0,Clear,623
B007549,2024-05-04,V025,triples,T0117,T0132,3,3,T0117,T0132,home,15,868.52,0,Fog,1215
B007550,2025-01-04,V016,doubles,T0134,T0032,2,2,T0134,T0032,home,24,64.2,1,Clear,283
B007551,2024-02-15,V025,doubles,T0043,T0169,2,2,T0043,T0169,home,8,86.8,0,Fog,1270
B007552,2024-11-13,V016,singles,T0163,T0073,1,1,T0163,T0073,home,11,94.27,0,Clear,191
B007553,2024-07-13,V031,doubles,T0076,T0139,2,2,T0139,T0076,away,10,222.96,0,Dusty,518
B007554,2025-05-18,V047,singles,T0004,T0117,1,1,T0117,T0004,away,14,153.33,0,Sandstorm,350
B007555,2025-08-26,V027,doubles,T0123,T0167,2,2,T0123,T0167,home,10,266.54,0,Fog,726
B007556,2025-11-11,V032,doubles,T0038,T0063,2,2,T0063,T0038,away,10,254.4,0,Dusty,1155
B007557,2025-01-03,V042,triples,T0130,T0143,3,3,T0143,T0130,away,18,213.33,0,Smog,691
B007558,2024-12-27,V035,triples,T0005,T0044,3,3,T0005,T0044,home,12,589.93,0,Hail,349
B007559,2025-01-06,V040,singles,T0179,T0007,1,1,T0179,T0007,home,9,65.25,0,Smog,212
B007560,2025-10-12,V052,doubles,T0054,T0040,2,2,T0040,T0054,away,10,105.75,0,Rain,483
B007561,2024-09-12,V013,singles,T0133,T0071,1,1,T0071,T0133,away,7,95.4,0,Glittering,1602
B007562,2025-06-26,V035,singles,T0180,T0037,1,1,T0037,T0180,away,14,257.86,0,Hail,420
B007563,2025-07-22,V040,doubles,T0126,T0005,2,2,T0126,T0005,home,10,102.0,0,Smog,265
B007564,2024-11-28,V016,singles,T0033,T0056,1,1,T0056,T0033,away,11,48.98,0,Clear,225
B007565,2024-07-16,V023,triples,T0065,T0130,3,3,T0130,T0065,away,19,286.13,0,Windy,1381
B007566,2024-12-19,V005,singles,T0174,T0103,1,1,T0174,T0103,home,11,19.36,0,Moonless,1102
B007567,2025-12-14,V002,doubles,T0001,T0151,2,2,T0151,T0001,away,24,20.39,1,Breezy,1017
B007568,2026-01-13,V037,singles,T0040,T0045,1,1,T0040,T0045,home,11,238.33,0,Clear,1015
B007569,2024-02-02,V024,doubles,T0101,T0020,2,2,T0020,T0101,away,14,113.76,0,Windy,890
B007570,2025-05-24,V036,singles,T0072,T0065,1,1,T0065,T0072,away,9,261.0,0,Hail,789
B007571,2024-03-21,V036,triples,T0119,T0035,3,3,T0035,T0119,away,15,31.17,0,Hail,828
B007572,2025-06-28,V052,triples,T0155,T0055,3,2,T0155,T0055,home,15,958.24,1,Rain,739
B007573,2024-10-19,V020,triples,T0016,T0180,3,3,T0016,T0180,home,15,381.43,0,Harsh Sun,1810
B007574,2025-05-30,V012,doubles,T0036,T0052,2,2,T0036,T0052,home,5,50.8,0,Thunderstorm,1069
B007575,2024-12-06,V010,singles,T0099,T0179,1,1,T0099,T0179,home,8,134.68,0,Thunderstorm,481
B007576,2025-07-04,V021,doubles,T0179,T0144,2,2,T0144,T0179,away,16,226.63,0,Harsh Sun,224
B007577,2025-11-11,V028,triples,T0130,T0126,3,3,T0130,T0126,home,22,176.11,1,Sunny,869
B007578,2024-11-06,V013,doubles,T0092,T0024,2,1,T0092,T0024,home,11,620.59,0,Glittering,1377
B007579,2025-03-06,V023,doubles,T0051,T0060,2,2,T0051,T0060,home,13,362.87,0,Windy,1075
B007580,2025-01-30,V008,singles,T0169,T0107,1,1,T0107,T0169,away,11,152.07,0,High Winds,364
B007581,2025-09-16,V031,doubles,T0124,T0076,2,2,T0076,T0124,away,10,60.83,0,Dusty,416
B007582,2026-01-19,V027,triples,T0088,T0059,3,3,T0059,T0088,away,13,97.69,0,Fog,840
B007583,2025-12-31,V044,singles,T0035,T0101,1,1,T0101,T0035,away,10,33.78,0,Odd Aura,1509
B007584,2024-12-29,V027,singles,T0037,T0096,1,1,T0096,T0037,away,5,82.82,0,Fog,700
B007585,2024-09-02,V002,singles,T0083,T0122,1,1,T0083,T0122,home,10,17.02,0,Breezy,993
B007586,2025-12-28,V046,doubles,T0126,T0114,2,2,T0126,T0114,home,11,486.82,0,Sandstorm,494
B007587,2025-07-28,V035,singles,T0007,T0137,1,1,T0007,T0137,home,9,71.64,0,Hail,326
B007588,2024-01-03,V006,singles,T0131,T0057,1,1,T0131,T0057,home,10,171.91,0,Moonless,517
B007589,2025-03-13,V020,doubles,T0153,T0063,2,2,T0063,T0153,away,9,191.18,0,Harsh Sun,1840
B007590,2025-10-29,V005,singles,T0138,T0117,1,1,T0117,T0138,away,7,160.45,0,Moonless,1147
B007591,2024-02-11,V034,singles,T0004,T0141,1,1,T0141,T0004,away,10,171.63,0,Hail,1521
B007592,2025-05-31,V003,doubles,T0037,T0101,2,2,T0037,T0101,home,8,237.41,0,Breezy,501
B007593,2024-11-03,V012,triples,T0102,T0100,3,3,T0102,T0100,home,13,113.83,0,Thunderstorm,964
B007594,2024-07-17,V032,doubles,T0152,T0002,2,2,T0002,T0152,away,11,223.02,0,Dusty,1357
B007595,2026-02-04,V037,singles,T0151,T0117,1,1,T0151,T0117,home,12,102.88,0,Clear,1180
B007596,2024-02-17,V011,doubles,T0094,T0048,2,2,T0048,T0094,away,24,64.25,1,Thunderstorm,152
B007597,2024-04-20,V003,singles,T0096,T0130,1,1,T0130,T0096,away,9,140.05,0,Breezy,780
B007598,2024-10-31,V021,doubles,T0148,T0059,2,2,T0148,T0059,home,18,150.95,1,Harsh Sun,294
B007599,2024-01-14,V019,triples,T0108,T0060,3,3,T0108,T0060,home,18,384.05,0,Harsh Sun,1606
B007600,2024-10-07,V010,singles,T0062,T0107,1,1,T0062,T0107,home,12,134.48,0,Thunderstorm,502
B007601,2025-12-30,V014,doubles,T0132,T0026,2,2,T0132,T0026,home,15,314.05,0,Glittering,1614
B007602,2024-07-26,V021,doubles,T0051,T0111,2,2,T0051,T0111,home,10,501.66,0,Harsh Sun,232
B007603,2025-04-15,V023,doubles,T0165,T0045,2,2,T0045,T0165,away,20,44.1,1,Windy,1306
B007604,2024-07-14,V036,doubles,T0093,T0084,2,2,T0093,T0084,home,17,15.9,0,Hail,843
B007605,2025-06-21,V050,singles,T0100,T0119,1,1,T0119,T0100,away,5,67.22,0,Overcast,138
B007606,2025-10-31,V033,doubles,T0020,T0050,2,2,T0020,T0050,home,24,192.8,1,Dusty,1402
B007607,2024-02-29,V047,singles,T0010,T0163,1,1,T0163,T0010,away,8,239.41,0,Sandstorm,342
B007608,2024-08-11,V035,singles,T0033,T0025,1,1,T0033,T0025,home,11,122.78,0,Hail,309
B007609,2024-04-16,V003,singles,T0106,T0087,1,1,T0106,T0087,home,10,215.95,0,Breezy,507
B007610,2026-02-18,V012,doubles,T0180,T0078,2,2,T0078,T0180,away,8,185.03,0,Thunderstorm,1007
B007611,2025-02-26,V042,doubles,T0137,T0063,2,2,T0063,T0137,away,10,349.89,0,Smog,645
B007612,2024-04-27,V007,doubles,T0106,T0103,2,2,T0103,T0106,away,12,140.27,0,High Winds,1185
B007613,2026-03-10,V010,singles,T0172,T0150,1,1,T0150,T0172,away,8,235.69,0,Thunderstorm,530
B007614,2024-07-20,V008,singles,T0015,T0111,1,1,T0015,T0111,home,12,191.48,0,High Winds,328
B007615,2025-02-14,V017,doubles,T0110,T0002,2,2,T0110,T0002,home,13,121.18,0,Clear,665
B007616,2025-03-22,V023,doubles,T0008,T0046,2,2,T0008,T0046,home,12,27.0,0,Windy,1316
B007617,2024-05-26,V048,doubles,T0133,T0022,2,3,T0022,T0133,away,12,202.28,0,Sandstorm,1658
B007618,2025-11-17,V013,doubles,T0082,T0127,2,2,T0127,T0082,away,22,80.5,1,Glittering,1409
B007619,2025-04-29,V047,doubles,T0126,T0113,2,2,T0126,T0113,home,11,98.65,0,Sandstorm,355
B007620,2025-06-26,V017,doubles,T0102,T0125,2,2,T0102,T0125,home,7,116.39,0,Clear,526
B007621,2025-10-23,V051,singles,T0150,T0088,1,1,T0150,T0088,home,13,140.36,0,Overcast,627
B007622,2025-06-12,V032,doubles,T0165,T0006,2,2,T0006,T0165,away,15,101.08,0,Dusty,1233
B007623,2026-03-30,V041,singles,T0109,T0065,1,1,T0065,T0109,away,9,230.13,0,Smog,902
B007624,2025-01-10,V017,singles,T0027,T0009,1,1,T0009,T0027,away,10,44.56,0,Clear,474
B007625,2024-05-13,V031,doubles,T0088,T0042,2,2,T0042,T0088,away,10,22.11,0,Dusty,347
B007626,2026-02-07,V042,doubles,T0055,T0012,2,2,T0012,T0055,away,11,170.86,0,Smog,782
B007627,2025-12-29,V020,doubles,T0033,T0052,2,2,T0033,T0052,home,11,262.02,0,Harsh Sun,1728
B007628,2025-06-10,V039,singles,T0150,T0140,1,1,T0150,T0140,home,6,31.88,0,Clear,568
B007629,2025-04-06,V039,singles,T0040,T0146,1,1,T0040,T0146,home,11,243.94,0,Clear,638
B007630,2026-02-19,V013,triples,T0133,T0137,3,3,T0133,T0137,home,11,173.12,0,Glittering,1764
B007631,2025-11-29,V053,doubles,T0059,T0085,2,2,T0085,T0059,away,13,71.33,0,Rain,518
B007632,2025-06-18,V005,doubles,T0003,T0020,2,2,T0020,T0003,away,13,19.31,0,Moonless,897
B007633,2024-06-22,V045,singles,T0105,T0033,1,1,T0105,T0033,home,12,68.12,0,Odd Aura,500
B007634,2025-03-24,V008,singles,T0051,T0043,1,1,T0051,T0043,home,9,176.61,0,High Winds,350
B007635,2025-08-21,V036,singles,T0057,T0126,1,2,T0126,T0057,away,9,865.61,0,Hail,589
B007636,2025-07-17,V025,singles,T0056,T0175,1,1,T0175,T0056,away,5,239.59,0,Fog,1018
B007637,2024-04-17,V017,doubles,T0020,T0018,2,2,T0020,T0018,home,15,247.99,0,Clear,808
B007638,2025-04-06,V036,triples,T0070,T0041,3,3,T0041,T0070,away,24,280.69,0,Hail,730
B007639,2024-08-25,V003,doubles,T0086,T0166,2,2,T0086,T0166,home,16,134.33,0,Breezy,593
B007640,2025-07-19,V015,doubles,T0097,T0021,2,2,T0021,T0097,away,12,8.16,0,Glittering,184
B007641,2025-06-16,V004,singles,T0038,T0028,1,1,T0038,T0028,home,8,46.56,0,Moonless,659
B007642,2024-04-13,V008,doubles,T0039,T0076,2,2,T0076,T0039,away,10,206.8,0,High Winds,211
B007643,2025-07-25,V004,singles,T0174,T0090,1,1,T0174,T0090,home,10,36.86,0,Moonless,721
B007644,2026-02-13,V053,singles,T0105,T0015,1,1,T0015,T0105,away,8,204.86,0,Rain,510
B007645,2025-05-22,V019,doubles,T0099,T0067,2,2,T0099,T0067,home,8,133.93,0,Harsh Sun,937
B007646,2025-12-29,V033,triples,T0177,T0021,3,3,T0021,T0177,away,24,246.01,1,Dusty,1830
B007647,2024-04-25,V025,doubles,T0178,T0003,2,2,T0178,T0003,home,16,361.66,0,Fog,984
B007648,2025-06-22,V041,singles,T0064,T0067,1,1,T0067,T0064,away,12,246.73,0,Smog,737
B007649,2026-03-04,V038,doubles,T0012,T0112,2,2,T0012,T0112,home,5,227.21,0,Clear,746
B007650,2025-02-05,V037,singles,T0040,T0099,1,1,T0040,T0099,home,9,320.54,0,Clear,1231
B007651,2024-10-21,V003,doubles,T0080,T0001,2,2,T0080,T0001,home,17,73.76,0,Breezy,631
B007652,2024-03-29,V023,doubles,T0105,T0078,2,2,T0078,T0105,away,13,69.54,0,Windy,1329
B007653,2024-08-26,V053,singles,T0009,T0077,1,1,T0077,T0009,away,10,21.5,0,Rain,461
B007654,2025-09-15,V050,singles,T0100,T0027,1,1,T0100,T0027,home,9,52.53,0,Overcast,236
B007655,2024-07-27,V042,singles,T0060,T0065,1,1,T0065,T0060,away,10,44.74,0,Smog,572
B007656,2025-12-25,V001,singles,T0109,T0078,1,1,T0078,T0109,away,11,44.6,0,Breezy,700
B007657,2025-12-20,V019,doubles,T0057,T0162,2,2,T0057,T0162,home,13,400.51,0,Harsh Sun,831
B007658,2025-05-28,V008,doubles,T0059,T0105,2,2,T0059,T0105,home,13,232.45,0,High Winds,435
B007659,2026-03-09,V023,triples,T0178,T0119,3,3,T0178,T0119,home,13,77.8,0,Windy,1249
B007660,2025-07-01,V022,doubles,T0119,T0100,2,2,T0119,T0100,home,14,251.52,0,Windy,1060
B007661,2025-05-08,V016,doubles,T0066,T0037,2,2,T0066,T0037,home,11,41.12,0,Clear,177
B007662,2026-01-02,V001,doubles,T0140,T0139,2,2,T0139,T0140,away,9,640.54,0,Breezy,834
B007663,2024-09-03,V019,doubles,T0057,T0117,2,2,T0057,T0117,home,9,69.04,0,Harsh Sun,968
B007664,2025-08-30,V022,doubles,T0134,T0001,2,2,T0001,T0134,away,13,145.71,0,Windy,931
B007665,2024-08-18,V020,triples,T0122,T0004,3,3,T0004,T0122,away,15,59.43,1,Harsh Sun,1569
B007666,2025-09-10,V043,doubles,T0027,T0129,2,2,T0129,T0027,away,11,365.9,0,Odd Aura,1297
B007667,2024-09-05,V016,singles,T0131,T0150,1,1,T0131,T0150,home,11,37.56,0,Clear,201
B007668,2024-09-05,V020,triples,T0016,T0029,3,3,T0016,T0029,home,15,444.03,0,Harsh Sun,1925
B007669,2025-06-22,V003,singles,T0169,T0093,1,1,T0093,T0169,away,10,24.32,0,Breezy,634
B007670,2025-10-20,V046,doubles,T0083,T0095,2,2,T0095,T0083,away,11,5.86,0,Sandstorm,427
B007671,2025-12-14,V002,doubles,T0130,T0058,2,2,T0130,T0058,home,24,365.98,1,Breezy,1046
B007672,2024-05-27,V053,doubles,T0045,T0056,2,2,T0045,T0056,home,12,291.73,0,Rain,499
B007673,2025-08-06,V011,singles,T0084,T0009,1,1,T0084,T0009,home,13,189.82,0,Thunderstorm,192
B007674,2025-11-24,V011,doubles,T0087,T0004,2,2,T0004,T0087,away,14,46.63,0,Thunderstorm,181
B007675,2024-07-03,V011,triples,T0132,T0138,3,3,T0138,T0132,away,17,103.87,0,Thunderstorm,169
B007676,2025-07-05,V023,doubles,T0102,T0103,2,2,T0103,T0102,away,18,220.79,0,Windy,1179
B007677,2026-03-26,V004,doubles,T0134,T0019,2,2,T0134,T0019,home,17,261.09,1,Moonless,599
B007678,2025-04-28,V052,triples,T0029,T0069,3,3,T0069,T0029,away,12,420.15,0,Rain,837
B007679,2024-09-26,V048,triples,T0034,T0122,3,3,T0034,T0122,home,22,389.62,0,Sandstorm,2396
B007680,2024-07-07,V050,doubles,T0177,T0023,2,2,T0177,T0023,home,13,3.72,0,Overcast,264
B007681,2025-12-09,V010,triples,T0110,T0108,3,3,T0108,T0110,away,17,434.96,0,Thunderstorm,517
B007682,2024-09-19,V002,triples,T0024,T0138,3,3,T0024,T0138,home,14,135.59,0,Breezy,738
B007683,2025-07-23,V022,singles,T0164,T0080,1,1,T0080,T0164,away,7,145.95,0,Windy,682
B007684,2024-06-04,V030,singles,T0078,T0073,1,1,T0078,T0073,home,5,32.72,0,Sunny,902
B007685,2024-05-15,V018,triples,T0093,T0079,3,3,T0093,T0079,home,18,212.78,0,Clear,1520
B007686,2024-03-31,V043,doubles,T0001,T0055,2,2,T0055,T0001,away,10,80.89,0,Odd Aura,964
B007687,2024-04-25,V010,doubles,T0142,T0063,2,2,T0063,T0142,away,13,556.18,0,Thunderstorm,512
B007688,2025-03-12,V003,doubles,T0121,T0005,2,2,T0005,T0121,away,13,72.47,0,Breezy,389
B007689,2026-03-16,V002,doubles,T0135,T0079,2,2,T0079,T0135,away,13,60.75,0,Breezy,927
B007690,2025-07-03,V045,singles,T0066,T0159,1,1,T0066,T0159,home,7,23.3,0,Odd Aura,516
B007691,2025-08-25,V008,singles,T0025,T0070,1,1,T0025,T0070,home,6,111.72,0,High Winds,260
B007692,2024-11-17,V051,triples,T0025,T0093,3,3,T0025,T0093,home,14,187.14,0,Overcast,527
B007693,2024-10-18,V004,doubles,T0100,T0139,2,2,T0100,T0139,home,7,41.29,0,Moonless,757
B007694,2024-04-09,V044,singles,T0019,T0165,1,1,T0165,T0019,away,10,122.07,0,Odd Aura,1576
B007695,2024-10-15,V050,doubles,T0170,T0042,2,2,T0042,T0170,away,10,109.91,0,Overcast,203
B007696,2024-11-06,V048,singles,T0167,T0155,1,1,T0155,T0167,away,14,113.9,0,Sandstorm,2256
B007697,2025-01-29,V005,doubles,T0058,T0160,2,2,T0058,T0160,home,4,297.25,0,Moonless,952
B007698,2024-07-09,V052,singles,T0072,T0098,1,1,T0098,T0072,away,12,323.81,0,Rain,355
B007699,2024-12-12,V003,doubles,T0083,T0113,2,2,T0083,T0113,home,14,4.22,0,Breezy,472
B007700,2025-06-16,V016,doubles,T0003,T0159,2,2,T0003,T0159,home,22,64.17,1,Clear,239
B007701,2024-07-07,V003,singles,T0166,T0002,1,1,T0166,T0002,home,10,546.82,0,Breezy,557
B007702,2024-05-14,V053,doubles,T0137,T0056,2,2,T0137,T0056,home,19,89.72,1,Rain,409
B007703,2025-03-04,V040,doubles,T0158,T0029,2,2,T0158,T0029,home,8,156.0,0,Smog,281
B007704,2024-07-11,V039,singles,T0068,T0097,1,1,T0097,T0068,away,14,61.05,0,Clear,746
B007705,2024-04-05,V050,doubles,T0179,T0038,2,2,T0038,T0179,away,9,266.59,0,Overcast,155
B007706,2026-02-05,V045,singles,T0180,T0084,1,1,T0084,T0180,away,6,150.59,0,Odd Aura,487
B007707,2024-02-05,V033,singles,T0120,T0140,1,1,T0140,T0120,away,14,156.03,0,Dusty,2183
B007708,2025-04-28,V005,doubles,T0091,T0159,2,2,T0091,T0159,home,8,169.34,0,Moonless,947
B007709,2026-03-17,V006,singles,T0180,T0031,1,1,T0180,T0031,home,8,26.67,0,Moonless,478
B007710,2025-01-03,V006,triples,T0004,T0133,3,3,T0004,T0133,home,12,173.86,0,Moonless,538
B007711,2026-01-26,V049,doubles,T0122,T0153,2,2,T0153,T0122,away,19,233.89,1,Overcast,569
B007712,2026-03-13,V022,triples,T0054,T0168,3,3,T0054,T0168,home,11,158.73,0,Windy,920
B007713,2024-08-16,V017,singles,T0011,T0061,1,1,T0061,T0011,away,11,36.09,0,Clear,944
B007714,2025-02-02,V052,triples,T0168,T0019,3,3,T0168,T0019,home,20,321.74,0,Rain,493
B007715,2024-02-29,V028,singles,T0080,T0050,1,1,T0080,T0050,home,12,267.44,0,Sunny,995
B007716,2026-02-25,V039,doubles,T0013,T0164,2,2,T0013,T0164,home,18,305.37,0,Clear,539
B007717,2024-01-17,V013,triples,T0006,T0107,3,3,T0006,T0107,home,15,110.18,0,Glittering,1722
B007718,2025-04-12,V025,doubles,T0082,T0014,2,2,T0082,T0014,home,8,165.8,0,Fog,1055
B007719,2024-05-12,V053,triples,T0083,T0065,3,3,T0065,T0083,away,9,320.64,0,Rain,316
B007720,2025-08-30,V023,singles,T0009,T0021,1,1,T0009,T0021,home,12,27.38,0,Windy,1265
B007721,2024-10-25,V052,doubles,T0028,T0074,2,2,T0028,T0074,home,11,804.55,0,Rain,719
B007722,2025-02-22,V025,doubles,T0173,T0062,2,1,T0173,T0062,home,14,568.01,0,Fog,1207
B007723,2024-03-06,V025,doubles,T0085,T0037,2,3,T0037,T0085,away,22,911.31,1,Fog,1282
B007724,2024-11-25,V004,singles,T0111,T0119,1,1,T0111,T0119,home,11,3.68,0,Moonless,810
B007725,2024-12-02,V008,doubles,T0067,T0028,2,2,T0028,T0067,away,11,227.09,0,High Winds,346
B007726,2025-07-07,V006,triples,T0004,T0174,3,3,T0174,T0004,away,14,478.29,0,Moonless,450
B007727,2024-09-30,V015,singles,T0006,T0083,1,1,T0006,T0083,home,8,216.32,0,Glittering,194
B007728,2025-06-29,V051,doubles,T0159,T0136,2,2,T0159,T0136,home,11,48.82,0,Overcast,444
B007729,2024-05-12,V034,triples,T0092,T0041,3,3,T0041,T0092,away,14,262.45,0,Hail,1478
B007730,2025-01-29,V010,singles,T0030,T0052,1,1,T0030,T0052,home,9,13.06,0,Thunderstorm,511
B007731,2025-03-10,V047,singles,T0139,T0032,1,1,T0139,T0032,home,13,250.56,0,Sandstorm,397
B007732,2025-11-19,V016,doubles,T0113,T0120,2,2,T0113,T0120,home,11,398.26,0,Clear,179
B007733,2025-07-13,V010,singles,T0176,T0016,1,1,T0176,T0016,home,12,157.4,0,Thunderstorm,511
B007734,2024-06-15,V049,doubles,T0065,T0115,2,2,T0065,T0115,home,14,124.71,0,Overcast,750
B007735,2025-02-25,V050,doubles,T0056,T0093,2,2,T0093,T0056,away,15,145.03,0,Overcast,171
B007736,2024-02-06,V009,doubles,T0006,T0037,2,2,T0037,T0006,away,9,320.02,0,High Winds,1758
B007737,2025-08-04,V002,singles,T0144,T0139,1,1,T0144,T0139,home,8,161.38,0,Breezy,871
B007738,2025-06-09,V054,triples,T0026,T0012,3,3,T0012,T0026,away,24,505.74,1,Rain,498
B007739,2024-06-09,V051,doubles,T0128,T0129,2,2,T0128,T0129,home,9,9.13,0,Overcast,517
B007740,2025-03-08,V051,doubles,T0007,T0080,2,2,T0080,T0007,away,13,346.89,0,Overcast,521
B007741,2024-03-21,V002,triples,T0032,T0151,3,3,T0032,T0151,home,19,97.33,0,Breezy,801
B007742,2024-07-11,V034,triples,T0046,T0164,3,3,T0046,T0164,home,14,76.45,0,Hail,1748
B007743,2025-11-20,V039,singles,T0145,T0003,1,1,T0003,T0145,away,9,156.99,0,Clear,685
B007744,2025-04-25,V051,triples,T0002,T0177,3,3,T0177,T0002,away,16,0.14,0,Overcast,303
B007745,2024-12-30,V016,singles,T0131,T0001,1,1,T0131,T0001,home,6,135.74,0,Clear,204
B007746,2025-09-21,V023,triples,T0067,T0101,3,3,T0067,T0101,home,21,253.08,1,Windy,1265
B007747,2024-04-16,V017,singles,T0079,T0025,1,1,T0079,T0025,home,9,232.73,0,Clear,739
B007748,2024-10-27,V006,doubles,T0026,T0027,2,2,T0027,T0026,away,15,101.25,1,Moonless,262
B007749,2025-08-08,V052,doubles,T0030,T0072,2,2,T0030,T0072,home,11,346.45,0,Rain,534
B007750,2026-01-12,V010,doubles,T0139,T0020,2,2,T0139,T0020,home,11,150.94,0,Thunderstorm,484
B007751,2024-08-31,V004,singles,T0036,T0130,1,1,T0130,T0036,away,7,126.18,0,Moonless,729
B007752,2025-12-02,V042,triples,T0070,T0001,3,3,T0001,T0070,away,20,359.26,0,Smog,482
B007753,2025-04-11,V038,singles,T0045,T0112,1,1,T0045,T0112,home,6,124.34,0,Clear,757
B007754,2025-12-08,V030,doubles,T0032,T0033,2,2,T0032,T0033,home,10,563.44,0,Sunny,628
B007755,2024-10-01,V053,doubles,T0047,T0102,2,2,T0102,T0047,away,19,485.43,0,Rain,510
B007756,2024-09-29,V020,doubles,T0172,T0125,2,2,T0125,T0172,away,12,83.34,0,Harsh Sun,1909
B007757,2025-11-09,V041,singles,T0156,T0116,1,1,T0116,T0156,away,8,153.99,0,Smog,780
B007758,2025-05-04,V015,doubles,T0175,T0163,2,2,T0175,T0163,home,14,83.9,0,Glittering,133
B007759,2025-01-30,V047,singles,T0052,T0051,1,1,T0051,T0052,away,4,11.67,0,Sandstorm,424
B007760,2025-10-19,V017,singles,T0075,T0027,1,1,T0027,T0075,away,5,230.29,0,Clear,570
B007761,2025-01-17,V030,doubles,T0157,T0096,2,1,T0157,T0096,home,13,795.12,0,Sunny,792
B007762,2025-10-20,V008,doubles,T0018,T0007,2,2,T0007,T0018,away,11,111.44,0,High Winds,274
B007763,2025-04-22,V005,triples,T0138,T0151,3,3,T0151,T0138,away,16,645.46,0,Moonless,1130
B007764,2024-08-09,V009,doubles,T0105,T0040,2,2,T0040,T0105,away,13,306.25,0,High Winds,2190
B007765,2024-09-09,V005,singles,T0068,T0108,1,1,T0108,T0068,away,13,19.88,0,Moonless,1110
B007766,2026-01-04,V013,singles,T0027,T0137,1,1,T0137,T0027,away,8,128.57,0,Glittering,1572
B007767,2025-01-11,V001,triples,T0168,T0108,3,3,T0108,T0168,away,10,136.69,0,Breezy,711
B007768,2025-10-30,V033,triples,T0084,T0020,3,3,T0020,T0084,away,7,369.41,0,Dusty,1567
B007769,2025-04-13,V031,doubles,T0008,T0059,2,2,T0059,T0008,away,14,3.03,0,Dusty,468
B007770,2024-10-08,V041,singles,T0105,T0082,1,1,T0082,T0105,away,7,207.53,0,Smog,724
B007771,2024-11-05,V012,singles,T0059,T0143,1,1,T0143,T0059,away,10,170.79,0,Thunderstorm,1020
B007772,2024-11-23,V021,singles,T0178,T0094,1,1,T0178,T0094,home,7,176.46,0,Harsh Sun,259
B007773,2024-09-24,V035,singles,T0166,T0029,1,1,T0166,T0029,home,6,71.49,0,Hail,381
B007774,2025-11-18,V028,doubles,T0076,T0003,2,2,T0003,T0076,away,8,87.9,0,Sunny,850
B007775,2025-07-31,V033,singles,T0146,T0122,1,1,T0122,T0146,away,9,61.61,0,Dusty,1770
B007776,2025-10-13,V008,singles,T0147,T0179,1,1,T0179,T0147,away,11,13.78,0,High Winds,302
B007777,2025-04-11,V049,doubles,T0105,T0084,2,2,T0105,T0084,home,10,190.79,0,Overcast,637
B007778,2025-12-08,V049,doubles,T0170,T0091,2,2,T0091,T0170,away,14,1.76,0,Overcast,641
B007779,2025-11-05,V054,doubles,T0083,T0168,2,2,T0168,T0083,away,22,135.71,1,Rain,499
B007780,2025-05-18,V032,singles,T0093,T0090,1,1,T0090,T0093,away,6,14.4,0,Dusty,1093
B007781,2024-09-28,V014,doubles,T0128,T0164,2,2,T0128,T0164,home,16,311.31,0,Glittering,1136
B007782,2024-04-28,V006,triples,T0143,T0168,3,3,T0143,T0168,home,12,98.9,0,Moonless,397
B007783,2026-01-21,V034,triples,T0102,T0123,3,3,T0102,T0123,home,16,119.42,0,Hail,1694
B007784,2024-09-23,V030,singles,T0159,T0088,1,1,T0159,T0088,home,7,37.92,0,Sunny,576
B007785,2024-06-09,V002,triples,T0083,T0144,3,3,T0144,T0083,away,13,17.53,0,Breezy,847
B007786,2025-06-01,V043,triples,T0123,T0042,3,3,T0123,T0042,home,21,284.8,1,Odd Aura,906
B007787,2025-07-24,V042,doubles,T0064,T0127,2,2,T0127,T0064,away,9,365.76,0,Smog,684
B007788,2025-06-11,V033,triples,T0087,T0111,3,3,T0111,T0087,away,16,218.96,0,Dusty,1813
B007789,2024-10-16,V025,singles,T0072,T0034,1,1,T0034,T0072,away,13,353.55,0,Fog,1222
B007790,2024-12-31,V042,doubles,T0074,T0169,2,2,T0169,T0074,away,9,54.9,0,Smog,580
B007791,2025-01-25,V002,singles,T0097,T0025,1,1,T0025,T0097,away,4,41.46,0,Breezy,979
B007792,2025-08-06,V008,doubles,T0161,T0015,2,2,T0161,T0015,home,12,158.73,0,High Winds,312
B007793,2024-11-26,V014,doubles,T0070,T0052,2,2,T0070,T0052,home,20,79.28,1,Glittering,1566
B007794,2024-10-11,V010,singles,T0107,T0128,1,1,T0107,T0128,home,6,137.87,0,Thunderstorm,405
B007795,2024-05-14,V027,triples,T0049,T0033,3,3,T0049,T0033,home,16,147.97,0,Fog,756
B007796,2024-04-04,V028,singles,T0009,T0159,1,1,T0159,T0009,away,13,70.94,0,Sunny,1080
B007797,2025-09-26,V018,singles,T0073,T0029,1,1,T0029,T0073,away,7,0.27,0,Clear,1541
B007798,2026-01-01,V047,doubles,T0165,T0026,2,2,T0026,T0165,away,16,56.13,0,Sandstorm,471
B007799,2025-08-04,V023,singles,T0106,T0102,1,1,T0102,T0106,away,8,4.65,0,Windy,1396
B007800,2024-11-24,V007,doubles,T0116,T0044,2,2,T0116,T0044,home,11,136.56,0,High Winds,1715
B007801,2024-10-16,V049,doubles,T0008,T0146,2,2,T0008,T0146,home,13,305.01,0,Overcast,903
B007802,2024-12-31,V034,singles,T0026,T0124,1,1,T0124,T0026,away,14,80.73,0,Hail,1237
B007803,2024-12-21,V030,doubles,T0032,T0086,2,2,T0086,T0032,away,8,199.35,0,Sunny,862
B007804,2024-12-24,V023,singles,T0003,T0137,1,1,T0137,T0003,away,17,95.24,0,Windy,1061
B007805,2025-08-03,V002,doubles,T0004,T0018,2,3,T0018,T0004,away,6,526.4,0,Breezy,1088
B007806,2025-02-11,V042,singles,T0061,T0051,1,1,T0051,T0061,away,12,103.74,0,Smog,682
B007807,2025-09-29,V024,doubles,T0136,T0103,2,2,T0103,T0136,away,7,376.93,0,Windy,1069
B007808,2025-07-19,V021,triples,T0040,T0030,3,3,T0030,T0040,away,23,281.01,1,Harsh Sun,198
B007809,2024-05-02,V033,singles,T0059,T0132,1,1,T0059,T0132,home,8,165.93,0,Dusty,1669
B007810,2025-04-25,V033,singles,T0056,T0079,1,1,T0079,T0056,away,9,111.92,0,Dusty,1539
B007811,2024-01-12,V010,triples,T0176,T0074,3,3,T0176,T0074,home,16,291.9,0,Thunderstorm,486
B007812,2026-03-23,V050,doubles,T0100,T0009,2,2,T0100,T0009,home,8,232.64,0,Overcast,178
B007813,2025-09-19,V034,doubles,T0107,T0067,2,2,T0067,T0107,away,10,24.6,0,Hail,988
B007814,2025-10-14,V017,singles,T0144,T0159,1,1,T0144,T0159,home,8,15.23,0,Clear,948
B007815,2025-12-30,V024,triples,T0136,T0070,3,3,T0136,T0070,home,12,452.64,0,Windy,992
B007816,2025-05-13,V041,triples,T0164,T0044,3,3,T0044,T0164,away,13,12.77,0,Smog,598
B007817,2025-08-26,V036,doubles,T0050,T0140,2,2,T0140,T0050,away,4,22.16,0,Hail,544
B007818,2026-03-21,V033,triples,T0050,T0064,3,3,T0050,T0064,home,16,397.3,0,Dusty,1948
B007819,2024-08-15,V028,singles,T0037,T0079,1,1,T0037,T0079,home,9,82.06,0,Sunny,1009
B007820,2025-05-12,V051,singles,T0005,T0057,1,1,T0005,T0057,home,15,36.1,0,Overcast,501
B007821,2025-01-01,V036,doubles,T0079,T0083,2,2,T0079,T0083,home,11,328.96,0,Hail,565
B007822,2024-03-05,V004,singles,T0056,T0125,1,1,T0125,T0056,away,6,52.79,0,Moonless,931
B007823,2025-11-25,V054,doubles,T0010,T0005,2,2,T0005,T0010,away,13,248.42,0,Rain,585
B007824,2024-04-24,V054,doubles,T0093,T0065,2,2,T0093,T0065,home,17,135.15,0,Rain,421
B007825,2025-11-26,V009,doubles,T0028,T0079,2,2,T0028,T0079,home,9,277.85,0,High Winds,1705
B007826,2024-12-13,V044,singles,T0178,T0015,1,1,T0178,T0015,home,11,283.73,0,Odd Aura,1659
B007827,2024-05-23,V044,singles,T0138,T0083,1,1,T0083,T0138,away,4,159.73,0,Odd Aura,1583
B007828,2024-01-11,V023,triples,T0083,T0023,3,3,T0083,T0023,home,18,327.86,0,Windy,1148
B007829,2025-09-29,V012,triples,T0053,T0121,3,3,T0121,T0053,away,24,10.03,0,Thunderstorm,946
B007830,2024-06-24,V019,doubles,T0068,T0083,2,2,T0083,T0068,away,16,211.53,0,Harsh Sun,969
B007831,2025-09-13,V047,singles,T0060,T0015,1,1,T0060,T0015,home,14,42.8,0,Sandstorm,361
B007832,2025-06-04,V001,singles,T0179,T0083,1,1,T0083,T0179,away,7,275.02,0,Breezy,672
B007833,2026-01-29,V014,doubles,T0133,T0070,2,2,T0133,T0070,home,11,179.02,0,Glittering,1792
B007834,2025-04-22,V003,singles,T0089,T0036,1,1,T0089,T0036,home,9,61.41,0,Breezy,514
B007835,2024-05-13,V018,triples,T0150,T0173,3,3,T0150,T0173,home,20,431.7,0,Clear,1261
B007836,2024-11-25,V006,singles,T0059,T0081,1,1,T0081,T0059,away,9,5.03,0,Moonless,476
B007837,2024-07-24,V004,singles,T0004,T0161,1,1,T0161,T0004,away,16,105.22,0,Moonless,488
B007838,2025-01-11,V009,doubles,T0072,T0088,2,2,T0088,T0072,away,17,220.37,1,High Winds,1820
B007839,2024-10-19,V006,singles,T0143,T0136,1,1,T0136,T0143,away,13,139.9,0,Moonless,443
B007840,2024-10-04,V052,singles,T0126,T0022,1,1,T0022,T0126,away,10,141.64,0,Rain,575
B007841,2024-10-07,V038,doubles,T0154,T0039,2,2,T0039,T0154,away,14,204.58,1,Clear,849
B007842,2024-12-13,V017,singles,T0077,T0009,1,1,T0077,T0009,home,15,6.16,0,Clear,778
B007843,2025-05-24,V036,singles,T0018,T0069,1,1,T0018,T0069,home,9,212.45,0,Hail,600
B007844,2026-02-25,V002,singles,T0052,T0092,1,1,T0052,T0092,home,11,268.95,0,Breezy,1472
B007845,2025-11-09,V019,singles,T0105,T0149,1,1,T0105,T0149,home,9,131.72,0,Harsh Sun,1008
B007846,2025-03-21,V012,triples,T0102,T0174,3,3,T0102,T0174,home,14,98.94,0,Thunderstorm,893
B007847,2025-06-17,V052,doubles,T0145,T0108,2,2,T0145,T0108,home,10,107.24,0,Rain,817
B007848,2024-03-01,V044,doubles,T0082,T0151,2,2,T0151,T0082,away,12,168.39,0,Odd Aura,1582
B007849,2025-04-24,V029,triples,T0140,T0048,3,3,T0048,T0140,away,13,289.96,0,Sunny,420
B007850,2024-02-10,V038,doubles,T0179,T0082,2,2,T0179,T0082,home,13,164.47,0,Clear,670
B007851,2024-11-04,V014,doubles,T0050,T0025,2,2,T0025,T0050,away,15,165.42,0,Glittering,1613
B007852,2024-11-13,V051,doubles,T0023,T0027,2,2,T0023,T0027,home,7,103.04,0,Overcast,485
B007853,2026-03-15,V032,singles,T0053,T0005,1,1,T0005,T0053,away,9,252.02,0,Dusty,1246
B007854,2024-06-14,V011,triples,T0087,T0178,3,3,T0087,T0178,home,13,115.7,0,Thunderstorm,166
B007855,2024-03-08,V018,doubles,T0102,T0145,2,2,T0102,T0145,home,16,494.03,0,Clear,1416
B007856,2024-09-14,V053,doubles,T0053,T0023,2,2,T0053,T0023,home,10,152.65,0,Rain,479
B007857,2024-09-12,V041,singles,T0168,T0031,1,1,T0168,T0031,home,13,22.65,0,Smog,908
B007858,2026-03-28,V010,singles,T0176,T0130,1,1,T0130,T0176,away,9,441.61,0,Thunderstorm,502
B007859,2026-02-20,V004,doubles,T0029,T0111,2,2,T0111,T0029,away,15,123.59,0,Moonless,589
B007860,2025-04-25,V040,triples,T0115,T0147,3,3,T0147,T0115,away,17,385.3,1,Smog,212
B007861,2025-12-25,V035,doubles,T0107,T0011,2,2,T0011,T0107,away,15,32.17,0,Hail,281
B007862,2026-01-30,V047,singles,T0076,T0159,1,1,T0159,T0076,away,11,37.56,0,Sandstorm,343
B007863,2025-08-16,V046,singles,T0139,T0063,1,1,T0139,T0063,home,8,53.99,0,Sandstorm,547
B007864,2025-07-29,V030,doubles,T0032,T0016,2,2,T0032,T0016,home,14,109.64,0,Sunny,684
B007865,2024-01-03,V049,doubles,T0026,T0092,2,2,T0092,T0026,away,15,46.89,1,Overcast,785
B007866,2025-10-10,V043,singles,T0041,T0047,1,1,T0041,T0047,home,10,349.48,0,Odd Aura,1125
B007867,2024-06-01,V004,singles,T0026,T0164,1,1,T0026,T0164,home,12,36.65,0,Moonless,624
B007868,2025-02-28,V035,doubles,T0084,T0139,2,2,T0139,T0084,away,6,300.82,0,Hail,363
B007869,2026-01-02,V017,singles,T0032,T0116,1,1,T0032,T0116,home,8,293.81,0,Clear,671
B007870,2024-07-04,V013,triples,T0180,T0092,3,3,T0180,T0092,home,20,293.89,0,Glittering,2116
B007871,2026-03-25,V007,singles,T0050,T0109,1,1,T0050,T0109,home,6,51.52,0,High Winds,1390
B007872,2024-11-17,V001,doubles,T0048,T0140,2,2,T0048,T0140,home,12,351.26,0,Breezy,670
B007873,2024-04-19,V025,singles,T0004,T0173,1,1,T0004,T0173,home,10,136.24,0,Fog,1118
B007874,2024-05-01,V038,doubles,T0109,T0022,2,2,T0109,T0022,home,14,364.02,1,Clear,927
B007875,2025-09-03,V016,doubles,T0124,T0016,2,2,T0016,T0124,away,13,157.21,0,Clear,188
B007876,2025-10-11,V019,triples,T0099,T0010,3,3,T0010,T0099,away,14,63.87,0,Harsh Sun,972
B007877,2024-01-22,V046,triples,T0119,T0011,3,3,T0119,T0011,home,23,464.08,1,Sandstorm,569
B007878,2025-04-14,V030,triples,T0144,T0172,3,3,T0144,T0172,home,16,455.15,0,Sunny,651
B007879,2024-01-05,V026,doubles,T0004,T0017,2,2,T0004,T0017,home,12,39.97,0,Fog,402
B007880,2024-07-10,V048,singles,T0112,T0140,1,1,T0112,T0140,home,9,18.04,0,Sandstorm,2102
B007881,2024-04-20,V021,doubles,T0121,T0066,2,2,T0066,T0121,away,10,305.15,0,Harsh Sun,279
B007882,2025-07-23,V038,singles,T0090,T0003,1,1,T0090,T0003,home,13,193.95,0,Clear,879
B007883,2025-11-03,V044,doubles,T0025,T0027,2,2,T0025,T0027,home,12,114.84,0,Odd Aura,1777
B007884,2024-04-30,V014,singles,T0091,T0079,1,1,T0091,T0079,home,12,270.48,0,Glittering,1538
B007885,2024-09-24,V033,singles,T0169,T0176,1,1,T0169,T0176,home,11,227.2,0,Dusty,1305
B007886,2024-08-23,V012,triples,T0159,T0126,3,3,T0126,T0159,away,19,587.08,0,Thunderstorm,1033
B007887,2024-04-02,V010,doubles,T0137,T0171,2,2,T0171,T0137,away,5,184.82,0,Thunderstorm,497
B007888,2024-12-01,V048,singles,T0119,T0041,1,1,T0119,T0041,home,10,76.44,0,Sandstorm,2030
B007889,2025-02-14,V036,singles,T0050,T0092,1,1,T0050,T0092,home,11,147.22,0,Hail,830
B007890,2025-01-14,V046,singles,T0168,T0002,1,1,T0002,T0168,away,12,245.97,0,Sandstorm,464
B007891,2024-01-12,V046,triples,T0178,T0003,3,3,T0178,T0003,home,12,283.33,0,Sandstorm,480
B007892,2026-03-09,V034,singles,T0068,T0099,1,1,T0099,T0068,away,5,105.65,0,Hail,1441
B007893,2026-02-06,V048,triples,T0065,T0027,3,3,T0027,T0065,away,24,167.41,1,Sandstorm,1996
B007894,2025-12-09,V053,singles,T0117,T0001,1,1,T0117,T0001,home,5,296.43,0,Rain,459
B007895,2025-01-16,V040,triples,T0163,T0059,3,3,T0163,T0059,home,14,162.53,0,Smog,244
B007896,2024-02-11,V005,singles,T0100,T0130,1,1,T0130,T0100,away,10,252.67,0,Moonless,1128
B007897,2024-11-27,V037,doubles,T0159,T0046,2,2,T0159,T0046,home,11,259.4,0,Clear,1148
B007898,2025-05-31,V003,singles,T0057,T0042,1,1,T0057,T0042,home,4,189.34,0,Breezy,547
B007899,2024-01-09,V021,doubles,T0066,T0073,2,2,T0066,T0073,home,12,349.36,0,Harsh Sun,249
B007900,2024-04-13,V010,doubles,T0002,T0064,2,3,T0002,T0064,home,15,158.43,0,Thunderstorm,529
B007901,2025-10-16,V042,singles,T0148,T0072,1,1,T0148,T0072,home,9,219.67,0,Smog,638
B007902,2025-02-19,V028,doubles,T0126,T0014,2,2,T0126,T0014,home,11,723.83,0,Sunny,779
B007903,2024-12-02,V015,doubles,T0109,T0022,2,2,T0022,T0109,away,13,227.7,0,Glittering,152
B007904,2025-06-21,V038,doubles,T0119,T0161,2,2,T0161,T0119,away,6,96.72,0,Clear,809
B007905,2024-05-14,V039,singles,T0068,T0097,1,1,T0097,T0068,away,12,155.85,0,Clear,465
B007906,2024-05-15,V012,singles,T0048,T0040,1,1,T0048,T0040,home,4,42.9,0,Thunderstorm,998
B007907,2026-02-09,V018,singles,T0028,T0106,1,1,T0028,T0106,home,9,132.45,0,Clear,1157
B007908,2025-04-10,V039,doubles,T0125,T0105,2,2,T0105,T0125,away,11,137.68,0,Clear,750
B007909,2026-02-07,V035,doubles,T0099,T0081,2,2,T0099,T0081,home,13,522.09,0,Hail,277
B007910,2025-01-08,V020,doubles,T0007,T0069,2,2,T0007,T0069,home,10,214.15,0,Harsh Sun,2034
B007911,2025-04-06,V046,singles,T0168,T0123,1,1,T0168,T0123,home,12,102.94,0,Sandstorm,484
B007912,2025-07-15,V053,doubles,T0156,T0080,2,2,T0156,T0080,home,12,248.77,0,Rain,469
B007913,2024-10-29,V054,triples,T0113,T0101,3,3,T0113,T0101,home,22,316.21,0,Rain,543
B007914,2024-01-30,V014,singles,T0168,T0115,1,1,T0115,T0168,away,7,86.06,0,Glittering,1863
B007915,2024-01-03,V033,doubles,T0173,T0116,2,2,T0116,T0173,away,16,239.88,1,Dusty,1624
B007916,2025-06-27,V012,singles,T0141,T0053,1,1,T0141,T0053,home,9,171.8,0,Thunderstorm,993
B007917,2025-02-13,V003,singles,T0085,T0086,1,1,T0086,T0085,away,8,72.29,0,Breezy,578
B007918,2024-06-15,V043,doubles,T0041,T0071,2,2,T0041,T0071,home,11,245.52,0,Odd Aura,577
B007919,2025-10-28,V054,triples,T0087,T0081,3,3,T0087,T0081,home,11,475.37,0,Rain,354
B007920,2025-01-26,V037,singles,T0060,T0100,1,1,T0060,T0100,home,9,47.94,0,Clear,935
B007921,2024-12-08,V027,doubles,T0163,T0177,2,2,T0163,T0177,home,10,133.82,0,Fog,796
B007922,2026-02-05,V020,triples,T0155,T0151,3,3,T0155,T0151,home,17,421.34,0,Harsh Sun,1538
B007923,2026-03-28,V008,doubles,T0011,T0003,2,2,T0011,T0003,home,13,142.43,0,High Winds,360
B007924,2024-06-07,V034,doubles,T0173,T0074,2,2,T0074,T0173,away,4,143.19,0,Hail,1614
B007925,2024-05-08,V046,doubles,T0084,T0138,2,2,T0084,T0138,home,9,427.12,0,Sandstorm,617
B007926,2024-05-23,V036,singles,T0089,T0059,1,1,T0089,T0059,home,10,93.46,0,Hail,861
B007927,2024-03-19,V020,singles,T0078,T0116,1,1,T0078,T0116,home,11,274.06,0,Harsh Sun,1838
B007928,2026-03-18,V039,triples,T0178,T0102,3,3,T0102,T0178,away,18,33.34,0,Clear,360
B007929,2026-01-17,V007,singles,T0048,T0121,1,1,T0121,T0048,away,8,186.99,0,High Winds,1195
B007930,2024-06-09,V015,singles,T0175,T0027,1,1,T0027,T0175,away,16,146.88,0,Glittering,138
B007931,2025-03-29,V032,triples,T0014,T0168,3,3,T0168,T0014,away,17,506.4,0,Dusty,1385
B007932,2024-07-30,V004,singles,T0069,T0008,1,1,T0069,T0008,home,8,139.47,0,Moonless,633
B007933,2024-02-21,V027,doubles,T0145,T0004,2,2,T0004,T0145,away,16,27.66,0,Fog,633
B007934,2024-08-20,V038,doubles,T0068,T0025,2,2,T0025,T0068,away,11,13.16,0,Clear,820
B007935,2024-11-14,V044,triples,T0101,T0073,3,3,T0073,T0101,away,13,322.21,0,Odd Aura,1342
B007936,2024-02-05,V023,singles,T0047,T0070,1,1,T0070,T0047,away,10,83.78,0,Windy,1233
B007937,2024-03-27,V017,singles,T0121,T0034,1,1,T0034,T0121,away,9,89.41,0,Clear,655
B007938,2024-10-21,V048,singles,T0143,T0088,1,1,T0088,T0143,away,7,241.36,0,Sandstorm,1883
B007939,2024-05-06,V036,triples,T0072,T0149,3,3,T0149,T0072,away,15,314.8,0,Hail,678
B007940,2024-12-23,V037,singles,T0040,T0009,1,1,T0040,T0009,home,8,209.0,0,Clear,1113
B007941,2024-01-31,V007,doubles,T0022,T0139,2,2,T0022,T0139,home,10,83.64,0,High Winds,1174
B007942,2024-12-10,V038,doubles,T0029,T0077,2,2,T0077,T0029,away,12,339.14,0,Clear,896
B007943,2025-12-28,V003,singles,T0080,T0045,1,1,T0045,T0080,away,12,58.39,0,Breezy,313
B007944,2024-03-02,V013,singles,T0039,T0036,1,1,T0036,T0039,away,8,50.72,0,Glittering,1400
B007945,2024-01-06,V024,singles,T0066,T0103,1,1,T0066,T0103,home,11,119.2,0,Windy,635
B007946,2024-03-27,V007,doubles,T0166,T0041,2,2,T0166,T0041,home,12,88.05,0,High Winds,1298
B007947,2026-02-27,V043,triples,T0107,T0059,3,3,T0107,T0059,home,18,248.82,0,Odd Aura,964
B007948,2024-03-16,V040,singles,T0026,T0111,1,1,T0111,T0026,away,6,172.15,0,Smog,227
B007949,2024-11-13,V002,triples,T0143,T0158,3,3,T0143,T0158,home,8,99.15,0,Breezy,898
B007950,2026-01-19,V013,triples,T0133,T0152,3,3,T0133,T0152,home,22,133.29,1,Glittering,1552
B007951,2025-04-17,V014,triples,T0117,T0066,3,3,T0117,T0066,home,23,178.96,1,Glittering,1666
B007952,2026-03-12,V052,singles,T0179,T0090,1,1,T0179,T0090,home,6,48.43,0,Rain,920
B007953,2024-03-21,V042,triples,T0106,T0147,3,3,T0106,T0147,home,18,9.0,0,Smog,689
B007954,2024-03-29,V006,doubles,T0093,T0166,2,2,T0093,T0166,home,10,166.15,0,Moonless,270
B007955,2024-11-27,V054,doubles,T0104,T0090,2,2,T0104,T0090,home,10,126.29,0,Rain,517
B007956,2024-08-28,V041,doubles,T0168,T0033,2,2,T0168,T0033,home,10,221.82,0,Smog,636
B007957,2025-06-01,V020,triples,T0139,T0082,3,3,T0139,T0082,home,9,335.41,0,Harsh Sun,1879
B007958,2025-03-21,V017,doubles,T0121,T0149,2,2,T0121,T0149,home,17,224.85,1,Clear,663
B007959,2024-01-15,V028,singles,T0056,T0112,1,1,T0112,T0056,away,5,0.23,0,Sunny,1049
B007960,2024-04-29,V023,doubles,T0067,T0080,2,2,T0067,T0080,home,11,365.21,0,Windy,1430
B007961,2025-08-11,V047,doubles,T0116,T0111,2,2,T0116,T0111,home,7,20.79,0,Sandstorm,411
B007962,2025-10-08,V020,doubles,T0177,T0172,2,2,T0177,T0172,home,9,122.82,0,Harsh Sun,1904
B007963,2024-06-08,V038,doubles,T0088,T0004,2,2,T0004,T0088,away,9,143.38,0,Clear,788
B007964,2026-03-31,V002,doubles,T0162,T0094,2,2,T0094,T0162,away,12,46.24,0,Breezy,919
B007965,2024-05-12,V014,singles,T0145,T0051,1,1,T0145,T0051,home,7,166.54,0,Glittering,1371
B007966,2024-03-20,V044,singles,T0069,T0152,1,1,T0152,T0069,away,12,20.14,0,Odd Aura,1662
B007967,2024-02-16,V039,triples,T0050,T0014,3,3,T0050,T0014,home,22,636.72,1,Clear,438
B007968,2026-01-11,V010,triples,T0115,T0046,3,3,T0115,T0046,home,16,45.78,0,Thunderstorm,364
B007969,2024-06-07,V022,singles,T0032,T0025,1,1,T0025,T0032,away,5,77.19,0,Windy,1161
B007970,2026-03-07,V010,doubles,T0100,T0039,2,2,T0100,T0039,home,21,80.39,1,Thunderstorm,464
B007971,2026-01-02,V008,singles,T0155,T0089,1,1,T0089,T0155,away,11,287.12,0,High Winds,271
B007972,2024-03-11,V035,triples,T0007,T0119,3,3,T0119,T0007,away,13,150.97,0,Hail,431
B007973,2024-07-16,V042,singles,T0051,T0100,1,1,T0051,T0100,home,8,86.13,0,Smog,624
B007974,2024-03-24,V008,doubles,T0178,T0102,2,3,T0102,T0178,away,11,856.55,0,High Winds,382
B007975,2025-04-06,V010,singles,T0143,T0081,1,1,T0081,T0143,away,7,11.99,0,Thunderstorm,614
B007976,2024-05-04,V043,singles,T0041,T0064,1,1,T0041,T0064,home,8,242.55,0,Odd Aura,1044
B007977,2025-11-09,V004,triples,T0118,T0068,3,3,T0118,T0068,home,9,174.91,0,Moonless,571
B007978,2025-11-08,V017,doubles,T0074,T0131,2,2,T0131,T0074,away,20,450.76,1,Clear,697
B007979,2024-06-21,V032,doubles,T0121,T0052,2,2,T0121,T0052,home,16,459.91,0,Dusty,1236
B007980,2026-02-03,V007,singles,T0156,T0065,1,1,T0156,T0065,home,9,298.62,0,High Winds,1068
B007981,2025-11-07,V017,triples,T0134,T0148,3,3,T0148,T0134,away,14,14.62,0,Clear,707
B007982,2025-03-27,V044,triples,T0024,T0103,3,3,T0103,T0024,away,12,169.01,0,Odd Aura,1705
B007983,2024-01-27,V007,singles,T0072,T0060,1,1,T0060,T0072,away,9,115.68,0,High Winds,1171
B007984,2025-12-16,V050,singles,T0125,T0055,1,1,T0055,T0125,away,13,186.1,0,Overcast,205
B007985,2025-01-16,V043,singles,T0032,T0017,1,1,T0032,T0017,home,7,185.49,0,Odd Aura,665
B007986,2024-11-07,V051,doubles,T0117,T0171,2,2,T0117,T0171,home,9,259.07,0,Overcast,518
B007987,2024-03-11,V050,doubles,T0067,T0052,2,2,T0067,T0052,home,8,136.5,0,Overcast,159
B007988,2025-04-03,V024,singles,T0094,T0121,1,1,T0094,T0121,home,10,64.75,0,Windy,626
B007989,2024-01-13,V002,doubles,T0179,T0113,2,2,T0113,T0179,away,15,360.56,0,Breezy,710
B007990,2024-12-01,V050,singles,T0055,T0130,1,1,T0130,T0055,away,7,103.92,0,Overcast,162
B007991,2025-12-06,V033,triples,T0084,T0107,3,3,T0107,T0084,away,18,33.15,1,Dusty,1622
B007992,2025-03-25,V026,doubles,T0142,T0076,2,2,T0076,T0142,away,15,273.42,1,Fog,537
B007993,2025-10-25,V050,triples,T0080,T0034,3,3,T0034,T0080,away,14,580.02,0,Overcast,182
B007994,2024-01-15,V021,doubles,T0175,T0113,2,2,T0175,T0113,home,15,82.22,0,Harsh Sun,207
B007995,2024-03-20,V022,singles,T0149,T0156,1,1,T0149,T0156,home,6,123.13,0,Windy,732
B007996,2026-02-05,V018,doubles,T0057,T0017,2,3,T0017,T0057,away,10,569.34,0,Clear,1613
B007997,2024-07-01,V051,triples,T0056,T0138,3,3,T0056,T0138,home,24,30.69,1,Overcast,488
B007998,2025-12-06,V019,triples,T0139,T0109,3,3,T0139,T0109,home,14,253.75,0,Harsh Sun,824
B007999,2025-07-04,V016,singles,T0099,T0148,1,1,T0099,T0148,home,12,23.49,0,Clear,196
B008000,2024-01-05,V019,doubles,T0120,T0129,2,2,T0129,T0120,away,16,203.65,1,Harsh Sun,880
B008001,2026-01-11,V044,singles,T0091,T0149,1,1,T0149,T0091,away,14,67.04,0,Odd Aura,1376
B008002,2025-03-24,V035,doubles,T0141,T0012,2,2,T0012,T0141,away,11,131.62,0,Hail,412
B008003,2026-02-02,V026,triples,T0126,T0166,3,3,T0126,T0166,home,18,443.86,1,Fog,866
B008004,2025-08-29,V025,triples,T0060,T0105,3,3,T0060,T0105,home,18,151.78,0,Fog,1179
B008005,2025-09-12,V047,singles,T0105,T0050,1,1,T0105,T0050,home,12,65.2,0,Sandstorm,441
B008006,2025-12-01,V006,singles,T0004,T0033,1,1,T0004,T0033,home,9,56.77,0,Moonless,375
B008007,2026-03-15,V053,singles,T0151,T0090,1,1,T0090,T0151,away,13,104.05,0,Rain,514
B008008,2025-07-14,V029,doubles,T0170,T0176,2,2,T0176,T0170,away,14,107.62,0,Sunny,494
B008009,2024-05-02,V047,singles,T0076,T0045,1,1,T0045,T0076,away,10,39.96,0,Sandstorm,487
B008010,2025-12-14,V036,doubles,T0146,T0036,2,2,T0036,T0146,away,16,474.74,0,Hail,676
B008011,2025-07-18,V036,doubles,T0068,T0119,2,2,T0119,T0068,away,13,88.98,0,Hail,804
B008012,2024-09-29,V021,singles,T0082,T0179,1,1,T0179,T0082,away,11,100.26,0,Harsh Sun,184
B008013,2025-09-02,V017,doubles,T0037,T0119,2,2,T0119,T0037,away,10,154.21,0,Clear,770
B008014,2024-04-19,V040,triples,T0023,T0093,3,3,T0093,T0023,away,17,185.98,0,Smog,232
B008015,2025-02-11,V037,triples,T0118,T0122,3,3,T0122,T0118,away,10,106.74,0,Clear,1140
B008016,2025-10-09,V017,singles,T0079,T0086,1,1,T0086,T0079,away,11,23.99,0,Clear,746
B008017,2024-11-11,V021,doubles,T0026,T0028,2,2,T0026,T0028,home,12,128.5,0,Harsh Sun,236
B008018,2024-08-04,V026,singles,T0014,T0016,1,1,T0016,T0014,away,12,76.41,0,Fog,611
B008019,2024-01-15,V045,singles,T0135,T0174,1,1,T0135,T0174,home,10,281.26,0,Odd Aura,483
B008020,2024-09-15,V008,doubles,T0052,T0032,2,2,T0052,T0032,home,8,31.25,0,High Winds,410
B008021,2024-06-19,V002,doubles,T0083,T0031,2,2,T0031,T0083,away,12,49.75,0,Breezy,886
B008022,2024-05-17,V001,singles,T0100,T0029,1,1,T0029,T0100,away,8,3.82,0,Breezy,740
B008023,2025-12-31,V043,singles,T0176,T0057,1,1,T0176,T0057,home,7,41.57,0,Odd Aura,1055
B008024,2025-09-08,V047,singles,T0113,T0051,1,1,T0051,T0113,away,4,176.45,0,Sandstorm,361
B008025,2025-01-25,V017,doubles,T0060,T0167,2,2,T0167,T0060,away,8,84.87,0,Clear,632
B008026,2024-10-15,V006,doubles,T0063,T0124,2,2,T0063,T0124,home,19,94.9,1,Moonless,510
B008027,2026-02-12,V022,singles,T0162,T0048,1,1,T0162,T0048,home,8,127.48,0,Windy,888
B008028,2024-10-31,V042,singles,T0018,T0007,1,1,T0018,T0007,home,8,22.61,0,Smog,552
B008029,2026-01-04,V051,doubles,T0113,T0021,2,2,T0113,T0021,home,14,32.64,0,Overcast,564
B008030,2025-07-01,V024,singles,T0123,T0057,1,1,T0123,T0057,home,10,366.49,0,Windy,1096
B008031,2024-07-17,V018,singles,T0108,T0172,1,1,T0108,T0172,home,8,264.59,0,Clear,1373
B008032,2024-12-31,V002,doubles,T0097,T0068,2,2,T0097,T0068,home,15,101.31,0,Breezy,925
B008033,2025-06-21,V015,doubles,T0175,T0144,2,2,T0144,T0175,away,11,389.44,0,Glittering,157
B008034,2025-11-16,V015,doubles,T0078,T0027,2,2,T0078,T0027,home,11,159.15,0,Glittering,123
B008035,2025-12-19,V041,singles,T0006,T0012,1,1,T0006,T0012,home,10,218.95,0,Smog,556
B008036,2025-06-23,V054,singles,T0053,T0177,1,1,T0053,T0177,home,8,122.81,0,Rain,490
B008037,2025-11-08,V038,doubles,T0136,T0038,2,2,T0136,T0038,home,13,442.04,0,Clear,767
B008038,2025-12-07,V038,singles,T0061,T0053,1,1,T0061,T0053,home,12,235.35,0,Clear,1196
B008039,2024-05-18,V034,doubles,T0076,T0040,2,2,T0040,T0076,away,15,354.86,0,Hail,1471
B008040,2025-05-06,V014,doubles,T0128,T0144,2,2,T0128,T0144,home,13,250.86,0,Glittering,1718
B008041,2025-11-22,V009,singles,T0117,T0173,1,1,T0117,T0173,home,10,45.22,0,High Winds,1496
B008042,2026-02-04,V049,singles,T0083,T0107,1,1,T0107,T0083,away,7,173.17,0,Overcast,610
B008043,2024-10-29,V051,singles,T0078,T0014,1,1,T0014,T0078,away,10,43.64,0,Overcast,559
B008044,2024-09-16,V010,triples,T0113,T0077,3,3,T0077,T0113,away,23,100.45,1,Thunderstorm,689
B008045,2025-11-09,V008,doubles,T0163,T0143,2,2,T0163,T0143,home,14,12.7,0,High Winds,283
B008046,2026-02-25,V034,singles,T0075,T0160,1,1,T0160,T0075,away,7,114.86,0,Hail,1653
B008047,2026-01-31,V017,singles,T0116,T0152,1,1,T0152,T0116,away,11,40.64,0,Clear,857
B008048,2025-06-09,V017,triples,T0042,T0141,3,3,T0141,T0042,away,19,419.83,0,Clear,621
B008049,2024-10-09,V043,doubles,T0130,T0054,2,2,T0130,T0054,home,12,138.64,0,Odd Aura,1154
B008050,2024-12-27,V002,singles,T0084,T0163,1,1,T0163,T0084,away,14,28.51,0,Breezy,1418
B008051,2025-10-29,V053,doubles,T0053,T0174,2,2,T0174,T0053,away,9,55.96,0,Rain,437
B008052,2024-04-22,V043,doubles,T0119,T0046,2,2,T0119,T0046,home,13,153.48,0,Odd Aura,1123
B008053,2025-10-27,V033,doubles,T0017,T0143,2,2,T0017,T0143,home,23,317.38,1,Dusty,1723
B008054,2025-04-30,V009,doubles,T0117,T0162,2,2,T0162,T0117,away,12,235.69,0,High Winds,2187
B008055,2025-11-04,V044,triples,T0118,T0055,3,3,T0055,T0118,away,18,135.92,1,Odd Aura,1459
B008056,2026-01-30,V033,singles,T0084,T0171,1,2,T0171,T0084,away,15,738.17,0,Dusty,1995
B008057,2024-02-08,V049,doubles,T0046,T0131,2,2,T0131,T0046,away,15,321.28,0,Overcast,673
B008058,2025-05-15,V040,doubles,T0146,T0044,2,3,T0044,T0146,away,15,285.09,0,Smog,213
B008059,2024-10-27,V030,doubles,T0078,T0180,2,2,T0078,T0180,home,11,56.69,0,Sunny,659
B008060,2026-02-24,V008,singles,T0121,T0108,1,1,T0121,T0108,home,6,21.82,0,High Winds,315
B008061,2026-03-20,V014,doubles,T0128,T0132,2,2,T0128,T0132,home,8,169.85,0,Glittering,1427
B008062,2025-01-21,V013,singles,T0073,T0038,1,1,T0038,T0073,away,9,85.61,0,Glittering,1650
B008063,2026-03-31,V039,singles,T0130,T0075,1,1,T0130,T0075,home,11,314.35,0,Clear,847
B008064,2025-10-04,V046,singles,T0047,T0166,1,1,T0166,T0047,away,14,334.9,0,Sandstorm,534
B008065,2025-09-25,V034,doubles,T0124,T0134,2,2,T0124,T0134,home,19,339.4,1,Hail,1095
B008066,2025-08-01,V005,triples,T0137,T0094,3,3,T0094,T0137,away,11,133.94,0,Moonless,1246
B008067,2026-01-13,V019,doubles,T0010,T0117,2,2,T0117,T0010,away,12,101.37,0,Harsh Sun,990
B008068,2024-11-05,V026,triples,T0083,T0135,3,3,T0135,T0083,away,9,299.31,0,Fog,614
B008069,2025-03-20,V024,singles,T0015,T0006,1,1,T0006,T0015,away,4,6.97,0,Windy,704
B008070,2025-07-14,V039,triples,T0131,T0126,3,3,T0131,T0126,home,23,27.04,1,Clear,629
B008071,2024-12-24,V022,triples,T0075,T0046,3,3,T0075,T0046,home,21,80.45,0,Windy,1145
B008072,2026-02-26,V032,triples,T0039,T0049,3,3,T0049,T0039,away,18,528.15,0,Dusty,1531
B008073,2025-02-09,V028,doubles,T0153,T0146,2,2,T0146,T0153,away,11,80.53,0,Sunny,923
B008074,2025-12-01,V015,triples,T0136,T0029,3,3,T0136,T0029,home,16,662.98,0,Glittering,137
B008075,2025-01-11,V035,singles,T0126,T0110,1,1,T0110,T0126,away,10,164.12,0,Hail,260
B008076,2024-02-12,V011,singles,T0070,T0098,1,1,T0070,T0098,home,10,297.52,0,Thunderstorm,154
B008077,2025-04-14,V005,doubles,T0062,T0092,2,2,T0062,T0092,home,21,99.76,1,Moonless,1108
B008078,2024-10-17,V004,doubles,T0060,T0092,2,2,T0060,T0092,home,13,266.54,0,Moonless,615
B008079,2024-08-12,V013,doubles,T0048,T0054,2,2,T0054,T0048,away,14,292.41,0,Glittering,1614
B008080,2025-02-10,V033,singles,T0063,T0020,1,1,T0063,T0020,home,11,266.78,0,Dusty,1499
B008081,2024-08-26,V004,doubles,T0149,T0025,2,2,T0025,T0149,away,15,101.18,0,Moonless,612
B008082,2025-12-12,V012,singles,T0030,T0021,1,1,T0021,T0030,away,9,58.65,0,Thunderstorm,822
B008083,2025-04-23,V042,singles,T0046,T0022,1,1,T0022,T0046,away,8,25.94,0,Smog,700
B008084,2025-05-17,V015,singles,T0174,T0073,1,1,T0073,T0174,away,9,29.31,0,Glittering,166
B008085,2026-01-08,V051,singles,T0048,T0167,1,2,T0167,T0048,away,11,347.44,0,Overcast,337
B008086,2025-11-22,V051,singles,T0110,T0088,1,1,T0088,T0110,away,6,90.29,0,Overcast,528
B008087,2026-02-26,V016,singles,T0064,T0046,1,1,T0064,T0046,home,8,95.91,0,Clear,205
B008088,2025-11-28,V051,singles,T0117,T0064,1,1,T0117,T0064,home,11,302.58,0,Overcast,465
B008089,2025-05-30,V007,triples,T0177,T0089,3,3,T0089,T0177,away,11,227.0,0,High Winds,1365
B008090,2024-08-17,V048,doubles,T0119,T0149,2,2,T0119,T0149,home,13,110.73,0,Sandstorm,2147
B008091,2024-07-03,V023,doubles,T0139,T0028,2,2,T0139,T0028,home,15,229.95,0,Windy,1583
B008092,2024-03-27,V001,singles,T0046,T0161,1,1,T0161,T0046,away,11,19.95,0,Breezy,686
B008093,2025-08-15,V006,doubles,T0013,T0064,2,2,T0013,T0064,home,11,46.74,0,Moonless,483
B008094,2026-01-14,V008,singles,T0006,T0063,1,1,T0006,T0063,home,4,299.06,0,High Winds,349
B008095,2025-01-19,V038,singles,T0105,T0156,1,1,T0156,T0105,away,13,47.45,0,Clear,1091
B008096,2024-09-11,V007,doubles,T0140,T0051,2,2,T0051,T0140,away,12,294.28,0,High Winds,1121
B008097,2024-08-27,V041,doubles,T0123,T0005,2,2,T0123,T0005,home,10,128.97,0,Smog,434
B008098,2024-09-12,V004,triples,T0068,T0029,3,3,T0029,T0068,away,16,9.86,0,Moonless,776
B008099,2024-06-05,V040,doubles,T0126,T0153,2,2,T0126,T0153,home,8,239.04,0,Smog,301
B008100,2026-02-26,V001,singles,T0053,T0029,1,1,T0053,T0029,home,15,106.52,0,Breezy,847
B008101,2026-02-21,V049,triples,T0125,T0013,3,3,T0013,T0125,away,16,194.19,0,Overcast,805
B008102,2025-07-03,V041,doubles,T0150,T0128,2,3,T0128,T0150,away,13,721.01,0,Smog,477
B008103,2024-05-09,V039,triples,T0070,T0136,3,3,T0136,T0070,away,22,347.33,0,Clear,716
B008104,2025-05-02,V027,triples,T0050,T0053,3,3,T0050,T0053,home,14,275.11,0,Fog,664
B008105,2024-10-31,V016,singles,T0047,T0067,1,1,T0047,T0067,home,9,11.57,0,Clear,212
B008106,2024-01-06,V053,singles,T0152,T0076,1,1,T0076,T0152,away,7,42.42,0,Rain,477
B008107,2024-08-03,V033,doubles,T0093,T0160,2,2,T0093,T0160,home,8,275.22,0,Dusty,1187
B008108,2025-09-26,V026,doubles,T0165,T0088,2,2,T0088,T0165,away,11,375.75,0,Fog,880
B008109,2024-07-07,V051,triples,T0079,T0135,3,3,T0079,T0135,home,13,112.47,0,Overcast,456
B008110,2024-10-23,V004,singles,T0087,T0028,1,1,T0087,T0028,home,7,56.68,0,Moonless,666
B008111,2024-12-02,V042,doubles,T0047,T0136,2,2,T0136,T0047,away,13,192.52,0,Smog,468
B008112,2026-01-27,V010,doubles,T0129,T0116,2,2,T0129,T0116,home,14,171.54,0,Thunderstorm,586
B008113,2024-08-14,V047,singles,T0096,T0074,1,1,T0096,T0074,home,13,353.16,0,Sandstorm,362
B008114,2026-03-20,V012,singles,T0135,T0179,1,1,T0135,T0179,home,7,103.46,0,Thunderstorm,986
B008115,2026-01-01,V017,singles,T0084,T0077,1,1,T0084,T0077,home,7,62.82,0,Clear,593
B008116,2025-08-03,V014,triples,T0128,T0004,3,3,T0128,T0004,home,13,502.68,0,Glittering,1288
B008117,2024-04-09,V004,singles,T0121,T0143,1,1,T0121,T0143,home,7,66.01,0,Moonless,950
B008118,2024-07-12,V032,triples,T0150,T0073,3,3,T0073,T0150,away,10,38.33,0,Dusty,1095
B008119,2025-06-13,V021,doubles,T0025,T0110,2,2,T0110,T0025,away,12,128.95,0,Harsh Sun,224
B008120,2025-11-13,V010,singles,T0176,T0117,1,1,T0176,T0117,home,11,206.21,0,Thunderstorm,488
B008121,2026-02-09,V052,singles,T0091,T0085,1,1,T0091,T0085,home,8,65.11,0,Rain,560
B008122,2024-02-04,V013,doubles,T0133,T0037,2,2,T0133,T0037,home,8,384.45,0,Glittering,1925
B008123,2024-05-17,V036,doubles,T0155,T0144,2,2,T0155,T0144,home,14,30.96,0,Hail,731
B008124,2024-04-22,V011,singles,T0123,T0118,1,1,T0123,T0118,home,10,129.4,0,Thunderstorm,181
B008125,2025-07-24,V027,singles,T0120,T0097,1,1,T0097,T0120,away,15,218.95,0,Fog,772
B008126,2024-10-11,V025,singles,T0121,T0137,1,1,T0121,T0137,home,6,226.78,0,Fog,1312
B008127,2025-04-03,V007,doubles,T0065,T0179,2,2,T0065,T0179,home,15,87.99,0,High Winds,1491
B008128,2025-09-08,V030,doubles,T0151,T0124,2,2,T0151,T0124,home,24,254.21,1,Sunny,718
B008129,2025-02-22,V051,singles,T0112,T0114,1,1,T0112,T0114,home,4,289.06,0,Overcast,252
B008130,2024-10-30,V005,doubles,T0143,T0133,2,3,T0133,T0143,away,17,302.43,1,Moonless,1229
B008131,2025-04-19,V028,singles,T0093,T0096,1,1,T0096,T0093,away,11,106.47,0,Sunny,909
B008132,2025-11-11,V044,singles,T0145,T0173,1,1,T0145,T0173,home,9,89.03,0,Odd Aura,1635
B008133,2024-06-25,V027,triples,T0112,T0056,3,3,T0112,T0056,home,19,399.86,0,Fog,691
B008134,2024-04-26,V028,triples,T0115,T0102,3,3,T0102,T0115,away,12,119.63,0,Sunny,846
B008135,2024-06-16,V022,singles,T0073,T0171,1,1,T0073,T0171,home,8,78.21,0,Windy,1185
B008136,2024-04-17,V032,doubles,T0171,T0179,2,1,T0171,T0179,home,6,712.19,0,Dusty,1205
B008137,2024-09-14,V009,singles,T0130,T0071,1,1,T0130,T0071,home,15,234.97,0,High Winds,1670
B008138,2025-08-17,V028,doubles,T0153,T0167,2,2,T0153,T0167,home,19,84.2,0,Sunny,883
B008139,2024-01-27,V046,singles,T0132,T0091,1,1,T0091,T0132,away,13,67.37,0,Sandstorm,540
B008140,2024-06-05,V001,doubles,T0049,T0088,2,2,T0049,T0088,home,13,130.14,0,Breezy,651
B008141,2025-06-23,V025,singles,T0107,T0134,1,1,T0134,T0107,away,9,84.86,0,Fog,1244
B008142,2025-07-17,V002,singles,T0083,T0095,1,1,T0083,T0095,home,11,194.6,0,Breezy,1164
B008143,2025-09-29,V014,doubles,T0128,T0130,2,2,T0130,T0128,away,15,44.56,0,Glittering,1451
B008144,2025-10-16,V008,doubles,T0049,T0006,2,2,T0006,T0049,away,14,113.74,0,High Winds,388
B008145,2024-04-21,V035,singles,T0005,T0071,1,1,T0005,T0071,home,12,211.92,0,Hail,439
B008146,2024-02-26,V032,doubles,T0019,T0027,2,2,T0027,T0019,away,7,219.79,0,Dusty,860
B008147,2025-02-23,V007,singles,T0044,T0140,1,2,T0140,T0044,away,11,451.83,0,High Winds,1183
B008148,2024-01-22,V027,doubles,T0050,T0135,2,2,T0050,T0135,home,12,76.54,0,Fog,730
B008149,2024-09-28,V018,singles,T0115,T0180,1,1,T0180,T0115,away,14,178.59,0,Clear,1459
B008150,2024-03-25,V014,doubles,T0093,T0170,2,2,T0170,T0093,away,23,145.7,1,Glittering,1516
B008151,2026-03-01,V028,triples,T0108,T0095,3,3,T0108,T0095,home,22,75.01,1,Sunny,806
B008152,2025-06-05,V049,triples,T0132,T0048,3,3,T0132,T0048,home,15,45.05,0,Overcast,795
B008153,2026-02-13,V001,triples,T0106,T0050,3,3,T0106,T0050,home,11,37.62,0,Breezy,634
B008154,2026-02-05,V010,singles,T0058,T0075,1,1,T0058,T0075,home,9,41.9,0,Thunderstorm,586
B008155,2025-08-23,V034,doubles,T0159,T0180,2,2,T0159,T0180,home,15,94.47,0,Hail,1661
B008156,2025-12-19,V021,doubles,T0088,T0046,2,2,T0088,T0046,home,10,0.99,0,Harsh Sun,259
B008157,2024-01-10,V002,doubles,T0083,T0070,2,2,T0083,T0070,home,17,65.91,0,Breezy,1034
B008158,2025-05-07,V035,doubles,T0156,T0120,2,2,T0156,T0120,home,14,141.53,0,Hail,397
B008159,2024-02-05,V026,doubles,T0150,T0056,2,2,T0056,T0150,away,8,87.41,0,Fog,714
B008160,2026-01-27,V039,singles,T0052,T0152,1,1,T0052,T0152,home,11,54.65,0,Clear,679
B008161,2025-10-04,V038,singles,T0065,T0014,1,1,T0065,T0014,home,11,120.98,0,Clear,927
B008162,2024-11-18,V011,singles,T0075,T0111,1,1,T0075,T0111,home,11,142.49,0,Thunderstorm,173
B008163,2024-04-06,V023,singles,T0024,T0093,1,1,T0024,T0093,home,12,9.99,0,Windy,1239
B008164,2025-04-07,V012,singles,T0042,T0078,1,1,T0078,T0042,away,13,273.57,0,Thunderstorm,956
B008165,2026-02-10,V036,doubles,T0153,T0170,2,2,T0170,T0153,away,11,166.68,0,Hail,858
B008166,2025-03-15,V004,singles,T0030,T0164,1,2,T0030,T0164,home,9,11.05,0,Moonless,659
B008167,2025-01-24,V015,doubles,T0032,T0060,2,1,T0032,T0060,home,12,477.54,0,Glittering,164
B008168,2024-04-23,V027,singles,T0043,T0109,1,1,T0043,T0109,home,11,70.76,0,Fog,736
B008169,2025-12-27,V019,doubles,T0170,T0052,2,2,T0052,T0170,away,14,230.36,0,Harsh Sun,817
B008170,2024-12-09,V010,doubles,T0005,T0142,2,2,T0005,T0142,home,17,340.25,0,Thunderstorm,575
B008171,2025-07-09,V004,doubles,T0036,T0038,2,2,T0038,T0036,away,12,80.65,0,Moonless,546
B008172,2026-01-26,V001,doubles,T0035,T0125,2,2,T0035,T0125,home,10,24.82,0,Breezy,815
B008173,2024-10-15,V022,singles,T0062,T0168,1,1,T0168,T0062,away,8,21.31,0,Windy,1031
B008174,2024-05-24,V050,singles,T0131,T0078,1,1,T0131,T0078,home,10,70.43,0,Overcast,203
B008175,2025-01-16,V033,singles,T0011,T0103,1,2,T0103,T0011,away,16,806.79,0,Dusty,1863
B008176,2026-01-19,V007,singles,T0133,T0097,1,1,T0097,T0133,away,10,212.5,0,High Winds,1548
B008177,2024-08-05,V003,doubles,T0088,T0050,2,1,T0088,T0050,home,15,461.82,0,Breezy,441
B008178,2024-05-23,V019,doubles,T0050,T0040,2,2,T0050,T0040,home,12,368.35,0,Harsh Sun,1131
B008179,2026-03-27,V029,singles,T0008,T0130,1,1,T0130,T0008,away,13,189.22,0,Sunny,490
B008180,2025-04-04,V025,triples,T0127,T0011,3,3,T0011,T0127,away,20,144.64,1,Fog,1159
B008181,2025-09-28,V012,singles,T0146,T0080,1,1,T0080,T0146,away,8,413.83,0,Thunderstorm,1048
B008182,2024-04-01,V038,doubles,T0115,T0043,2,2,T0115,T0043,home,4,222.83,0,Clear,1153
B008183,2024-09-19,V042,singles,T0105,T0019,1,1,T0019,T0105,away,12,49.15,0,Smog,539
B008184,2026-02-28,V023,triples,T0139,T0038,3,3,T0139,T0038,home,11,538.94,0,Windy,1180
B008185,2024-03-26,V029,doubles,T0165,T0084,2,2,T0165,T0084,home,16,183.1,0,Sunny,527
B008186,2025-11-29,V021,doubles,T0103,T0126,2,2,T0126,T0103,away,5,342.73,0,Harsh Sun,234
B008187,2024-04-05,V001,singles,T0070,T0170,1,1,T0170,T0070,away,11,513.46,0,Breezy,754
B008188,2025-01-16,V030,doubles,T0170,T0164,2,2,T0170,T0164,home,8,195.11,0,Sunny,560
B008189,2025-05-26,V016,singles,T0153,T0091,1,1,T0153,T0091,home,6,68.3,0,Clear,145
B008190,2024-10-05,V042,singles,T0055,T0125,1,1,T0125,T0055,away,9,205.28,0,Smog,688
B008191,2024-09-05,V027,doubles,T0127,T0071,2,2,T0071,T0127,away,13,207.42,0,Fog,707
B008192,2024-05-13,V026,triples,T0150,T0022,3,3,T0150,T0022,home,11,245.96,0,Fog,456
B008193,2026-01-23,V024,doubles,T0136,T0073,2,2,T0073,T0136,away,13,217.66,0,Windy,1310
B008194,2025-03-21,V015,triples,T0089,T0140,3,3,T0089,T0140,home,12,324.11,0,Glittering,200
B008195,2024-07-21,V052,singles,T0163,T0032,1,1,T0032,T0163,away,13,117.73,0,Rain,724
B008196,2025-04-06,V052,singles,T0134,T0026,1,1,T0134,T0026,home,15,28.4,0,Rain,675
B008197,2024-08-31,V024,singles,T0116,T0067,1,1,T0116,T0067,home,11,248.39,0,Windy,949
B008198,2024-11-07,V048,singles,T0058,T0149,1,1,T0149,T0058,away,11,45.39,0,Sandstorm,2294
B008199,2026-01-24,V052,singles,T0156,T0075,1,1,T0156,T0075,home,8,234.64,0,Rain,655
B008200,2024-10-08,V013,triples,T0133,T0067,3,3,T0067,T0133,away,9,183.91,0,Glittering,1748
B008201,2024-06-19,V052,doubles,T0179,T0014,2,2,T0014,T0179,away,17,14.54,1,Rain,602
B008202,2025-10-28,V048,singles,T0119,T0155,1,1,T0155,T0119,away,9,19.08,0,Sandstorm,1795
B008203,2026-03-22,V029,doubles,T0057,T0150,2,2,T0057,T0150,home,11,111.37,0,Sunny,482
B008204,2025-10-16,V028,doubles,T0089,T0042,2,2,T0089,T0042,home,9,4.85,0,Sunny,1266
B008205,2024-11-10,V054,doubles,T0016,T0081,2,2,T0016,T0081,home,9,110.84,0,Rain,647
B008206,2025-02-25,V033,doubles,T0175,T0082,2,2,T0082,T0175,away,13,72.7,0,Dusty,2103
B008207,2025-07-13,V025,singles,T0054,T0018,1,1,T0054,T0018,home,12,70.5,0,Fog,1183
B008208,2024-07-15,V011,doubles,T0150,T0047,2,2,T0150,T0047,home,10,285.04,0,Thunderstorm,197
B008209,2024-08-30,V045,doubles,T0058,T0134,2,1,T0058,T0134,home,13,403.96,0,Odd Aura,396
B008210,2024-09-11,V025,triples,T0176,T0023,3,3,T0176,T0023,home,14,152.78,0,Fog,1217
B008211,2026-03-02,V042,singles,T0105,T0051,1,1,T0051,T0105,away,9,7.02,0,Smog,676
B008212,2025-02-16,V006,singles,T0004,T0082,1,1,T0082,T0004,away,9,19.26,0,Moonless,467
B008213,2026-01-14,V034,triples,T0121,T0068,3,3,T0121,T0068,home,18,388.51,0,Hail,1397
B008214,2026-03-20,V018,singles,T0119,T0002,1,1,T0002,T0119,away,11,84.59,0,Clear,1656
B008215,2025-02-24,V021,doubles,T0054,T0059,2,2,T0054,T0059,home,12,242.8,0,Harsh Sun,253
B008216,2024-12-31,V054,doubles,T0152,T0003,2,2,T0152,T0003,home,16,81.15,0,Rain,665
B008217,2025-10-01,V005,singles,T0148,T0002,1,1,T0148,T0002,home,8,15.28,0,Moonless,990
B008218,2025-05-19,V025,doubles,T0170,T0137,2,2,T0170,T0137,home,14,298.69,0,Fog,1151
B008219,2026-02-17,V028,doubles,T0162,T0174,2,2,T0162,T0174,home,8,210.46,0,Sunny,1042
B008220,2025-12-17,V001,doubles,T0030,T0010,2,2,T0030,T0010,home,17,220.78,1,Breezy,585
B008221,2024-11-01,V040,doubles,T0126,T0029,2,2,T0126,T0029,home,13,242.98,0,Smog,258
B008222,2025-09-15,V015,singles,T0008,T0020,1,1,T0020,T0008,away,11,208.99,0,Glittering,149
B008223,2024-11-01,V039,triples,T0016,T0027,3,3,T0016,T0027,home,18,170.2,0,Clear,755
B008224,2026-02-23,V028,singles,T0133,T0109,1,1,T0109,T0133,away,12,241.58,0,Sunny,1138
B008225,2024-09-01,V007,singles,T0124,T0022,1,1,T0124,T0022,home,10,74.83,0,High Winds,1528
B008226,2025-06-21,V039,singles,T0028,T0003,1,1,T0028,T0003,home,10,381.3,0,Clear,626
B008227,2024-01-17,V011,singles,T0095,T0036,1,1,T0036,T0095,away,13,30.94,0,Thunderstorm,198
B008228,2024-01-31,V008,singles,T0085,T0128,1,1,T0128,T0085,away,7,175.77,0,High Winds,282
B008229,2025-08-17,V028,singles,T0153,T0150,1,1,T0153,T0150,home,8,107.11,0,Sunny,741
B008230,2025-05-10,V010,singles,T0096,T0004,1,1,T0096,T0004,home,6,62.99,0,Thunderstorm,440
B008231,2024-11-27,V025,doubles,T0009,T0139,2,2,T0139,T0009,away,7,76.83,0,Fog,1199
B008232,2026-03-01,V022,doubles,T0164,T0053,2,2,T0164,T0053,home,23,20.44,1,Windy,1104
B008233,2025-06-27,V003,singles,T0044,T0140,1,1,T0140,T0044,away,9,179.37,0,Breezy,559
B008234,2025-08-10,V023,singles,T0110,T0146,1,1,T0110,T0146,home,9,363.2,0,Windy,1029
B008235,2025-02-10,V007,singles,T0166,T0012,1,1,T0012,T0166,away,6,222.33,0,High Winds,1710
B008236,2024-07-30,V025,doubles,T0075,T0144,2,2,T0144,T0075,away,16,356.46,0,Fog,1020
B008237,2025-01-21,V051,doubles,T0087,T0018,2,2,T0087,T0018,home,21,205.43,0,Overcast,559
B008238,2024-10-13,V015,singles,T0101,T0062,1,1,T0062,T0101,away,6,134.76,0,Glittering,187
B008239,2025-04-11,V014,triples,T0086,T0034,3,3,T0086,T0034,home,19,49.56,1,Glittering,1491
B008240,2025-01-29,V046,doubles,T0065,T0176,2,2,T0065,T0176,home,16,346.99,0,Sandstorm,598
B008241,2025-10-06,V001,triples,T0109,T0136,3,3,T0136,T0109,away,20,250.63,1,Breezy,720
B008242,2025-03-31,V029,singles,T0108,T0061,1,1,T0108,T0061,home,6,218.29,0,Sunny,401
B008243,2024-01-06,V014,singles,T0132,T0177,1,1,T0132,T0177,home,12,182.26,0,Glittering,1612
B008244,2024-11-07,V024,singles,T0009,T0111,1,1,T0111,T0009,away,6,76.97,0,Windy,995
B008245,2024-08-02,V027,doubles,T0136,T0123,2,2,T0136,T0123,home,19,150.25,1,Fog,748
B008246,2024-07-26,V021,triples,T0035,T0077,3,3,T0035,T0077,home,18,83.9,0,Harsh Sun,190
B008247,2025-12-28,V037,doubles,T0022,T0118,2,2,T0022,T0118,home,8,63.24,0,Clear,1182
B008248,2025-05-17,V038,singles,T0093,T0154,1,2,T0154,T0093,away,10,298.48,0,Clear,672
B008249,2024-01-11,V018,singles,T0179,T0156,1,1,T0179,T0156,home,9,143.59,0,Clear,1351
B008250,2024-05-06,V019,doubles,T0162,T0055,2,2,T0055,T0162,away,11,56.87,0,Harsh Sun,1207
B008251,2026-02-15,V048,doubles,T0089,T0112,2,2,T0112,T0089,away,12,264.05,0,Sandstorm,1795
B008252,2024-01-06,V020,triples,T0109,T0144,3,3,T0144,T0109,away,19,363.83,1,Harsh Sun,1769
B008253,2024-02-04,V017,singles,T0073,T0162,1,1,T0162,T0073,away,8,74.84,0,Clear,636
B008254,2025-05-28,V032,triples,T0074,T0159,3,3,T0159,T0074,away,15,493.1,0,Dusty,1134
B008255,2024-11-04,V054,singles,T0067,T0136,1,1,T0067,T0136,home,11,10.7,0,Rain,515
B008256,2024-04-25,V045,doubles,T0101,T0176,2,2,T0176,T0101,away,9,417.96,0,Odd Aura,579
B008257,2024-05-20,V014,doubles,T0064,T0103,2,2,T0103,T0064,away,12,130.79,0,Glittering,1517
B008258,2025-12-20,V026,doubles,T0070,T0114,2,2,T0114,T0070,away,15,96.63,0,Fog,665
B008259,2024-02-11,V007,singles,T0085,T0027,1,1,T0027,T0085,away,14,40.26,0,High Winds,1227
B008260,2024-03-15,V043,doubles,T0089,T0049,2,2,T0089,T0049,home,15,103.78,0,Odd Aura,872
B008261,2024-02-27,V006,triples,T0069,T0156,3,3,T0069,T0156,home,14,489.84,0,Moonless,428
B008262,2025-05-23,V047,singles,T0033,T0164,1,1,T0033,T0164,home,6,59.01,0,Sandstorm,336
B008263,2025-11-24,V011,doubles,T0149,T0154,2,2,T0149,T0154,home,16,413.67,0,Thunderstorm,152
B008264,2026-01-23,V044,singles,T0053,T0107,1,1,T0053,T0107,home,8,35.12,0,Odd Aura,1525
B008265,2024-05-03,V023,doubles,T0112,T0164,2,2,T0112,T0164,home,13,116.98,0,Windy,1412
B008266,2024-08-09,V011,triples,T0062,T0150,3,3,T0062,T0150,home,21,176.39,1,Thunderstorm,157
B008267,2024-10-15,V023,doubles,T0017,T0142,2,2,T0017,T0142,home,16,89.12,0,Windy,1125
B008268,2024-11-30,V042,doubles,T0010,T0037,2,2,T0037,T0010,away,21,169.25,1,Smog,880
B008269,2025-06-16,V045,triples,T0143,T0078,3,3,T0078,T0143,away,16,456.81,0,Odd Aura,548
B008270,2026-01-13,V028,singles,T0010,T0041,1,1,T0010,T0041,home,11,20.21,0,Sunny,1042
B008271,2025-07-31,V021,doubles,T0017,T0140,2,2,T0140,T0017,away,12,130.13,0,Harsh Sun,227
B008272,2025-12-16,V012,triples,T0053,T0081,3,3,T0081,T0053,away,14,173.32,0,Thunderstorm,798
B008273,2024-05-05,V023,singles,T0097,T0164,1,1,T0097,T0164,home,11,176.26,0,Windy,1410
B008274,2024-01-16,V043,doubles,T0003,T0121,2,2,T0121,T0003,away,16,61.7,0,Odd Aura,1270
B008275,2025-09-26,V037,singles,T0156,T0138,1,1,T0156,T0138,home,7,266.05,0,Clear,1048
B008276,2024-04-18,V041,doubles,T0168,T0097,2,2,T0097,T0168,away,13,86.47,0,Smog,614
B008277,2024-03-07,V049,doubles,T0145,T0001,2,2,T0001,T0145,away,21,43.98,1,Overcast,839
B008278,2026-02-04,V016,doubles,T0158,T0173,2,2,T0158,T0173,home,17,190.39,0,Clear,211
B008279,2025-11-07,V037,doubles,T0004,T0177,2,2,T0004,T0177,home,15,116.86,0,Clear,1210
B008280,2024-03-27,V040,singles,T0152,T0028,1,1,T0152,T0028,home,9,113.93,0,Smog,280
B008281,2025-04-03,V030,doubles,T0115,T0037,2,2,T0037,T0115,away,9,46.66,0,Sunny,668
B008282,2024-06-18,V036,singles,T0088,T0012,1,1,T0088,T0012,home,12,8.52,0,Hail,637
B008283,2024-11-30,V041,doubles,T0157,T0120,2,2,T0120,T0157,away,13,131.11,0,Smog,449
B008284,2025-06-02,V018,doubles,T0176,T0011,2,2,T0176,T0011,home,11,177.52,0,Clear,1807
B008285,2024-05-18,V031,singles,T0060,T0034,1,1,T0060,T0034,home,11,5.02,0,Dusty,428
B008286,2024-03-08,V035,doubles,T0005,T0166,2,2,T0005,T0166,home,15,502.99,0,Hail,438
B008287,2024-11-16,V022,triples,T0064,T0131,3,3,T0131,T0064,away,15,743.2,0,Windy,1079
B008288,2024-02-18,V054,singles,T0151,T0067,1,1,T0151,T0067,home,13,92.62,0,Rain,711
B008289,2025-11-03,V049,triples,T0030,T0180,3,3,T0030,T0180,home,24,485.63,1,Overcast,762
B008290,2025-09-15,V028,doubles,T0160,T0021,2,2,T0160,T0021,home,21,13.82,1,Sunny,556
B008291,2024-01-24,V053,singles,T0081,T0049,1,1,T0081,T0049,home,5,165.35,0,Rain,377
B008292,2026-02-09,V044,doubles,T0083,T0133,2,2,T0133,T0083,away,11,47.08,0,Odd Aura,1822
B008293,2025-01-24,V038,doubles,T0077,T0146,2,2,T0077,T0146,home,11,110.08,0,Clear,730
B008294,2024-05-05,V026,singles,T0150,T0004,1,1,T0150,T0004,home,14,219.33,0,Fog,734
B008295,2024-01-03,V002,doubles,T0130,T0078,2,2,T0130,T0078,home,23,112.09,1,Breezy,1178
B008296,2025-12-20,V015,doubles,T0032,T0056,2,2,T0032,T0056,home,21,226.19,1,Glittering,175
B008297,2024-07-02,V022,triples,T0164,T0092,3,2,T0164,T0092,home,15,109.66,0,Windy,1144
B008298,2025-12-12,V017,triples,T0023,T0054,3,3,T0054,T0023,away,13,682.07,0,Clear,582
B008299,2025-05-19,V034,singles,T0120,T0134,1,1,T0134,T0120,away,9,219.11,0,Hail,1478
B008300,2026-01-04,V019,doubles,T0123,T0081,2,2,T0081,T0123,away,7,4.71,0,Harsh Sun,993
B008301,2024-05-17,V037,doubles,T0139,T0180,2,2,T0139,T0180,home,14,166.05,0,Clear,1331
B008302,2025-03-05,V046,triples,T0070,T0147,3,3,T0147,T0070,away,15,312.56,0,Sandstorm,368
B008303,2024-10-18,V020,doubles,T0149,T0167,2,2,T0167,T0149,away,12,193.76,0,Harsh Sun,1976
B008304,2024-02-03,V053,singles,T0170,T0006,1,1,T0006,T0170,away,11,15.3,0,Rain,442
B008305,2025-07-30,V030,triples,T0155,T0143,3,3,T0155,T0143,home,24,658.67,1,Sunny,804
B008306,2025-01-12,V023,triples,T0139,T0109,3,3,T0139,T0109,home,14,726.54,0,Windy,1211
B008307,2026-03-04,V043,doubles,T0060,T0018,2,2,T0060,T0018,home,17,187.81,1,Odd Aura,1131
B008308,2024-05-27,V010,doubles,T0130,T0024,2,2,T0130,T0024,home,14,336.66,0,Thunderstorm,477
B008309,2024-10-28,V008,triples,T0075,T0179,3,3,T0179,T0075,away,16,179.34,0,High Winds,339
B008310,2025-10-20,V009,singles,T0058,T0105,1,1,T0058,T0105,home,12,172.86,0,High Winds,1924
B008311,2025-09-30,V001,doubles,T0157,T0072,2,2,T0157,T0072,home,5,73.79,0,Breezy,705
B008312,2025-03-22,V046,singles,T0007,T0084,1,1,T0084,T0007,away,15,467.34,0,Sandstorm,531
B008313,2025-11-20,V052,doubles,T0179,T0145,2,2,T0179,T0145,home,10,27.9,0,Rain,567
B008314,2025-03-21,V048,doubles,T0081,T0009,2,2,T0009,T0081,away,11,59.1,0,Sandstorm,1963
B008315,2025-02-08,V006,triples,T0063,T0122,3,3,T0063,T0122,home,24,376.92,1,Moonless,434
B008316,2025-05-22,V015,doubles,T0154,T0130,2,2,T0130,T0154,away,19,169.2,1,Glittering,180
B008317,2025-08-07,V047,singles,T0101,T0137,1,1,T0101,T0137,home,10,197.69,0,Sandstorm,377
B008318,2024-11-08,V035,singles,T0077,T0018,1,1,T0077,T0018,home,9,34.45,0,Hail,326
B008319,2025-09-23,V020,doubles,T0027,T0023,2,2,T0023,T0027,away,19,40.55,1,Harsh Sun,1629
B008320,2025-11-10,V045,doubles,T0139,T0130,2,2,T0130,T0139,away,12,158.79,0,Odd Aura,562
B008321,2025-09-24,V026,triples,T0105,T0145,3,3,T0145,T0105,away,12,168.84,0,Fog,620
B008322,2024-05-29,V031,doubles,T0025,T0056,2,3,T0056,T0025,away,12,179.08,0,Dusty,447
B008323,2024-04-16,V021,triples,T0119,T0125,3,3,T0119,T0125,home,11,395.12,0,Harsh Sun,311
B008324,2024-01-03,V046,singles,T0130,T0111,1,1,T0130,T0111,home,12,44.4,0,Sandstorm,424
B008325,2025-03-18,V044,triples,T0038,T0087,3,3,T0038,T0087,home,16,45.5,0,Odd Aura,1682
B008326,2024-09-03,V007,doubles,T0166,T0102,2,2,T0102,T0166,away,8,258.78,0,High Winds,1004
B008327,2024-02-29,V028,doubles,T0041,T0052,2,2,T0041,T0052,home,13,135.99,0,Sunny,1108
B008328,2024-11-21,V026,singles,T0150,T0041,1,1,T0041,T0150,away,11,188.64,0,Fog,382
B008329,2024-04-23,V030,doubles,T0122,T0087,2,3,T0087,T0122,away,15,287.14,0,Sunny,849
B008330,2025-07-07,V031,singles,T0125,T0130,1,1,T0130,T0125,away,8,129.09,0,Dusty,425
B008331,2024-09-13,V017,doubles,T0094,T0162,2,2,T0162,T0094,away,11,88.91,0,Clear,797
B008332,2024-08-02,V049,triples,T0170,T0018,3,3,T0170,T0018,home,14,524.56,0,Overcast,743
B008333,2025-11-25,V028,triples,T0046,T0159,3,3,T0046,T0159,home,13,150.59,0,Sunny,836
B008334,2026-01-15,V035,singles,T0040,T0050,1,1,T0050,T0040,away,9,147.51,0,Hail,437
B008335,2026-01-22,V012,doubles,T0146,T0076,2,2,T0076,T0146,away,13,172.62,0,Thunderstorm,1008
B008336,2024-09-24,V038,doubles,T0129,T0009,2,2,T0129,T0009,home,13,183.99,0,Clear,1088
B008337,2024-08-03,V043,doubles,T0017,T0070,2,2,T0017,T0070,home,11,412.48,0,Odd Aura,1013
B008338,2025-07-02,V031,doubles,T0081,T0163,2,2,T0081,T0163,home,19,361.41,1,Dusty,402
B008339,2024-03-24,V016,singles,T0083,T0064,1,1,T0083,T0064,home,13,207.34,0,Clear,220
B008340,2025-04-13,V045,doubles,T0009,T0158,2,2,T0009,T0158,home,16,282.07,0,Odd Aura,493
B008341,2026-02-02,V008,doubles,T0052,T0067,2,1,T0052,T0067,home,9,474.2,0,High Winds,271
B008342,2024-03-19,V023,doubles,T0121,T0023,2,2,T0121,T0023,home,15,354.62,0,Windy,1309
B008343,2024-12-16,V020,singles,T0104,T0127,1,1,T0104,T0127,home,9,284.62,0,Harsh Sun,1650
B008344,2025-04-28,V039,singles,T0068,T0061,1,1,T0061,T0068,away,17,5.95,0,Clear,689
B008345,2025-09-08,V028,doubles,T0153,T0179,2,2,T0153,T0179,home,13,44.92,0,Sunny,1053
B008346,2025-06-06,V008,singles,T0095,T0002,1,1,T0095,T0002,home,11,68.5,0,High Winds,232
B008347,2025-11-03,V012,singles,T0142,T0077,1,1,T0142,T0077,home,4,156.17,0,Thunderstorm,820
B008348,2024-04-15,V026,doubles,T0150,T0003,2,2,T0150,T0003,home,9,202.71,0,Fog,644
B008349,2025-08-14,V012,doubles,T0065,T0049,2,2,T0065,T0049,home,7,104.73,0,Thunderstorm,772
B008350,2024-05-23,V011,singles,T0177,T0038,1,1,T0038,T0177,away,14,326.86,0,Thunderstorm,130
B008351,2025-07-02,V023,triples,T0146,T0022,3,3,T0022,T0146,away,20,206.39,1,Windy,1345
B008352,2025-09-06,V001,doubles,T0149,T0013,2,2,T0013,T0149,away,18,97.84,0,Breezy,727
B008353,2025-05-13,V036,singles,T0146,T0065,1,1,T0065,T0146,away,10,184.08,0,Hail,825
B008354,2024-10-07,V035,singles,T0074,T0098,1,1,T0074,T0098,home,7,58.26,0,Hail,348
B008355,2025-11-10,V051,singles,T0117,T0002,1,1,T0117,T0002,home,12,277.71,0,Overcast,428
B008356,2024-09-15,V011,doubles,T0095,T0168,2,2,T0095,T0168,home,10,304.37,0,Thunderstorm,158
B008357,2024-06-20,V041,triples,T0169,T0055,3,3,T0055,T0169,away,10,251.19,0,Smog,674
B008358,2025-10-03,V024,singles,T0136,T0118,1,1,T0136,T0118,home,7,61.4,0,Windy,1120
B008359,2025-08-04,V051,singles,T0117,T0126,1,1,T0117,T0126,home,6,298.18,0,Overcast,518
B008360,2025-11-22,V017,doubles,T0125,T0173,2,2,T0173,T0125,away,13,256.0,0,Clear,543
B008361,2024-03-13,V041,singles,T0049,T0096,1,1,T0049,T0096,home,6,326.94,0,Smog,499
B008362,2025-12-21,V020,singles,T0139,T0086,1,1,T0139,T0086,home,9,69.19,0,Harsh Sun,1942
B008363,2025-03-13,V009,triples,T0067,T0130,3,2,T0067,T0130,home,22,256.61,0,High Winds,2037
B008364,2025-04-20,V036,doubles,T0118,T0149,2,2,T0149,T0118,away,21,128.07,1,Hail,724
B008365,2024-07-25,V040,singles,T0140,T0085,1,1,T0085,T0140,away,7,142.7,0,Smog,251
B008366,2024-12-10,V010,doubles,T0061,T0129,2,2,T0129,T0061,away,9,144.3,0,Thunderstorm,506
B008367,2026-01-20,V031,doubles,T0163,T0082,2,2,T0163,T0082,home,8,49.89,0,Dusty,319
B008368,2025-05-21,V028,doubles,T0153,T0081,2,2,T0153,T0081,home,13,115.63,0,Sunny,896
B008369,2026-02-28,V046,triples,T0130,T0033,3,3,T0130,T0033,home,18,1000.78,0,Sandstorm,468
B008370,2024-12-07,V008,triples,T0151,T0032,3,3,T0151,T0032,home,18,221.18,1,High Winds,304
B008371,2025-02-04,V035,doubles,T0059,T0098,2,2,T0059,T0098,home,16,122.43,1,Hail,389
B008372,2025-03-05,V026,singles,T0092,T0036,1,1,T0036,T0092,away,8,51.5,0,Fog,598
B008373,2024-08-11,V052,doubles,T0179,T0102,2,2,T0102,T0179,away,11,280.21,0,Rain,623
B008374,2024-11-29,V012,triples,T0111,T0120,3,3,T0111,T0120,home,13,259.5,0,Thunderstorm,1062
B008375,2025-05-23,V049,singles,T0023,T0106,1,1,T0023,T0106,home,10,14.88,0,Overcast,640
B008376,2026-03-22,V039,triples,T0120,T0168,3,3,T0168,T0120,away,19,201.77,1,Clear,738
B008377,2025-11-12,V052,singles,T0087,T0150,1,1,T0087,T0150,home,6,28.17,0,Rain,774
B008378,2025-10-05,V005,doubles,T0178,T0041,2,2,T0178,T0041,home,13,34.37,1,Moonless,1023
B008379,2024-12-31,V021,singles,T0084,T0064,1,1,T0084,T0064,home,11,5.33,0,Harsh Sun,181
B008380,2024-04-18,V023,doubles,T0002,T0049,2,2,T0002,T0049,home,16,4.79,0,Windy,1127
B008381,2024-10-03,V005,triples,T0139,T0078,3,3,T0078,T0139,away,12,44.69,0,Moonless,1228
B008382,2024-10-20,V027,doubles,T0155,T0041,2,2,T0041,T0155,away,10,200.93,0,Fog,632
B008383,2026-02-15,V051,singles,T0117,T0174,1,1,T0117,T0174,home,9,47.54,0,Overcast,415
B008384,2024-12-02,V046,doubles,T0045,T0169,2,2,T0169,T0045,away,24,65.9,1,Sandstorm,552
B008385,2026-03-31,V031,triples,T0060,T0162,3,3,T0060,T0162,home,16,87.6,1,Dusty,380
B008386,2025-09-29,V008,singles,T0141,T0094,1,1,T0141,T0094,home,12,111.37,0,High Winds,220
B008387,2025-04-22,V006,triples,T0004,T0140,3,3,T0004,T0140,home,12,160.39,0,Moonless,493
B008388,2024-07-07,V011,singles,T0103,T0091,1,1,T0091,T0103,away,9,59.78,0,Thunderstorm,132
B008389,2024-08-17,V031,doubles,T0060,T0008,2,2,T0008,T0060,away,19,124.15,0,Dusty,393
B008390,2025-01-11,V053,doubles,T0024,T0106,2,2,T0024,T0106,home,9,201.23,0,Rain,445
B008391,2024-08-02,V020,triples,T0084,T0026,3,3,T0084,T0026,home,9,143.85,0,Harsh Sun,1696
B008392,2024-04-24,V037,triples,T0136,T0126,3,3,T0126,T0136,away,11,50.56,0,Clear,1148
B008393,2024-04-22,V029,doubles,T0108,T0094,2,2,T0108,T0094,home,18,408.49,0,Sunny,476
B008394,2024-12-26,V013,singles,T0133,T0108,1,1,T0133,T0108,home,9,123.03,0,Glittering,1670
B008395,2024-04-03,V020,doubles,T0171,T0177,2,2,T0171,T0177,home,14,123.05,0,Harsh Sun,1685
B008396,2025-09-11,V020,doubles,T0020,T0072,2,2,T0020,T0072,home,11,270.23,0,Harsh Sun,1763
B008397,2024-06-19,V013,triples,T0179,T0125,3,3,T0179,T0125,home,22,77.81,1,Glittering,1563
B008398,2024-11-18,V033,singles,T0115,T0019,1,1,T0019,T0115,away,13,176.7,0,Dusty,1523
B008399,2026-03-22,V045,triples,T0041,T0057,3,3,T0041,T0057,home,17,217.5,0,Odd Aura,646
B008400,2025-01-12,V048,doubles,T0104,T0149,2,2,T0149,T0104,away,23,84.47,1,Sandstorm,2218
B008401,2025-04-04,V024,singles,T0119,T0063,1,1,T0119,T0063,home,13,127.05,0,Windy,1193
B008402,2025-04-09,V039,triples,T0100,T0046,3,3,T0100,T0046,home,16,317.53,0,Clear,762
B008403,2025-10-05,V016,singles,T0032,T0134,1,1,T0032,T0134,home,9,208.23,0,Clear,209
B008404,2024-06-26,V009,doubles,T0110,T0033,2,2,T0110,T0033,home,8,60.84,0,High Winds,2029
B008405,2025-02-21,V049,triples,T0170,T0103,3,3,T0170,T0103,home,23,518.97,1,Overcast,653
B008406,2025-10-20,V043,singles,T0138,T0137,1,1,T0138,T0137,home,7,50.88,0,Odd Aura,1108
B008407,2025-07-25,V034,triples,T0116,T0078,3,3,T0078,T0116,away,14,219.06,0,Hail,1570
B008408,2024-04-15,V008,doubles,T0073,T0045,2,2,T0073,T0045,home,15,350.71,0,High Winds,314
B008409,2025-05-21,V045,doubles,T0049,T0162,2,2,T0049,T0162,home,12,44.61,0,Odd Aura,640
B008410,2024-09-18,V005,doubles,T0173,T0036,2,2,T0036,T0173,away,11,8.1,0,Moonless,1023
B008411,2024-02-09,V007,singles,T0133,T0125,1,1,T0125,T0133,away,9,137.15,0,High Winds,1703
B008412,2024-03-31,V035,doubles,T0149,T0131,2,2,T0149,T0131,home,6,251.41,0,Hail,310
B008413,2024-04-22,V021,doubles,T0004,T0005,2,2,T0005,T0004,away,12,563.43,0,Harsh Sun,268
B008414,2024-07-11,V020,singles,T0180,T0153,1,1,T0180,T0153,home,4,92.5,0,Harsh Sun,1428
B008415,2024-03-05,V044,doubles,T0063,T0101,2,2,T0063,T0101,home,11,491.42,0,Odd Aura,1384
B008416,2024-11-10,V013,singles,T0069,T0080,1,1,T0069,T0080,home,6,49.85,0,Glittering,1803
B008417,2024-08-30,V034,singles,T0026,T0094,1,1,T0026,T0094,home,9,112.65,0,Hail,1425
B008418,2025-11-25,V044,singles,T0126,T0067,1,1,T0067,T0126,away,14,40.42,0,Odd Aura,1272
B008419,2024-12-22,V035,triples,T0069,T0020,3,3,T0020,T0069,away,16,317.51,0,Hail,388
B008420,2024-05-22,V053,doubles,T0105,T0076,2,2,T0076,T0105,away,17,263.87,0,Rain,515
B008421,2024-08-23,V033,singles,T0130,T0042,1,1,T0130,T0042,home,16,209.84,0,Dusty,1913
B008422,2025-07-02,V006,doubles,T0059,T0085,2,2,T0085,T0059,away,13,53.71,0,Moonless,428
B008423,2024-08-16,V016,doubles,T0125,T0172,2,2,T0125,T0172,home,15,430.6,0,Clear,139
B008424,2026-03-03,V009,singles,T0142,T0122,1,1,T0142,T0122,home,6,176.95,0,High Winds,1791
B008425,2024-02-20,V042,doubles,T0126,T0081,2,2,T0081,T0126,away,13,140.67,0,Smog,682
B008426,2024-08-06,V053,singles,T0170,T0123,1,1,T0170,T0123,home,9,20.49,0,Rain,472
B008427,2024-05-01,V043,singles,T0082,T0053,1,1,T0082,T0053,home,12,52.52,0,Odd Aura,1143
B008428,2025-08-11,V026,triples,T0112,T0147,3,3,T0112,T0147,home,12,305.71,0,Fog,444
B008429,2024-03-06,V028,triples,T0170,T0089,3,3,T0089,T0170,away,16,249.17,0,Sunny,805
B008430,2024-06-08,V039,singles,T0028,T0090,1,1,T0028,T0090,home,9,316.85,0,Clear,860
B008431,2025-03-10,V040,doubles,T0091,T0079,2,2,T0091,T0079,home,23,336.01,1,Smog,261
B008432,2025-05-01,V045,singles,T0126,T0166,1,1,T0166,T0126,away,10,12.37,0,Odd Aura,428
B008433,2026-02-11,V014,singles,T0175,T0132,1,1,T0175,T0132,home,16,162.39,0,Glittering,1794
B008434,2025-08-29,V001,singles,T0072,T0133,1,1,T0133,T0072,away,5,37.35,0,Breezy,767
B008435,2026-03-16,V017,singles,T0177,T0014,1,1,T0177,T0014,home,12,56.08,0,Clear,610
B008436,2024-03-08,V044,singles,T0131,T0067,1,1,T0131,T0067,home,15,299.53,0,Odd Aura,1776
B008437,2025-08-10,V004,doubles,T0036,T0007,2,2,T0007,T0036,away,4,26.06,0,Moonless,815
B008438,2025-10-09,V026,doubles,T0041,T0129,2,2,T0129,T0041,away,13,191.72,0,Fog,800
B008439,2025-03-09,V025,singles,T0070,T0024,1,1,T0024,T0070,away,6,195.62,0,Fog,1246
B008440,2026-01-14,V046,singles,T0159,T0164,1,2,T0164,T0159,away,6,134.48,0,Sandstorm,447
B008441,2024-06-10,V052,doubles,T0179,T0027,2,2,T0027,T0179,away,8,61.74,0,Rain,442
B008442,2024-12-22,V036,singles,T0014,T0098,1,1,T0014,T0098,home,13,93.8,0,Hail,845
B008443,2025-11-11,V042,singles,T0065,T0156,1,1,T0065,T0156,home,15,343.9,0,Smog,622
B008444,2024-06-22,V051,doubles,T0029,T0049,2,2,T0049,T0029,away,22,100.49,1,Overcast,550
B008445,2024-06-18,V039,triples,T0145,T0094,3,3,T0094,T0145,away,18,494.96,0,Clear,806
B008446,2025-08-28,V042,triples,T0105,T0114,3,3,T0105,T0114,home,9,172.31,0,Smog,660
B008447,2024-05-10,V047,singles,T0050,T0099,1,1,T0099,T0050,away,6,153.15,0,Sandstorm,276
B008448,2024-10-02,V044,doubles,T0174,T0161,2,2,T0174,T0161,home,15,245.36,0,Odd Aura,1671
B008449,2025-01-22,V013,triples,T0133,T0009,3,3,T0009,T0133,away,18,25.33,0,Glittering,1504
B008450,2024-06-05,V012,doubles,T0150,T0027,2,2,T0027,T0150,away,24,124.14,1,Thunderstorm,883
B008451,2024-09-10,V021,singles,T0046,T0089,1,1,T0089,T0046,away,9,185.3,0,Harsh Sun,212
B008452,2025-03-27,V028,doubles,T0100,T0162,2,2,T0100,T0162,home,14,35.99,0,Sunny,1040
B008453,2024-03-21,V030,doubles,T0107,T0065,2,2,T0107,T0065,home,18,112.87,0,Sunny,778
B008454,2024-01-08,V001,singles,T0022,T0172,1,1,T0022,T0172,home,5,355.34,0,Breezy,683
B008455,2026-03-06,V025,triples,T0043,T0107,3,3,T0043,T0107,home,17,10.69,0,Fog,1240
B008456,2024-11-22,V038,doubles,T0103,T0172,2,1,T0103,T0172,home,22,631.54,1,Clear,653
B008457,2025-04-29,V043,doubles,T0097,T0137,2,2,T0097,T0137,home,12,59.94,0,Odd Aura,1059
B008458,2026-02-22,V011,doubles,T0164,T0136,2,2,T0136,T0164,away,21,272.61,1,Thunderstorm,194
B008459,2024-05-20,V029,triples,T0080,T0179,3,3,T0080,T0179,home,13,115.09,0,Sunny,547
B008460,2025-07-16,V038,singles,T0035,T0053,1,1,T0035,T0053,home,11,226.52,0,Clear,1023
B008461,2024-03-10,V020,doubles,T0019,T0029,2,2,T0019,T0029,home,9,301.96,0,Harsh Sun,1619
B008462,2024-05-28,V039,triples,T0033,T0004,3,3,T0033,T0004,home,19,241.27,0,Clear,535
B008463,2025-02-20,V051,singles,T0121,T0141,1,1,T0121,T0141,home,13,218.86,0,Overcast,348
B008464,2026-02-25,V006,doubles,T0093,T0149,2,2,T0093,T0149,home,15,102.9,0,Moonless,476
B008465,2025-01-18,V051,doubles,T0073,T0126,2,2,T0126,T0073,away,13,128.63,0,Overcast,612
B008466,2025-10-18,V016,doubles,T0131,T0084,2,2,T0084,T0131,away,8,61.8,0,Clear,205
B008467,2024-12-10,V041,singles,T0168,T0154,1,1,T0168,T0154,home,9,268.46,0,Smog,571
B008468,2024-10-21,V049,singles,T0053,T0118,1,1,T0053,T0118,home,13,87.57,0,Overcast,570
B008469,2026-01-11,V016,doubles,T0131,T0179,2,2,T0131,T0179,home,9,425.4,0,Clear,178
B008470,2025-01-20,V043,singles,T0084,T0137,1,1,T0137,T0084,away,6,41.1,0,Odd Aura,732
B008471,2025-12-28,V005,doubles,T0040,T0073,2,2,T0040,T0073,home,4,222.97,0,Moonless,1287
B008472,2025-09-13,V009,singles,T0107,T0129,1,1,T0129,T0107,away,13,164.93,0,High Winds,1619
B008473,2024-09-29,V028,singles,T0136,T0159,1,1,T0159,T0136,away,8,221.68,0,Sunny,954
B008474,2025-03-23,V029,triples,T0170,T0067,3,3,T0067,T0170,away,23,100.37,1,Sunny,500
B008475,2025-06-10,V036,triples,T0120,T0063,3,3,T0063,T0120,away,14,362.81,0,Hail,787
B008476,2025-07-16,V031,singles,T0064,T0171,1,1,T0171,T0064,away,5,3.54,0,Dusty,372
B008477,2025-04-14,V018,doubles,T0065,T0013,2,2,T0013,T0065,away,11,99.89,0,Clear,1333
B008478,2025-09-04,V025,doubles,T0092,T0097,2,2,T0097,T0092,away,16,121.76,0,Fog,1178
B008479,2025-12-29,V042,singles,T0146,T0042,1,1,T0146,T0042,home,14,252.57,0,Smog,750
B008480,2025-01-23,V007,singles,T0019,T0003,1,1,T0019,T0003,home,10,17.67,0,High Winds,1521
B008481,2026-03-27,V030,doubles,T0012,T0123,2,2,T0123,T0012,away,6,225.59,0,Sunny,894
B008482,2026-01-28,V032,triples,T0109,T0166,3,3,T0166,T0109,away,11,73.35,0,Dusty,1022
B008483,2024-04-23,V009,triples,T0023,T0047,3,3,T0047,T0023,away,13,341.26,0,High Winds,2132
B008484,2024-07-15,V013,singles,T0083,T0171,1,1,T0083,T0171,home,15,122.59,0,Glittering,1612
B008485,2025-08-17,V001,singles,T0028,T0023,1,1,T0023,T0028,away,8,109.36,0,Breezy,754
B008486,2024-01-28,V014,doubles,T0128,T0114,2,2,T0128,T0114,home,15,424.77,0,Glittering,1575
B008487,2025-07-03,V040,doubles,T0097,T0058,2,2,T0058,T0097,away,6,97.15,0,Smog,246
B008488,2025-07-27,V047,triples,T0177,T0127,3,3,T0177,T0127,home,24,260.0,1,Sandstorm,317
B008489,2024-01-07,V037,singles,T0022,T0020,1,1,T0020,T0022,away,11,17.85,0,Clear,1098
B008490,2024-12-13,V015,doubles,T0024,T0014,2,2,T0014,T0024,away,20,68.24,1,Glittering,198
B008491,2024-03-30,V010,triples,T0176,T0028,3,3,T0176,T0028,home,21,311.52,1,Thunderstorm,566
B008492,2024-09-24,V013,singles,T0153,T0016,1,1,T0153,T0016,home,12,310.78,0,Glittering,1801
B008493,2025-07-23,V012,triples,T0030,T0179,3,3,T0030,T0179,home,17,248.3,0,Thunderstorm,1147
B008494,2025-09-10,V037,doubles,T0011,T0037,2,2,T0011,T0037,home,16,146.99,0,Clear,1134
B008495,2024-01-11,V028,singles,T0153,T0159,1,1,T0159,T0153,away,12,100.61,0,Sunny,872
B008496,2026-03-25,V047,doubles,T0039,T0171,2,2,T0171,T0039,away,13,72.54,0,Sandstorm,341
B008497,2024-04-10,V046,doubles,T0027,T0077,2,2,T0027,T0077,home,14,32.01,1,Sandstorm,573
B008498,2026-02-05,V029,singles,T0044,T0099,1,1,T0099,T0044,away,10,204.39,0,Sunny,610
B008499,2026-02-15,V043,singles,T0041,T0093,1,1,T0041,T0093,home,8,70.15,0,Odd Aura,1050
B008500,2024-01-30,V032,triples,T0026,T0105,3,3,T0026,T0105,home,15,112.86,0,Dusty,989
B008501,2024-03-18,V019,doubles,T0063,T0137,2,2,T0063,T0137,home,10,3.44,0,Harsh Sun,1166
B008502,2025-02-14,V019,singles,T0095,T0099,1,1,T0095,T0099,home,10,139.44,0,Harsh Sun,1072
B008503,2024-08-14,V019,doubles,T0007,T0172,2,2,T0172,T0007,away,10,92.65,0,Harsh Sun,1143
B008504,2024-11-07,V026,doubles,T0120,T0051,2,2,T0051,T0120,away,11,149.1,0,Fog,543
B008505,2025-01-10,V047,doubles,T0111,T0162,2,1,T0111,T0162,home,12,351.48,0,Sandstorm,350
B008506,2024-03-16,V016,doubles,T0123,T0057,2,2,T0123,T0057,home,11,295.33,0,Clear,190
B008507,2025-09-04,V039,singles,T0141,T0103,1,1,T0103,T0141,away,12,211.15,0,Clear,892
B008508,2024-05-14,V049,doubles,T0114,T0038,2,1,T0114,T0038,home,11,299.7,0,Overcast,860
B008509,2025-05-01,V018,singles,T0054,T0006,1,1,T0054,T0006,home,12,256.8,0,Clear,1166
B008510,2024-11-22,V008,singles,T0022,T0072,1,1,T0072,T0022,away,4,41.76,0,High Winds,367
B008511,2025-01-16,V009,singles,T0093,T0094,1,1,T0093,T0094,home,12,139.41,0,High Winds,1625
B008512,2025-03-12,V013,doubles,T0090,T0108,2,2,T0108,T0090,away,18,67.63,0,Glittering,1945
B008513,2024-09-20,V006,singles,T0013,T0139,1,1,T0139,T0013,away,9,141.63,0,Moonless,506
B008514,2025-07-21,V007,doubles,T0166,T0059,2,2,T0059,T0166,away,14,396.52,0,High Winds,1233
B008515,2025-06-12,V043,triples,T0119,T0081,3,3,T0081,T0119,away,18,124.28,0,Odd Aura,1232
B008516,2026-02-08,V013,triples,T0165,T0078,3,3,T0165,T0078,home,9,60.6,0,Glittering,1659
B008517,2024-05-15,V002,singles,T0057,T0043,1,1,T0057,T0043,home,8,47.95,0,Breezy,1102
B008518,2024-11-11,V049,singles,T0135,T0072,1,1,T0135,T0072,home,10,157.34,0,Overcast,544
B008519,2026-01-05,V010,singles,T0034,T0063,1,1,T0063,T0034,away,9,146.62,0,Thunderstorm,478
B008520,2025-07-08,V048,singles,T0039,T0031,1,1,T0031,T0039,away,10,402.46,0,Sandstorm,2285
B008521,2026-01-14,V046,triples,T0139,T0033,3,3,T0139,T0033,home,20,426.73,0,Sandstorm,634
B008522,2026-01-07,V012,doubles,T0066,T0101,2,3,T0101,T0066,away,21,372.27,1,Thunderstorm,1164
B008523,2025-11-25,V011,doubles,T0066,T0021,2,2,T0066,T0021,home,8,167.6,0,Thunderstorm,196
B008524,2025-12-26,V016,singles,T0131,T0013,1,1,T0131,T0013,home,9,123.1,0,Clear,183
B008525,2025-06-26,V007,doubles,T0166,T0009,2,2,T0009,T0166,away,20,143.39,1,High Winds,1615
B008526,2024-03-28,V040,singles,T0049,T0154,1,2,T0154,T0049,away,6,249.17,0,Smog,254
B008527,2026-01-16,V027,doubles,T0043,T0133,2,2,T0043,T0133,home,4,448.67,0,Fog,750
B008528,2025-03-22,V028,doubles,T0067,T0005,2,2,T0005,T0067,away,20,83.7,0,Sunny,1010
B008529,2024-11-11,V016,singles,T0051,T0013,1,1,T0013,T0051,away,16,60.87,0,Clear,199
B008530,2024-03-28,V030,doubles,T0157,T0129,2,2,T0157,T0129,home,11,163.81,0,Sunny,838
B008531,2026-03-15,V041,singles,T0168,T0013,1,1,T0013,T0168,away,9,191.29,0,Smog,673
B008532,2024-11-06,V019,doubles,T0129,T0017,2,2,T0017,T0129,away,19,56.29,1,Harsh Sun,881
B008533,2025-04-26,V018,triples,T0166,T0021,3,3,T0166,T0021,home,11,301.63,0,Clear,1820
B008534,2024-05-16,V050,doubles,T0166,T0168,2,2,T0166,T0168,home,14,91.59,0,Overcast,195
B008535,2025-02-27,V006,singles,T0053,T0135,1,1,T0135,T0053,away,7,422.21,0,Moonless,373
B008536,2025-05-06,V033,singles,T0023,T0142,1,1,T0142,T0023,away,10,163.07,0,Dusty,1656
B008537,2025-08-13,V025,doubles,T0082,T0080,2,2,T0082,T0080,home,19,354.47,0,Fog,1167
B008538,2024-01-06,V030,singles,T0030,T0065,1,1,T0065,T0030,away,7,155.06,0,Sunny,848
B008539,2024-05-02,V022,triples,T0139,T0037,3,3,T0037,T0139,away,14,322.64,0,Windy,661
B008540,2024-01-10,V043,doubles,T0144,T0177,2,2,T0177,T0144,away,12,45.58,0,Odd Aura,1345
B008541,2024-03-30,V001,singles,T0147,T0128,1,1,T0128,T0147,away,9,196.87,0,Breezy,721
B008542,2024-01-30,V033,doubles,T0078,T0009,2,2,T0078,T0009,home,15,17.11,0,Dusty,1706
B008543,2024-05-24,V038,singles,T0093,T0046,1,1,T0046,T0093,away,9,2.19,0,Clear,964
B008544,2024-08-25,V020,doubles,T0169,T0145,2,2,T0145,T0169,away,9,360.89,0,Harsh Sun,1840
B008545,2024-12-27,V006,triples,T0158,T0115,3,3,T0158,T0115,home,11,73.32,0,Moonless,479
B008546,2025-01-09,V020,doubles,T0001,T0059,2,2,T0059,T0001,away,12,35.46,0,Harsh Sun,1426
B008547,2024-03-09,V037,doubles,T0079,T0103,2,1,T0079,T0103,home,24,547.55,1,Clear,1124
B008548,2025-02-02,V015,doubles,T0017,T0123,2,2,T0123,T0017,away,17,22.34,0,Glittering,141
B008549,2025-06-22,V040,triples,T0070,T0171,3,3,T0171,T0070,away,12,493.17,0,Smog,269
B008550,2024-01-14,V004,singles,T0121,T0069,1,1,T0121,T0069,home,11,54.34,0,Moonless,649
B008551,2024-07-01,V031,singles,T0072,T0132,1,1,T0072,T0132,home,12,95.98,0,Dusty,381
B008552,2024-04-21,V003,triples,T0117,T0167,3,3,T0117,T0167,home,14,456.37,0,Breezy,456
B008553,2026-03-13,V051,triples,T0036,T0109,3,3,T0109,T0036,away,17,120.47,0,Overcast,424
B008554,2025-12-04,V004,triples,T0090,T0012,3,3,T0090,T0012,home,8,80.4,0,Moonless,788
B008555,2025-09-06,V038,triples,T0071,T0151,3,3,T0071,T0151,home,17,155.67,0,Clear,972
B008556,2025-10-18,V014,singles,T0123,T0073,1,1,T0073,T0123,away,12,167.39,0,Glittering,1645
B008557,2025-10-22,V014,doubles,T0133,T0042,2,2,T0133,T0042,home,11,389.07,0,Glittering,1444
B008558,2025-02-01,V004,doubles,T0124,T0116,2,2,T0124,T0116,home,9,5.52,0,Moonless,742
B008559,2024-10-28,V047,singles,T0097,T0019,1,1,T0097,T0019,home,11,312.42,0,Sandstorm,316
B008560,2026-02-03,V013,triples,T0109,T0128,3,3,T0128,T0109,away,22,282.3,1,Glittering,1470
B008561,2025-07-30,V036,triples,T0177,T0150,3,3,T0150,T0177,away,14,174.86,0,Hail,681
B008562,2025-05-11,V005,singles,T0124,T0060,1,1,T0124,T0060,home,12,312.59,0,Moonless,1050
B008563,2024-08-04,V018,singles,T0155,T0067,1,1,T0155,T0067,home,15,132.33,0,Clear,1351
B008564,2025-12-16,V028,doubles,T0003,T0124,2,2,T0124,T0003,away,10,97.82,0,Sunny,1069
B008565,2026-02-10,V044,doubles,T0048,T0050,2,2,T0050,T0048,away,8,62.21,0,Odd Aura,1745
B008566,2025-04-14,V015,doubles,T0124,T0111,2,2,T0124,T0111,home,15,267.09,0,Glittering,145
B008567,2024-07-27,V030,singles,T0109,T0042,1,1,T0109,T0042,home,7,234.96,0,Sunny,627
B008568,2024-02-14,V036,triples,T0143,T0111,3,3,T0143,T0111,home,11,133.02,0,Hail,694
B008569,2024-12-16,V042,doubles,T0141,T0130,2,2,T0130,T0141,away,13,460.64,0,Smog,604
B008570,2026-02-14,V043,triples,T0041,T0067,3,3,T0041,T0067,home,20,355.58,1,Odd Aura,1166
B008571,2024-06-10,V007,singles,T0025,T0117,1,1,T0117,T0025,away,10,341.71,0,High Winds,1383
B008572,2025-09-30,V028,singles,T0108,T0175,1,1,T0108,T0175,home,6,128.45,0,Sunny,1056
B008573,2025-04-14,V026,singles,T0150,T0178,1,1,T0178,T0150,away,11,61.34,0,Fog,523
B008574,2024-02-02,V034,doubles,T0062,T0130,2,2,T0062,T0130,home,11,173.83,0,Hail,1030
B008575,2026-03-03,V034,doubles,T0175,T0091,2,2,T0091,T0175,away,15,311.56,0,Hail,1551
B008576,2024-03-07,V030,singles,T0029,T0152,1,1,T0152,T0029,away,8,71.54,0,Sunny,473
B008577,2026-01-20,V027,triples,T0055,T0058,3,3,T0055,T0058,home,10,28.49,0,Fog,872
B008578,2025-04-21,V039,singles,T0068,T0110,1,1,T0068,T0110,home,13,204.72,0,Clear,505
B008579,2025-08-12,V042,triples,T0032,T0139,3,3,T0139,T0032,away,16,496.26,0,Smog,532
B008580,2026-02-01,V016,triples,T0153,T0072,3,3,T0153,T0072,home,22,294.8,0,Clear,173
B008581,2026-02-16,V021,doubles,T0178,T0152,2,2,T0178,T0152,home,11,8.28,0,Harsh Sun,254
B008582,2025-06-01,V040,triples,T0118,T0018,3,3,T0118,T0018,home,6,10.38,0,Smog,255
B008583,2024-06-05,V038,triples,T0034,T0132,3,3,T0034,T0132,home,22,287.91,1,Clear,710
B008584,2024-09-16,V006,doubles,T0004,T0072,2,2,T0004,T0072,home,12,316.25,0,Moonless,515
B008585,2026-02-14,V023,singles,T0165,T0090,1,1,T0090,T0165,away,9,57.42,0,Windy,1037
B008586,2024-10-22,V026,triples,T0102,T0091,3,3,T0091,T0102,away,4,129.53,0,Fog,736
B008587,2024-06-20,V050,doubles,T0170,T0015,2,2,T0170,T0015,home,13,23.16,0,Overcast,178
B008588,2024-02-29,V053,doubles,T0063,T0009,2,2,T0009,T0063,away,14,317.88,0,Rain,423
B008589,2024-11-04,V014,triples,T0123,T0076,3,3,T0076,T0123,away,15,178.21,0,Glittering,1412
B008590,2024-02-08,V007,singles,T0143,T0025,1,1,T0025,T0143,away,11,131.96,0,High Winds,1099
B008591,2024-03-03,V052,triples,T0086,T0044,3,3,T0086,T0044,home,18,66.95,0,Rain,853
B008592,2024-02-05,V043,doubles,T0165,T0158,2,2,T0165,T0158,home,13,286.94,0,Odd Aura,1058
B008593,2024-08-16,V011,triples,T0095,T0007,3,3,T0095,T0007,home,16,73.38,0,Thunderstorm,156
B008594,2025-08-15,V014,singles,T0128,T0129,1,1,T0129,T0128,away,5,4.75,0,Glittering,1503
B008595,2024-11-17,V020,doubles,T0016,T0048,2,2,T0016,T0048,home,21,244.38,1,Harsh Sun,1733
B008596,2024-05-04,V013,doubles,T0038,T0082,2,2,T0038,T0082,home,12,413.65,0,Glittering,1483
B008597,2025-09-14,V017,singles,T0149,T0172,1,1,T0149,T0172,home,8,73.54,0,Clear,581
B008598,2024-02-29,V003,doubles,T0110,T0094,2,2,T0094,T0110,away,21,141.49,1,Breezy,408
B008599,2025-05-23,V034,triples,T0121,T0066,3,3,T0066,T0121,away,17,34.3,0,Hail,1656
B008600,2025-06-26,V038,doubles,T0041,T0057,2,2,T0041,T0057,home,11,282.14,0,Clear,1070
B008601,2024-10-21,V043,singles,T0089,T0094,1,1,T0094,T0089,away,8,80.46,0,Odd Aura,1365
B008602,2025-08-21,V022,singles,T0053,T0013,1,1,T0053,T0013,home,12,53.16,0,Windy,1071
B008603,2026-02-02,V017,singles,T0062,T0105,1,1,T0105,T0062,away,11,29.96,0,Clear,630
B008604,2025-01-28,V053,doubles,T0149,T0022,2,2,T0149,T0022,home,14,185.55,0,Rain,447
B008605,2024-08-25,V025,doubles,T0033,T0002,2,1,T0033,T0002,home,9,348.58,0,Fog,929
B008606,2024-09-04,V011,doubles,T0134,T0178,2,2,T0134,T0178,home,12,31.85,0,Thunderstorm,157
B008607,2024-11-09,V001,doubles,T0151,T0176,2,2,T0151,T0176,home,16,174.95,0,Breezy,651
B008608,2024-10-24,V014,doubles,T0128,T0170,2,2,T0128,T0170,home,9,96.74,0,Glittering,1333
B008609,2024-08-19,V046,singles,T0091,T0025,1,1,T0091,T0025,home,7,66.82,0,Sandstorm,580
B008610,2025-06-30,V041,singles,T0123,T0037,1,1,T0123,T0037,home,7,13.09,0,Smog,466
B008611,2025-06-25,V007,doubles,T0106,T0098,2,2,T0106,T0098,home,9,375.12,0,High Winds,1314
B008612,2024-04-13,V039,singles,T0068,T0164,1,1,T0164,T0068,away,10,0.98,0,Clear,707
B008613,2025-07-03,V050,singles,T0100,T0145,1,1,T0100,T0145,home,10,31.28,0,Overcast,124
B008614,2025-05-17,V027,triples,T0177,T0126,3,3,T0126,T0177,away,23,869.98,1,Fog,673
B008615,2025-11-25,V045,triples,T0009,T0053,3,3,T0009,T0053,home,22,173.08,1,Odd Aura,613
B008616,2025-01-10,V016,doubles,T0125,T0032,2,2,T0032,T0125,away,13,144.22,0,Clear,160
B008617,2024-01-17,V025,doubles,T0052,T0098,2,2,T0052,T0098,home,15,172.68,1,Fog,1317
B008618,2024-02-13,V028,triples,T0006,T0164,3,3,T0006,T0164,home,11,452.76,0,Sunny,995
B008619,2024-02-29,V012,triples,T0034,T0062,3,3,T0034,T0062,home,15,136.86,0,Thunderstorm,1094
B008620,2026-02-23,V041,singles,T0083,T0020,1,1,T0083,T0020,home,11,34.08,0,Smog,589
B008621,2024-09-30,V008,doubles,T0052,T0007,2,2,T0007,T0052,away,14,79.77,0,High Winds,355
B008622,2024-05-27,V035,singles,T0025,T0028,1,1,T0025,T0028,home,6,55.92,0,Hail,416
B008623,2024-04-17,V046,doubles,T0088,T0108,2,2,T0108,T0088,away,6,189.87,0,Sandstorm,682
B008624,2024-12-23,V054,doubles,T0151,T0095,2,2,T0095,T0151,away,11,272.72,0,Rain,603
B008625,2024-12-13,V044,singles,T0118,T0104,1,1,T0104,T0118,away,4,30.06,0,Odd Aura,1547
B008626,2025-03-16,V006,triples,T0077,T0154,3,3,T0077,T0154,home,11,66.57,0,Moonless,395
B008627,2025-06-25,V046,triples,T0039,T0089,3,3,T0089,T0039,away,19,254.43,0,Sandstorm,435
B008628,2024-02-07,V022,triples,T0148,T0057,3,3,T0148,T0057,home,22,94.72,1,Windy,1320
B008629,2024-05-08,V017,singles,T0135,T0057,1,1,T0135,T0057,home,15,0.1,0,Clear,573
B008630,2024-09-18,V018,singles,T0079,T0145,1,1,T0079,T0145,home,13,235.04,0,Clear,1237
B008631,2024-04-23,V022,triples,T0122,T0159,3,3,T0159,T0122,away,17,754.16,0,Windy,1011
B008632,2024-07-02,V020,doubles,T0144,T0119,2,2,T0119,T0144,away,15,206.21,0,Harsh Sun,1951
B008633,2024-12-23,V026,doubles,T0168,T0072,2,2,T0168,T0072,home,12,288.41,0,Fog,761
B008634,2024-11-12,V010,singles,T0108,T0157,1,1,T0157,T0108,away,9,78.84,0,Thunderstorm,661
B008635,2025-12-04,V046,doubles,T0178,T0050,2,2,T0178,T0050,home,14,299.17,1,Sandstorm,537
B008636,2026-01-31,V004,singles,T0029,T0060,1,1,T0060,T0029,away,9,368.64,0,Moonless,595
B008637,2025-11-18,V048,singles,T0170,T0120,1,1,T0170,T0120,home,11,363.45,0,Sandstorm,2201
B008638,2024-09-23,V020,singles,T0016,T0153,1,1,T0153,T0016,away,14,23.55,0,Harsh Sun,1412
B008639,2024-09-09,V029,triples,T0051,T0035,3,3,T0035,T0051,away,15,119.32,0,Sunny,513
B008640,2025-02-10,V020,doubles,T0057,T0141,2,2,T0141,T0057,away,15,72.47,1,Harsh Sun,1498
B008641,2026-02-15,V030,doubles,T0062,T0160,2,2,T0062,T0160,home,14,153.21,0,Sunny,513
B008642,2025-07-22,V050,doubles,T0170,T0152,2,2,T0170,T0152,home,12,67.37,0,Overcast,195
B008643,2026-03-14,V031,doubles,T0067,T0107,2,2,T0067,T0107,home,7,57.67,0,Dusty,354
B008644,2026-03-06,V009,singles,T0179,T0166,1,1,T0166,T0179,away,12,38.46,0,High Winds,1591
B008645,2024-01-11,V038,triples,T0169,T0163,3,3,T0169,T0163,home,19,22.24,1,Clear,1101
B008646,2026-01-01,V030,triples,T0100,T0048,3,3,T0100,T0048,home,19,25.27,0,Sunny,882
B008647,2026-02-12,V023,singles,T0111,T0102,1,1,T0102,T0111,away,9,2.56,0,Windy,1182
B008648,2024-05-24,V023,singles,T0140,T0045,1,1,T0045,T0140,away,10,114.2,0,Windy,1473
B008649,2025-10-01,V019,singles,T0159,T0120,1,1,T0159,T0120,home,7,121.32,0,Harsh Sun,859
B008650,2024-04-12,V019,triples,T0112,T0051,3,3,T0112,T0051,home,15,38.3,0,Harsh Sun,1416
B008651,2025-05-15,V034,triples,T0166,T0117,3,3,T0117,T0166,away,24,161.64,1,Hail,1500
B008652,2024-03-05,V031,singles,T0173,T0064,1,1,T0064,T0173,away,8,49.27,0,Dusty,388
B008653,2025-09-28,V031,doubles,T0116,T0147,2,2,T0147,T0116,away,7,27.67,0,Dusty,424
B008654,2024-10-27,V019,singles,T0145,T0170,1,1,T0145,T0170,home,16,9.66,0,Harsh Sun,882
B008655,2025-06-23,V020,singles,T0105,T0111,1,1,T0111,T0105,away,11,154.09,0,Harsh Sun,1479
B008656,2026-02-07,V005,singles,T0013,T0036,1,1,T0013,T0036,home,6,388.42,0,Moonless,1041
B008657,2026-02-09,V030,singles,T0078,T0180,1,1,T0078,T0180,home,7,60.73,0,Sunny,742
B008658,2025-05-09,V004,doubles,T0150,T0108,2,2,T0108,T0150,away,7,65.57,0,Moonless,695
B008659,2025-09-21,V045,singles,T0011,T0051,1,1,T0051,T0011,away,13,229.24,0,Odd Aura,553
B008660,2024-03-26,V047,doubles,T0076,T0139,2,2,T0076,T0139,home,14,491.95,0,Sandstorm,374
B008661,2024-10-22,V015,triples,T0029,T0080,3,2,T0029,T0080,home,14,151.61,0,Glittering,199
B008662,2024-09-26,V046,singles,T0067,T0050,1,1,T0067,T0050,home,9,45.68,0,Sandstorm,545
B008663,2024-09-30,V034,doubles,T0152,T0062,2,2,T0062,T0152,away,12,503.22,0,Hail,1712
B008664,2025-03-26,V016,singles,T0012,T0125,1,1,T0012,T0125,home,8,350.13,0,Clear,194
B008665,2024-10-04,V018,singles,T0021,T0152,1,1,T0021,T0152,home,5,41.96,0,Clear,1660
B008666,2025-09-24,V007,singles,T0018,T0156,1,1,T0018,T0156,home,9,253.1,0,High Winds,1292
B008667,2024-02-25,V035,singles,T0118,T0076,1,2,T0076,T0118,away,11,504.23,0,Hail,355
B008668,2024-07-31,V020,doubles,T0009,T0151,2,2,T0151,T0009,away,8,140.95,0,Harsh Sun,1494
B008669,2024-07-14,V002,singles,T0083,T0023,1,1,T0023,T0083,away,9,55.09,0,Breezy,1159
B008670,2024-05-09,V022,doubles,T0087,T0038,2,2,T0038,T0087,away,21,53.0,1,Windy,1144
B008671,2024-01-06,V053,singles,T0015,T0147,1,1,T0147,T0015,away,7,5.1,0,Rain,436
B008672,2024-06-21,V041,triples,T0127,T0079,3,3,T0079,T0127,away,15,301.22,0,Smog,548
B008673,2026-02-08,V011,singles,T0095,T0080,1,1,T0095,T0080,home,11,24.42,0,Thunderstorm,177
B008674,2024-09-14,V021,doubles,T0103,T0078,2,2,T0103,T0078,home,12,56.76,0,Harsh Sun,217
B008675,2024-11-23,V040,singles,T0035,T0027,1,1,T0035,T0027,home,12,166.27,0,Smog,230
B008676,2025-05-29,V048,doubles,T0159,T0042,2,2,T0159,T0042,home,14,405.53,0,Sandstorm,1856
B008677,2024-11-15,V037,singles,T0005,T0017,1,1,T0005,T0017,home,13,299.79,0,Clear,1106
B008678,2025-09-23,V026,doubles,T0096,T0050,2,2,T0050,T0096,away,18,80.54,0,Fog,561
B008679,2024-02-18,V045,triples,T0141,T0118,3,3,T0118,T0141,away,14,196.98,0,Odd Aura,443
B008680,2024-08-05,V037,doubles,T0160,T0169,2,2,T0160,T0169,home,9,21.43,0,Clear,1246
B008681,2026-02-06,V028,triples,T0077,T0158,3,3,T0077,T0158,home,11,107.2,0,Sunny,864
B008682,2024-06-23,V050,doubles,T0100,T0082,2,2,T0082,T0100,away,20,258.63,1,Overcast,229
B008683,2026-03-29,V044,triples,T0104,T0142,3,3,T0142,T0104,away,13,573.88,0,Odd Aura,1482
B008684,2025-04-23,V017,doubles,T0015,T0010,2,2,T0010,T0015,away,11,2.26,0,Clear,676
B008685,2025-12-21,V044,singles,T0048,T0125,1,1,T0125,T0048,away,13,115.16,0,Odd Aura,1360
B008686,2024-12-12,V053,singles,T0053,T0092,1,1,T0053,T0092,home,12,125.29,0,Rain,395
B008687,2025-11-03,V012,doubles,T0061,T0114,2,2,T0114,T0061,away,15,451.01,0,Thunderstorm,994
B008688,2025-05-09,V002,doubles,T0006,T0079,2,2,T0006,T0079,home,9,470.58,0,Breezy,906
B008689,2024-04-07,V012,singles,T0021,T0086,1,1,T0021,T0086,home,10,73.96,0,Thunderstorm,1008
B008690,2024-01-15,V047,triples,T0015,T0008,3,3,T0008,T0015,away,13,64.6,0,Sandstorm,241
B008691,2024-05-07,V034,triples,T0024,T0035,3,3,T0024,T0035,home,19,60.99,0,Hail,1398
B008692,2024-05-28,V047,singles,T0076,T0106,1,1,T0106,T0076,away,10,97.36,0,Sandstorm,310
B008693,2024-10-02,V015,doubles,T0132,T0080,2,2,T0132,T0080,home,16,80.31,0,Glittering,196
B008694,2024-09-06,V011,singles,T0011,T0113,1,1,T0113,T0011,away,8,157.91,0,Thunderstorm,178
B008695,2025-11-16,V008,singles,T0030,T0035,1,1,T0030,T0035,home,7,123.37,0,High Winds,429
B008696,2024-12-21,V004,singles,T0066,T0041,1,1,T0066,T0041,home,14,59.42,0,Moonless,610
B008697,2024-06-13,V029,doubles,T0029,T0126,2,2,T0126,T0029,away,13,624.74,0,Sunny,393
B008698,2026-02-13,V026,singles,T0091,T0046,1,1,T0091,T0046,home,10,189.0,0,Fog,623
B008699,2025-11-17,V004,doubles,T0101,T0016,2,2,T0016,T0101,away,11,157.18,0,Moonless,641
B008700,2024-12-09,V048,doubles,T0094,T0086,2,2,T0086,T0094,away,16,295.67,0,Sandstorm,2062
B008701,2025-12-16,V039,doubles,T0049,T0063,2,2,T0063,T0049,away,12,119.51,0,Clear,601
B008702,2024-10-30,V023,singles,T0172,T0146,1,1,T0146,T0172,away,7,98.98,0,Windy,1398
B008703,2025-07-23,V045,singles,T0161,T0087,1,1,T0161,T0087,home,12,54.18,0,Odd Aura,543
B008704,2025-02-12,V019,triples,T0057,T0100,3,3,T0057,T0100,home,8,223.69,0,Harsh Sun,1057
B008705,2024-08-21,V044,doubles,T0047,T0062,2,2,T0047,T0062,home,13,154.89,0,Odd Aura,1574
B008706,2025-02-28,V003,singles,T0061,T0034,1,1,T0061,T0034,home,7,53.94,0,Breezy,635
B008707,2026-01-23,V034,singles,T0077,T0102,1,1,T0077,T0102,home,11,223.19,0,Hail,1560
B008708,2024-12-12,V023,doubles,T0098,T0079,2,2,T0098,T0079,home,24,363.77,1,Windy,1231
B008709,2024-07-15,V006,doubles,T0098,T0132,2,2,T0098,T0132,home,9,284.31,0,Moonless,476
B008710,2025-06-05,V021,doubles,T0068,T0174,2,2,T0068,T0174,home,22,307.27,1,Harsh Sun,150
B008711,2025-04-08,V048,doubles,T0120,T0070,2,2,T0120,T0070,home,8,125.61,0,Sandstorm,1959
B008712,2025-11-08,V002,triples,T0055,T0052,3,3,T0055,T0052,home,10,184.36,0,Breezy,1096
B008713,2026-02-11,V015,doubles,T0027,T0115,2,2,T0115,T0027,away,12,154.89,0,Glittering,192
B008714,2025-11-30,V028,singles,T0083,T0151,1,1,T0083,T0151,home,13,40.71,0,Sunny,960
B008715,2024-05-27,V006,singles,T0086,T0100,1,1,T0100,T0086,away,13,15.14,0,Moonless,525
B008716,2024-01-31,V018,singles,T0103,T0090,1,1,T0090,T0103,away,11,54.83,0,Clear,1376
B008717,2024-07-30,V004,doubles,T0134,T0006,2,2,T0006,T0134,away,11,160.53,0,Moonless,587
B008718,2025-11-01,V035,doubles,T0005,T0122,2,2,T0005,T0122,home,7,269.93,0,Hail,411
B008719,2024-09-26,V041,doubles,T0114,T0036,2,2,T0036,T0114,away,13,87.79,0,Smog,423
B008720,2025-03-09,V003,singles,T0079,T0089,1,1,T0089,T0079,away,7,101.69,0,Breezy,426
B008721,2025-06-01,V033,singles,T0133,T0117,1,1,T0117,T0133,away,9,246.32,0,Dusty,1489
B008722,2024-01-25,V019,singles,T0057,T0070,1,1,T0057,T0070,home,6,193.54,0,Harsh Sun,999
B008723,2025-10-25,V043,doubles,T0145,T0063,2,2,T0145,T0063,home,14,83.77,0,Odd Aura,1080
B008724,2024-01-11,V006,doubles,T0125,T0179,2,2,T0125,T0179,home,10,180.8,0,Moonless,391
B008725,2025-05-20,V035,doubles,T0151,T0177,2,2,T0151,T0177,home,20,0.5,1,Hail,281
B008726,2025-05-11,V012,triples,T0093,T0006,3,3,T0006,T0093,away,12,73.42,0,Thunderstorm,1164
B008727,2026-03-08,V024,doubles,T0032,T0078,2,2,T0078,T0032,away,12,166.78,0,Windy,1254
B008728,2025-01-12,V010,doubles,T0109,T0088,2,2,T0088,T0109,away,15,261.81,0,Thunderstorm,563
B008729,2025-07-31,V038,triples,T0041,T0077,3,3,T0041,T0077,home,21,481.9,1,Clear,656
B008730,2025-05-01,V025,triples,T0114,T0140,3,3,T0114,T0140,home,14,485.09,0,Fog,1067
B008731,2025-12-09,V052,singles,T0151,T0048,1,1,T0151,T0048,home,14,1.68,0,Rain,674
B008732,2024-04-07,V026,singles,T0175,T0021,1,1,T0175,T0021,home,11,12.76,0,Fog,383
B008733,2025-12-27,V050,singles,T0100,T0111,1,1,T0100,T0111,home,14,79.07,0,Overcast,193
B008734,2025-06-05,V016,doubles,T0140,T0081,2,2,T0140,T0081,home,9,27.58,0,Clear,145
B008735,2025-12-24,V024,triples,T0113,T0101,3,3,T0101,T0113,away,21,214.69,1,Windy,803
B008736,2025-01-07,V041,singles,T0105,T0034,1,1,T0105,T0034,home,6,265.05,0,Smog,466
B008737,2025-05-13,V023,doubles,T0148,T0023,2,2,T0148,T0023,home,18,2.39,1,Windy,1343
B008738,2025-05-05,V009,doubles,T0063,T0046,2,2,T0063,T0046,home,14,397.73,0,High Winds,1794
B008739,2026-02-19,V013,doubles,T0133,T0087,2,2,T0133,T0087,home,10,245.81,0,Glittering,1780
B008740,2025-08-22,V017,singles,T0069,T0157,1,1,T0157,T0069,away,12,52.17,0,Clear,576
B008741,2025-12-16,V018,doubles,T0157,T0003,2,2,T0003,T0157,away,8,47.27,0,Clear,1372
B008742,2025-11-06,V019,doubles,T0007,T0092,2,2,T0092,T0007,away,9,129.36,0,Harsh Sun,1088
B008743,2026-03-12,V042,doubles,T0150,T0024,2,2,T0150,T0024,home,9,45.43,0,Smog,672
B008744,2024-12-07,V031,doubles,T0173,T0170,2,2,T0170,T0173,away,14,411.25,0,Dusty,438
B008745,2024-05-22,V053,triples,T0024,T0056,3,3,T0024,T0056,home,24,574.57,1,Rain,533
B008746,2024-10-28,V012,doubles,T0030,T0067,2,2,T0030,T0067,home,13,448.12,0,Thunderstorm,1034
B008747,2025-11-30,V035,singles,T0060,T0175,1,1,T0060,T0175,home,10,449.79,0,Hail,379
B008748,2024-05-13,V038,doubles,T0094,T0023,2,2,T0094,T0023,home,5,81.63,0,Clear,858
B008749,2026-01-20,V004,doubles,T0093,T0162,2,2,T0093,T0162,home,7,90.71,0,Moonless,735
B008750,2024-11-13,V046,doubles,T0007,T0010,2,2,T0007,T0010,home,16,308.33,0,Sandstorm,519
B008751,2026-02-13,V040,singles,T0177,T0143,1,1,T0143,T0177,away,11,104.42,0,Smog,251
B008752,2025-08-17,V020,doubles,T0098,T0015,2,2,T0015,T0098,away,14,383.5,0,Harsh Sun,1696
B008753,2025-12-20,V047,doubles,T0073,T0075,2,2,T0073,T0075,home,22,27.02,1,Sandstorm,296
B008754,2025-12-30,V020,doubles,T0016,T0119,2,2,T0119,T0016,away,13,208.54,0,Harsh Sun,1993
B008755,2025-10-25,V011,singles,T0174,T0008,1,1,T0174,T0008,home,5,274.06,0,Thunderstorm,158
B008756,2024-11-18,V016,singles,T0070,T0074,1,1,T0070,T0074,home,10,20.65,0,Clear,188
B008757,2026-03-11,V016,singles,T0033,T0040,1,1,T0040,T0033,away,10,256.48,0,Clear,149
B008758,2025-07-01,V012,triples,T0015,T0147,3,3,T0015,T0147,home,9,354.91,0,Thunderstorm,812
B008759,2025-04-23,V046,doubles,T0124,T0013,2,2,T0013,T0124,away,11,133.71,0,Sandstorm,475
B008760,2024-10-19,V020,triples,T0105,T0139,3,2,T0105,T0139,home,13,510.05,0,Harsh Sun,1707
B008761,2024-02-16,V022,triples,T0113,T0114,3,3,T0113,T0114,home,15,231.5,0,Windy,1222
B008762,2025-03-01,V030,doubles,T0018,T0093,2,2,T0093,T0018,away,12,310.76,0,Sunny,638
B008763,2024-09-25,V037,doubles,T0134,T0007,2,2,T0007,T0134,away,14,16.97,0,Clear,1225
B008764,2024-05-02,V033,singles,T0116,T0089,1,2,T0089,T0116,away,8,629.6,0,Dusty,1728
B008765,2025-08-01,V014,doubles,T0066,T0159,2,2,T0066,T0159,home,10,117.63,0,Glittering,1395
B008766,2026-01-28,V029,doubles,T0031,T0140,2,2,T0031,T0140,home,13,295.31,0,Sunny,554
B008767,2026-03-05,V035,triples,T0064,T0128,3,3,T0128,T0064,away,22,165.54,1,Hail,388
B008768,2024-02-19,V014,singles,T0075,T0161,1,1,T0161,T0075,away,7,72.63,0,Glittering,1407
B008769,2025-09-01,V019,doubles,T0120,T0128,2,2,T0128,T0120,away,13,216.06,0,Harsh Sun,1221
B008770,2025-11-19,V017,doubles,T0101,T0080,2,2,T0080,T0101,away,7,68.82,0,Clear,858
B008771,2025-02-16,V033,triples,T0154,T0092,3,3,T0092,T0154,away,20,187.3,1,Dusty,1111
B008772,2025-02-06,V014,singles,T0133,T0038,1,2,T0038,T0133,away,10,792.89,0,Glittering,1654
B008773,2024-02-03,V008,singles,T0030,T0065,1,1,T0065,T0030,away,10,240.93,0,High Winds,291
B008774,2024-01-23,V012,singles,T0036,T0049,1,1,T0049,T0036,away,12,130.64,0,Thunderstorm,938
B008775,2024-10-09,V002,triples,T0147,T0153,3,3,T0147,T0153,home,24,542.44,1,Breezy,1177
B008776,2025-07-03,V010,doubles,T0068,T0029,2,2,T0068,T0029,home,11,142.34,0,Thunderstorm,575
B008777,2025-01-22,V050,singles,T0030,T0155,1,1,T0155,T0030,away,7,71.66,0,Overcast,197
B008778,2026-03-20,V019,triples,T0107,T0179,3,3,T0179,T0107,away,10,247.81,0,Harsh Sun,906
B008779,2024-10-31,V005,doubles,T0046,T0084,2,2,T0046,T0084,home,6,31.74,0,Moonless,1096
B008780,2024-02-20,V019,doubles,T0017,T0101,2,2,T0017,T0101,home,19,237.1,1,Harsh Sun,908
B008781,2025-10-18,V046,singles,T0129,T0014,1,1,T0129,T0014,home,4,97.48,0,Sandstorm,511
B008782,2026-02-25,V025,singles,T0109,T0026,1,1,T0109,T0026,home,8,89.55,0,Fog,1089
B008783,2025-04-01,V015,doubles,T0094,T0018,2,2,T0018,T0094,away,8,458.43,0,Glittering,200
B008784,2024-08-06,V048,triples,T0100,T0139,3,3,T0100,T0139,home,13,23.07,0,Sandstorm,2170
B008785,2026-01-31,V023,singles,T0008,T0118,1,1,T0008,T0118,home,13,37.11,0,Windy,1379
B008786,2024-09-01,V030,singles,T0150,T0050,1,1,T0050,T0150,away,8,192.5,0,Sunny,788
B008787,2025-06-14,V044,doubles,T0128,T0120,2,2,T0128,T0120,home,13,371.94,0,Odd Aura,1644
B008788,2024-05-23,V038,singles,T0010,T0110,1,1,T0110,T0010,away,10,76.53,0,Clear,831
B008789,2025-08-16,V044,doubles,T0102,T0019,2,2,T0102,T0019,home,11,8.47,0,Odd Aura,1637
B008790,2025-10-24,V033,singles,T0032,T0022,1,1,T0032,T0022,home,9,116.57,0,Dusty,1670
B008791,2025-07-01,V012,triples,T0020,T0138,3,3,T0020,T0138,home,21,342.17,1,Thunderstorm,959
B008792,2026-03-05,V028,doubles,T0153,T0025,2,1,T0153,T0025,home,12,561.61,0,Sunny,893
B008793,2024-06-01,V005,singles,T0068,T0139,1,2,T0139,T0068,away,7,536.85,0,Moonless,1100
B008794,2025-05-27,V005,triples,T0064,T0114,3,3,T0114,T0064,away,17,289.76,0,Moonless,1087
B008795,2024-07-30,V038,singles,T0172,T0080,1,1,T0080,T0172,away,6,296.86,0,Clear,864
B008796,2025-09-05,V032,doubles,T0049,T0063,2,2,T0063,T0049,away,9,66.4,0,Dusty,1162
B008797,2025-09-06,V042,singles,T0148,T0074,1,1,T0148,T0074,home,8,370.17,0,Smog,646
B008798,2024-08-03,V013,singles,T0053,T0038,1,1,T0053,T0038,home,9,106.26,0,Glittering,1798
B008799,2024-02-18,V035,singles,T0005,T0082,1,1,T0005,T0082,home,4,143.46,0,Hail,283
B008800,2025-08-03,V002,singles,T0038,T0036,1,1,T0038,T0036,home,15,85.59,0,Breezy,1118
B008801,2024-01-28,V005,doubles,T0124,T0064,2,2,T0124,T0064,home,11,400.41,0,Moonless,1005
B008802,2026-01-17,V044,doubles,T0116,T0082,2,2,T0082,T0116,away,10,266.7,0,Odd Aura,1344
B008803,2024-12-01,V011,singles,T0028,T0094,1,1,T0028,T0094,home,13,133.12,0,Thunderstorm,139
B008804,2026-02-20,V020,singles,T0026,T0044,1,1,T0026,T0044,home,14,59.72,0,Harsh Sun,1643
B008805,2025-01-23,V035,doubles,T0085,T0060,2,2,T0085,T0060,home,24,316.85,1,Hail,328
B008806,2024-06-16,V028,doubles,T0069,T0105,2,2,T0105,T0069,away,13,95.32,0,Sunny,986
B008807,2025-10-10,V042,triples,T0022,T0156,3,3,T0022,T0156,home,9,447.12,0,Smog,590
B008808,2025-05-24,V050,doubles,T0123,T0083,2,2,T0123,T0083,home,9,183.27,0,Overcast,139
B008809,2025-05-31,V025,doubles,T0143,T0105,2,2,T0105,T0143,away,9,282.47,0,Fog,1067
B008810,2025-04-18,V036,singles,T0060,T0045,1,1,T0060,T0045,home,10,48.81,0,Hail,666
B008811,2025-07-28,V035,doubles,T0005,T0079,2,2,T0005,T0079,home,12,350.37,0,Hail,369
B008812,2025-07-06,V032,doubles,T0141,T0169,2,2,T0141,T0169,home,12,187.62,0,Dusty,1438
B008813,2024-09-24,V043,singles,T0098,T0150,1,1,T0098,T0150,home,14,229.91,0,Odd Aura,1211
B008814,2025-03-07,V008,triples,T0052,T0056,3,3,T0052,T0056,home,11,95.31,0,High Winds,368
B008815,2025-08-19,V037,singles,T0002,T0150,1,1,T0150,T0002,away,15,190.66,0,Clear,941
B008816,2025-11-10,V042,triples,T0083,T0166,3,3,T0166,T0083,away,10,125.23,0,Smog,792
B008817,2025-11-26,V031,doubles,T0152,T0167,2,2,T0152,T0167,home,16,54.23,1,Dusty,394
B008818,2024-11-13,V004,singles,T0063,T0049,1,1,T0063,T0049,home,13,190.81,0,Moonless,846
B008819,2025-09-15,V011,singles,T0032,T0082,1,1,T0032,T0082,home,14,233.19,0,Thunderstorm,127
B008820,2025-10-09,V053,doubles,T0026,T0127,2,2,T0026,T0127,home,12,149.28,0,Rain,489
B008821,2024-04-14,V020,singles,T0011,T0106,1,1,T0011,T0106,home,6,161.75,0,Harsh Sun,1511
B008822,2025-11-13,V035,doubles,T0055,T0158,2,2,T0055,T0158,home,12,172.72,0,Hail,375
B008823,2025-06-01,V047,triples,T0054,T0042,3,3,T0054,T0042,home,12,427.57,0,Sandstorm,364
B008824,2024-11-07,V047,doubles,T0061,T0040,2,3,T0040,T0061,away,13,495.7,0,Sandstorm,404
B008825,2025-12-30,V019,singles,T0018,T0112,1,1,T0112,T0018,away,7,24.43,0,Harsh Sun,1344
B008826,2024-04-11,V048,triples,T0088,T0106,3,3,T0088,T0106,home,13,305.74,0,Sandstorm,2242
B008827,2025-12-04,V054,triples,T0068,T0104,3,3,T0104,T0068,away,16,165.96,0,Rain,655
B008828,2024-03-10,V012,doubles,T0180,T0124,2,2,T0124,T0180,away,8,156.57,0,Thunderstorm,962
B008829,2025-09-18,V045,singles,T0041,T0140,1,1,T0041,T0140,home,10,225.52,0,Odd Aura,474
B008830,2025-11-14,V029,singles,T0133,T0164,1,1,T0133,T0164,home,9,221.9,0,Sunny,413
B008831,2024-08-30,V040,doubles,T0153,T0164,2,2,T0153,T0164,home,10,224.73,0,Smog,214
B008832,2024-09-09,V005,singles,T0152,T0044,1,1,T0152,T0044,home,15,135.51,0,Moonless,1083
B008833,2024-12-01,V048,doubles,T0028,T0131,2,2,T0131,T0028,away,14,482.27,0,Sandstorm,2243
B008834,2024-10-20,V009,doubles,T0130,T0056,2,2,T0130,T0056,home,24,197.9,1,High Winds,1938
B008835,2025-10-05,V010,doubles,T0089,T0013,2,2,T0013,T0089,away,10,141.76,0,Thunderstorm,501
B008836,2025-04-08,V030,doubles,T0034,T0003,2,2,T0034,T0003,home,10,113.35,0,Sunny,603
B008837,2025-12-20,V034,doubles,T0148,T0017,2,2,T0017,T0148,away,10,23.6,0,Hail,1614
B008838,2025-08-01,V019,singles,T0133,T0037,1,1,T0037,T0133,away,9,233.34,0,Harsh Sun,1175
B008839,2024-01-22,V015,triples,T0032,T0153,3,3,T0153,T0032,away,23,28.09,1,Glittering,149
B008840,2024-01-26,V008,doubles,T0101,T0020,2,2,T0020,T0101,away,11,97.06,0,High Winds,272
B008841,2024-12-08,V028,singles,T0126,T0084,1,1,T0084,T0126,away,11,39.16,0,Sunny,620
B008842,2025-04-24,V033,triples,T0078,T0094,3,3,T0078,T0094,home,13,190.38,0,Dusty,1577
B008843,2026-03-24,V044,singles,T0170,T0165,1,1,T0165,T0170,away,8,134.88,0,Odd Aura,1429
B008844,2024-06-24,V027,doubles,T0158,T0031,2,2,T0031,T0158,away,15,377.02,0,Fog,744
B008845,2024-02-08,V016,singles,T0159,T0068,1,1,T0159,T0068,home,5,151.24,0,Clear,218
B008846,2024-11-12,V030,doubles,T0174,T0166,2,2,T0174,T0166,home,13,39.65,0,Sunny,664
B008847,2025-04-05,V015,doubles,T0132,T0043,2,2,T0132,T0043,home,9,306.2,0,Glittering,176
B008848,2024-01-11,V007,triples,T0166,T0095,3,3,T0166,T0095,home,16,124.79,0,High Winds,1578
B008849,2025-12-10,V044,singles,T0075,T0097,1,1,T0097,T0075,away,11,91.44,0,Odd Aura,1565
B008850,2024-02-29,V040,doubles,T0168,T0157,2,2,T0157,T0168,away,10,48.59,0,Smog,246
B008851,2025-09-04,V023,triples,T0150,T0037,3,3,T0150,T0037,home,15,394.4,0,Windy,1288
B008852,2026-02-21,V014,triples,T0063,T0173,3,3,T0063,T0173,home,12,603.0,0,Glittering,1600
B008853,2026-01-01,V024,doubles,T0012,T0126,2,2,T0126,T0012,away,15,478.71,0,Windy,1002
B008854,2026-02-12,V052,singles,T0179,T0011,1,1,T0179,T0011,home,8,79.05,0,Rain,582
B008855,2025-12-09,V019,doubles,T0093,T0096,2,2,T0093,T0096,home,14,163.24,0,Harsh Sun,958
B008856,2024-04-01,V024,singles,T0090,T0047,1,1,T0047,T0090,away,12,16.35,0,Windy,936
B008857,2024-02-04,V004,doubles,T0077,T0080,2,2,T0080,T0077,away,14,131.13,0,Moonless,660
B008858,2026-02-14,V025,doubles,T0166,T0111,2,2,T0111,T0166,away,11,79.86,0,Fog,1190
B008859,2024-07-27,V008,doubles,T0072,T0146,2,2,T0146,T0072,away,9,131.51,0,High Winds,443
B008860,2025-04-26,V022,triples,T0113,T0081,3,3,T0113,T0081,home,13,102.99,0,Windy,1077
B008861,2024-08-14,V027,singles,T0150,T0065,1,1,T0065,T0150,away,10,104.66,0,Fog,718
B008862,2025-03-31,V009,doubles,T0095,T0069,2,2,T0095,T0069,home,21,259.29,1,High Winds,1993
B008863,2024-03-26,V051,singles,T0056,T0102,1,1,T0056,T0102,home,7,71.68,0,Overcast,463
B008864,2025-09-05,V021,singles,T0066,T0108,1,1,T0066,T0108,home,4,269.19,0,Harsh Sun,233
B008865,2024-12-20,V029,doubles,T0108,T0052,2,2,T0108,T0052,home,10,196.16,0,Sunny,569
B008866,2026-02-25,V022,singles,T0162,T0056,1,1,T0056,T0162,away,15,4.88,0,Windy,968
B008867,2025-12-30,V027,triples,T0036,T0144,3,3,T0144,T0036,away,13,56.7,0,Fog,708
B008868,2025-12-04,V036,singles,T0092,T0045,1,1,T0045,T0092,away,5,79.99,0,Hail,770
B008869,2024-01-28,V046,doubles,T0130,T0054,2,2,T0130,T0054,home,12,433.1,0,Sandstorm,499
B008870,2025-06-06,V010,singles,T0118,T0081,1,2,T0081,T0118,away,9,486.1,0,Thunderstorm,489
B008871,2024-09-08,V023,doubles,T0090,T0126,2,2,T0090,T0126,home,11,61.09,0,Windy,1073
B008872,2025-07-10,V054,triples,T0077,T0064,3,3,T0077,T0064,home,15,301.86,0,Rain,272
B008873,2026-03-17,V024,singles,T0047,T0107,1,1,T0107,T0047,away,10,70.36,0,Windy,797
B008874,2025-07-01,V040,singles,T0126,T0072,1,1,T0126,T0072,home,9,397.25,0,Smog,231
B008875,2026-01-19,V030,singles,T0078,T0036,1,1,T0036,T0078,away,16,136.9,0,Sunny,815
B008876,2024-02-05,V022,doubles,T0063,T0153,2,2,T0063,T0153,home,11,73.15,0,Windy,1038
B008877,2025-06-01,V016,singles,T0037,T0119,1,1,T0119,T0037,away,12,77.48,0,Clear,249
B008878,2024-07-19,V014,doubles,T0079,T0133,2,2,T0133,T0079,away,17,108.13,0,Glittering,1424
B008879,2025-04-02,V001,doubles,T0055,T0110,2,1,T0055,T0110,home,13,720.06,0,Breezy,834
B008880,2025-06-20,V037,doubles,T0062,T0037,2,2,T0037,T0062,away,16,634.68,0,Clear,1161
B008881,2024-01-05,V042,singles,T0097,T0070,1,1,T0097,T0070,home,7,67.59,0,Smog,617
B008882,2025-09-12,V031,doubles,T0060,T0129,2,3,T0129,T0060,away,14,458.75,0,Dusty,560
B008883,2024-04-30,V016,doubles,T0050,T0102,2,2,T0102,T0050,away,15,84.63,0,Clear,160
B008884,2025-11-15,V039,doubles,T0043,T0137,2,2,T0043,T0137,home,18,302.88,1,Clear,619
B008885,2026-01-29,V007,triples,T0148,T0083,3,3,T0148,T0083,home,12,109.32,0,High Winds,1245
B008886,2024-11-21,V021,doubles,T0178,T0024,2,2,T0178,T0024,home,12,364.99,0,Harsh Sun,244
B008887,2025-02-07,V049,triples,T0156,T0158,3,3,T0156,T0158,home,24,186.06,1,Overcast,599
B008888,2025-01-31,V014,doubles,T0066,T0067,2,3,T0067,T0066,away,12,172.57,0,Glittering,1082
B008889,2026-01-10,V038,doubles,T0028,T0001,2,2,T0001,T0028,away,13,281.51,0,Clear,946
B008890,2024-08-28,V004,doubles,T0117,T0055,2,2,T0117,T0055,home,12,286.39,0,Moonless,730
B008891,2024-10-10,V022,singles,T0093,T0152,1,1,T0093,T0152,home,13,120.54,0,Windy,1154
B008892,2025-09-20,V031,triples,T0130,T0035,3,3,T0035,T0130,away,22,140.84,1,Dusty,482
B008893,2024-07-11,V004,doubles,T0036,T0056,2,2,T0056,T0036,away,12,71.29,0,Moonless,802
B008894,2024-04-03,V033,doubles,T0155,T0177,2,2,T0155,T0177,home,7,475.88,0,Dusty,1811
B008895,2024-05-13,V047,triples,T0021,T0155,3,3,T0155,T0021,away,19,61.05,0,Sandstorm,335
B008896,2025-03-04,V008,singles,T0052,T0058,1,1,T0058,T0052,away,7,129.74,0,High Winds,403
B008897,2025-11-20,V016,singles,T0092,T0017,1,1,T0092,T0017,home,10,124.12,0,Clear,202
B008898,2025-07-13,V002,doubles,T0083,T0031,2,2,T0083,T0031,home,17,4.16,0,Breezy,952
B008899,2024-09-03,V025,doubles,T0069,T0178,2,2,T0178,T0069,away,18,421.44,1,Fog,1140
B008900,2025-01-27,V029,triples,T0092,T0161,3,2,T0092,T0161,home,11,131.35,0,Sunny,381
B008901,2026-02-27,V035,triples,T0143,T0096,3,3,T0096,T0143,away,15,26.22,0,Hail,330
B008902,2025-06-16,V039,doubles,T0159,T0038,2,2,T0159,T0038,home,13,410.11,0,Clear,496
B008903,2024-05-13,V052,triples,T0179,T0160,3,3,T0179,T0160,home,19,198.89,0,Rain,547
B008904,2024-10-05,V028,singles,T0128,T0088,1,1,T0128,T0088,home,7,13.92,0,Sunny,679
B008905,2026-01-05,V005,doubles,T0173,T0052,2,2,T0173,T0052,home,12,215.48,0,Moonless,1141
B008906,2025-12-21,V033,doubles,T0170,T0157,2,2,T0170,T0157,home,14,367.3,0,Dusty,1862
B008907,2025-03-02,V017,doubles,T0108,T0144,2,2,T0144,T0108,away,13,249.92,0,Clear,606
B008908,2026-02-19,V027,singles,T0054,T0113,1,1,T0113,T0054,away,10,36.59,0,Fog,792
B008909,2025-11-27,V020,doubles,T0076,T0069,2,2,T0069,T0076,away,13,93.42,0,Harsh Sun,1892
B008910,2025-11-05,V047,doubles,T0010,T0112,2,2,T0112,T0010,away,20,457.16,1,Sandstorm,307
B008911,2024-10-08,V033,singles,T0084,T0079,1,1,T0084,T0079,home,15,221.31,0,Dusty,1717
B008912,2025-12-08,V027,triples,T0043,T0007,3,3,T0043,T0007,home,15,146.47,0,Fog,720
B008913,2024-02-02,V049,singles,T0124,T0077,1,1,T0124,T0077,home,7,205.48,0,Overcast,770
B008914,2024-07-21,V009,singles,T0122,T0100,1,2,T0100,T0122,away,9,642.4,0,High Winds,1655
B008915,2025-02-22,V040,doubles,T0102,T0157,2,3,T0157,T0102,away,12,52.69,0,Smog,280
B008916,2025-03-13,V011,singles,T0095,T0154,1,1,T0095,T0154,home,8,210.08,0,Thunderstorm,175
B008917,2024-11-25,V023,singles,T0005,T0059,1,1,T0005,T0059,home,5,86.2,0,Windy,1457
B008918,2024-06-09,V044,singles,T0138,T0155,1,1,T0138,T0155,home,6,37.44,0,Odd Aura,1672
B008919,2024-08-05,V042,singles,T0023,T0124,1,1,T0023,T0124,home,10,166.53,0,Smog,639
B008920,2026-01-13,V036,singles,T0131,T0003,1,1,T0131,T0003,home,11,2.54,0,Hail,819
B008921,2025-10-19,V041,doubles,T0053,T0054,2,2,T0053,T0054,home,14,119.27,0,Smog,579
B008922,2025-08-20,V052,singles,T0087,T0104,1,1,T0087,T0104,home,8,54.41,0,Rain,574
B008923,2025-04-07,V001,singles,T0102,T0015,1,1,T0015,T0102,away,7,279.42,0,Breezy,734
B008924,2025-03-21,V037,doubles,T0094,T0060,2,2,T0094,T0060,home,7,14.11,0,Clear,1342
B008925,2024-06-18,V054,singles,T0151,T0071,1,1,T0151,T0071,home,13,251.41,0,Rain,546
B008926,2024-10-06,V033,doubles,T0139,T0036,2,2,T0139,T0036,home,10,177.39,0,Dusty,1670
B008927,2025-07-16,V037,doubles,T0098,T0133,2,1,T0098,T0133,home,13,470.31,0,Clear,1078
B008928,2024-06-15,V042,triples,T0102,T0086,3,3,T0086,T0102,away,15,308.46,0,Smog,615
B008929,2025-05-27,V020,triples,T0009,T0128,3,3,T0009,T0128,home,15,107.43,0,Harsh Sun,1696
B008930,2025-02-28,V036,doubles,T0050,T0134,2,2,T0134,T0050,away,24,48.32,1,Hail,782
B008931,2025-06-01,V027,singles,T0058,T0169,1,1,T0169,T0058,away,9,31.49,0,Fog,691
B008932,2025-09-05,V033,singles,T0104,T0136,1,1,T0136,T0104,away,10,39.32,0,Dusty,1716
B008933,2024-09-14,V017,doubles,T0093,T0016,2,2,T0093,T0016,home,8,76.69,0,Clear,642
B008934,2026-03-23,V020,singles,T0016,T0180,1,1,T0016,T0180,home,7,124.81,0,Harsh Sun,1617
B008935,2025-12-04,V010,singles,T0062,T0034,1,1,T0062,T0034,home,11,154.05,0,Thunderstorm,520
B008936,2025-04-07,V006,doubles,T0004,T0089,2,2,T0089,T0004,away,9,370.82,0,Moonless,509
B008937,2024-08-01,V021,triples,T0178,T0112,3,3,T0112,T0178,away,17,194.94,0,Harsh Sun,229
B008938,2024-12-01,V053,singles,T0086,T0041,1,1,T0086,T0041,home,10,313.34,0,Rain,462
B008939,2025-08-04,V005,singles,T0009,T0035,1,1,T0035,T0009,away,16,29.13,0,Moonless,912
B008940,2025-02-09,V053,doubles,T0053,T0073,2,2,T0053,T0073,home,13,24.18,0,Rain,413
B008941,2025-12-15,V043,singles,T0041,T0045,1,1,T0041,T0045,home,9,440.35,0,Odd Aura,1229
B008942,2024-09-22,V054,singles,T0088,T0096,1,1,T0088,T0096,home,14,86.17,0,Rain,601
B008943,2026-03-09,V015,doubles,T0120,T0168,2,2,T0168,T0120,away,7,119.36,0,Glittering,143
B008944,2025-08-08,V049,doubles,T0169,T0032,2,2,T0032,T0169,away,13,288.07,0,Overcast,708
B008945,2024-12-10,V012,singles,T0145,T0157,1,1,T0157,T0145,away,7,166.0,0,Thunderstorm,888
B008946,2024-03-06,V047,singles,T0101,T0012,1,1,T0012,T0101,away,10,107.06,0,Sandstorm,362
B008947,2024-06-15,V044,doubles,T0121,T0007,2,3,T0007,T0121,away,12,613.28,0,Odd Aura,1207
B008948,2026-02-05,V008,triples,T0071,T0155,3,3,T0155,T0071,away,16,16.29,0,High Winds,369
B008949,2024-01-01,V005,doubles,T0022,T0151,2,2,T0151,T0022,away,22,74.99,1,Moonless,1207
B008950,2024-11-29,V021,doubles,T0134,T0099,2,2,T0099,T0134,away,18,287.51,1,Harsh Sun,164
B008951,2025-08-09,V006,triples,T0080,T0153,3,3,T0153,T0080,away,19,165.58,0,Moonless,442
B008952,2025-11-15,V029,singles,T0122,T0006,1,1,T0122,T0006,home,9,199.25,0,Sunny,524
B008953,2025-10-11,V012,doubles,T0176,T0066,2,2,T0066,T0176,away,14,314.7,0,Thunderstorm,916
B008954,2025-12-07,V003,doubles,T0080,T0023,2,2,T0080,T0023,home,17,247.7,0,Breezy,517
B008955,2026-02-23,V012,doubles,T0050,T0035,2,2,T0050,T0035,home,8,146.48,0,Thunderstorm,1109
B008956,2025-03-30,V035,triples,T0161,T0117,3,3,T0117,T0161,away,15,74.69,0,Hail,341
B008957,2024-02-24,V013,singles,T0123,T0100,1,1,T0100,T0123,away,9,43.41,0,Glittering,1610
B008958,2025-02-04,V025,doubles,T0068,T0056,2,2,T0056,T0068,away,9,55.1,0,Fog,1218
B008959,2025-04-24,V023,singles,T0042,T0125,1,1,T0125,T0042,away,4,254.02,0,Windy,1191
B008960,2024-12-29,V045,triples,T0090,T0036,3,3,T0090,T0036,home,16,50.32,0,Odd Aura,504
B008961,2026-03-22,V028,singles,T0098,T0105,1,1,T0105,T0098,away,6,210.45,0,Sunny,946
B008962,2026-03-03,V022,doubles,T0070,T0021,2,2,T0070,T0021,home,17,138.28,0,Windy,1168
B008963,2024-11-08,V011,singles,T0165,T0176,1,1,T0165,T0176,home,4,209.12,0,Thunderstorm,174
B008964,2025-07-09,V026,singles,T0070,T0049,1,1,T0070,T0049,home,14,6.72,0,Fog,591
B008965,2024-07-30,V028,singles,T0003,T0005,1,1,T0005,T0003,away,6,389.14,0,Sunny,923
B008966,2025-12-24,V017,singles,T0129,T0018,1,1,T0129,T0018,home,10,184.98,0,Clear,563
B008967,2024-12-07,V014,singles,T0037,T0035,1,1,T0037,T0035,home,9,8.08,0,Glittering,1299
B008968,2025-02-13,V016,doubles,T0022,T0124,2,2,T0124,T0022,away,16,382.72,0,Clear,184
B008969,2024-02-29,V040,doubles,T0028,T0151,2,2,T0028,T0151,home,24,244.75,1,Smog,301
B008970,2024-10-07,V028,singles,T0117,T0004,1,1,T0117,T0004,home,8,86.13,0,Sunny,555
B008971,2025-09-18,V029,singles,T0138,T0080,1,1,T0080,T0138,away,13,67.24,0,Sunny,365
B008972,2025-03-22,V009,singles,T0109,T0176,1,1,T0109,T0176,home,10,11.09,0,High Winds,1873
B008973,2025-11-07,V019,triples,T0116,T0045,3,3,T0045,T0116,away,20,89.95,1,Harsh Sun,1003
B008974,2024-02-28,V044,doubles,T0136,T0016,2,2,T0016,T0136,away,21,108.16,1,Odd Aura,1279
B008975,2025-10-07,V020,doubles,T0133,T0053,2,2,T0133,T0053,home,16,268.26,0,Harsh Sun,1621
B008976,2024-11-08,V018,triples,T0045,T0049,3,3,T0049,T0045,away,17,198.49,0,Clear,1308
B008977,2024-07-12,V008,singles,T0070,T0006,1,1,T0006,T0070,away,10,0.87,0,High Winds,382
B008978,2024-04-05,V008,singles,T0075,T0130,1,1,T0130,T0075,away,19,269.54,0,High Winds,313
B008979,2025-05-10,V035,doubles,T0005,T0174,2,1,T0005,T0174,home,11,704.0,0,Hail,313
B008980,2025-11-09,V054,triples,T0036,T0056,3,3,T0036,T0056,home,17,609.08,0,Rain,632
B008981,2024-06-21,V045,triples,T0020,T0040,3,3,T0040,T0020,away,8,264.29,0,Odd Aura,466
B008982,2025-06-12,V042,triples,T0176,T0108,3,3,T0108,T0176,away,23,68.56,1,Smog,806
B008983,2024-10-07,V002,doubles,T0173,T0074,2,2,T0074,T0173,away,8,132.1,0,Breezy,1210
B008984,2025-09-04,V052,singles,T0137,T0150,1,2,T0150,T0137,away,11,564.93,0,Rain,633
B008985,2025-04-01,V012,triples,T0149,T0075,3,3,T0149,T0075,home,10,556.26,0,Thunderstorm,986
B008986,2024-11-16,V028,triples,T0092,T0172,3,3,T0172,T0092,away,16,174.72,1,Sunny,821
B008987,2026-01-28,V025,doubles,T0163,T0131,2,2,T0131,T0163,away,17,457.22,0,Fog,1006
B008988,2024-08-13,V038,doubles,T0130,T0046,2,2,T0130,T0046,home,7,525.17,0,Clear,759
B008989,2025-05-07,V025,triples,T0150,T0093,3,3,T0093,T0150,away,23,3.19,1,Fog,1087
B008990,2025-12-14,V033,singles,T0121,T0152,1,1,T0121,T0152,home,9,305.17,0,Dusty,1498
B008991,2024-06-18,V040,doubles,T0080,T0107,2,2,T0080,T0107,home,14,66.98,0,Smog,247
B008992,2025-09-21,V009,doubles,T0006,T0053,2,2,T0006,T0053,home,18,512.66,0,High Winds,2041
B008993,2025-07-30,V024,doubles,T0117,T0016,2,3,T0016,T0117,away,10,317.5,0,Windy,824
B008994,2024-04-08,V039,triples,T0001,T0161,3,3,T0001,T0161,home,13,163.59,0,Clear,743
B008995,2024-08-29,V042,doubles,T0112,T0151,2,2,T0112,T0151,home,23,320.73,1,Smog,688
B008996,2024-06-17,V039,doubles,T0075,T0078,2,1,T0075,T0078,home,15,508.35,0,Clear,659
B008997,2024-09-06,V045,triples,T0055,T0074,3,3,T0055,T0074,home,14,389.12,0,Odd Aura,500
B008998,2025-01-27,V045,triples,T0175,T0151,3,3,T0151,T0175,away,15,362.73,0,Odd Aura,430
B008999,2024-12-03,V052,triples,T0001,T0071,3,3,T0071,T0001,away,13,137.35,0,Rain,725
B009000,2025-07-05,V053,triples,T0053,T0047,3,3,T0053,T0047,home,13,133.32,0,Rain,440
B009001,2026-01-24,V050,doubles,T0002,T0101,2,2,T0101,T0002,away,15,228.77,0,Overcast,191
B009002,2024-12-12,V041,singles,T0076,T0042,1,1,T0076,T0042,home,14,198.09,0,Smog,550
B009003,2025-12-17,V042,singles,T0137,T0046,1,1,T0046,T0137,away,12,6.93,0,Smog,541
B009004,2025-07-24,V036,triples,T0050,T0005,3,3,T0050,T0005,home,15,98.15,0,Hail,825
B009005,2025-09-03,V035,singles,T0117,T0071,1,2,T0071,T0117,away,14,323.08,0,Hail,380
B009006,2024-07-14,V051,singles,T0034,T0005,1,1,T0005,T0034,away,9,31.94,0,Overcast,442
B009007,2024-12-30,V014,doubles,T0173,T0089,2,2,T0173,T0089,home,12,36.66,0,Glittering,1515
B009008,2025-04-18,V026,triples,T0043,T0095,3,3,T0043,T0095,home,12,91.9,0,Fog,823
B009009,2026-01-14,V030,singles,T0018,T0077,1,1,T0077,T0018,away,9,215.6,0,Sunny,969
B009010,2025-05-25,V042,singles,T0105,T0175,1,1,T0175,T0105,away,8,30.2,0,Smog,531
B009011,2024-07-17,V008,doubles,T0052,T0097,2,2,T0097,T0052,away,5,251.52,0,High Winds,310
B009012,2024-05-11,V046,singles,T0172,T0095,1,1,T0095,T0172,away,5,2.31,0,Sandstorm,396
B009013,2025-02-12,V050,singles,T0160,T0065,1,1,T0065,T0160,away,10,126.19,0,Overcast,132
B009014,2024-04-07,V046,doubles,T0130,T0092,2,2,T0130,T0092,home,23,636.15,1,Sandstorm,482
B009015,2025-06-27,V044,singles,T0126,T0041,1,1,T0126,T0041,home,7,208.99,0,Odd Aura,1784
B009016,2025-08-30,V001,singles,T0070,T0111,1,1,T0111,T0070,away,8,7.99,0,Breezy,703
B009017,2024-05-01,V011,doubles,T0102,T0154,2,2,T0102,T0154,home,13,315.47,0,Thunderstorm,158
B009018,2026-03-29,V036,doubles,T0047,T0123,2,3,T0123,T0047,away,14,879.23,0,Hail,856
B009019,2025-10-13,V015,singles,T0017,T0176,1,1,T0017,T0176,home,12,158.54,0,Glittering,209
B009020,2025-12-01,V031,doubles,T0035,T0163,2,2,T0163,T0035,away,19,138.19,1,Dusty,364
B009021,2025-05-08,V047,singles,T0143,T0104,1,1,T0104,T0143,away,9,108.64,0,Sandstorm,433
B009022,2024-04-27,V028,doubles,T0026,T0132,2,2,T0132,T0026,away,11,16.96,0,Sunny,861
B009023,2024-11-10,V051,doubles,T0117,T0171,2,2,T0117,T0171,home,9,300.99,0,Overcast,456
B009024,2024-06-27,V013,doubles,T0133,T0137,2,2,T0137,T0133,away,12,28.6,0,Glittering,1631
B009025,2025-09-15,V019,doubles,T0115,T0024,2,2,T0024,T0115,away,15,419.38,1,Harsh Sun,1101
B009026,2024-07-23,V047,doubles,T0130,T0124,2,2,T0130,T0124,home,9,282.86,0,Sandstorm,388
B009027,2025-08-08,V034,singles,T0091,T0042,1,1,T0091,T0042,home,13,151.16,0,Hail,1549
B009028,2025-12-04,V027,singles,T0095,T0097,1,1,T0097,T0095,away,5,50.74,0,Fog,773
B009029,2024-12-14,V003,doubles,T0147,T0152,2,2,T0147,T0152,home,14,36.93,0,Breezy,635
B009030,2025-09-10,V015,doubles,T0063,T0134,2,2,T0063,T0134,home,11,165.93,0,Glittering,152
B009031,2026-03-05,V013,singles,T0013,T0119,1,1,T0013,T0119,home,14,19.01,0,Glittering,1645
B009032,2024-01-01,V027,doubles,T0035,T0153,2,2,T0153,T0035,away,17,0.78,0,Fog,807
B009033,2024-12-06,V003,doubles,T0111,T0176,2,2,T0176,T0111,away,23,361.45,1,Breezy,527
B009034,2024-03-21,V044,doubles,T0085,T0013,2,2,T0013,T0085,away,12,285.81,0,Odd Aura,1574
B009035,2025-09-24,V038,singles,T0093,T0039,1,1,T0093,T0039,home,7,329.54,0,Clear,885
B009036,2025-05-14,V034,doubles,T0026,T0168,2,2,T0026,T0168,home,24,67.12,1,Hail,1709
B009037,2024-09-26,V008,doubles,T0158,T0089,2,2,T0089,T0158,away,13,149.92,0,High Winds,322
B009038,2024-12-18,V037,triples,T0005,T0169,3,3,T0169,T0005,away,20,184.35,1,Clear,1322
B009039,2025-07-04,V007,doubles,T0156,T0037,2,2,T0037,T0156,away,9,18.84,0,High Winds,1727
B009040,2024-10-09,V023,doubles,T0083,T0133,2,2,T0133,T0083,away,14,204.23,0,Windy,1178
B009041,2025-09-15,V012,doubles,T0111,T0158,2,2,T0158,T0111,away,9,175.29,0,Thunderstorm,875
B009042,2026-03-07,V037,doubles,T0165,T0054,2,3,T0054,T0165,away,10,803.84,0,Clear,1101
B009043,2024-12-28,V005,doubles,T0158,T0008,2,2,T0008,T0158,away,11,375.9,0,Moonless,1241
B009044,2026-01-16,V052,singles,T0126,T0061,1,1,T0061,T0126,away,4,50.51,0,Rain,613
B009045,2024-07-07,V024,singles,T0136,T0153,1,1,T0136,T0153,home,12,214.8,0,Windy,789
B009046,2025-08-11,V039,singles,T0024,T0153,1,1,T0153,T0024,away,6,21.76,0,Clear,520
B009047,2026-02-19,V009,doubles,T0006,T0099,2,2,T0006,T0099,home,14,224.23,0,High Winds,1945
B009048,2025-10-06,V009,singles,T0096,T0066,1,1,T0096,T0066,home,12,86.8,0,High Winds,1839
B009049,2025-07-27,V013,singles,T0035,T0099,1,1,T0035,T0099,home,8,103.99,0,Glittering,1422
B009050,2025-01-03,V030,doubles,T0141,T0075,2,2,T0141,T0075,home,18,323.18,0,Sunny,900
B009051,2025-05-20,V020,singles,T0116,T0149,1,1,T0116,T0149,home,9,204.49,0,Harsh Sun,1711
B009052,2024-04-21,V035,triples,T0005,T0178,3,3,T0005,T0178,home,11,36.43,0,Hail,405
B009053,2024-05-10,V010,singles,T0074,T0153,1,1,T0074,T0153,home,10,110.55,0,Thunderstorm,652
B009054,2024-03-04,V026,singles,T0150,T0026,1,1,T0150,T0026,home,6,276.8,0,Fog,612
B009055,2025-03-11,V054,triples,T0041,T0103,3,3,T0041,T0103,home,17,366.73,0,Rain,537
B009056,2024-11-28,V001,triples,T0164,T0088,3,3,T0088,T0164,away,11,249.51,0,Breezy,791
B009057,2025-05-13,V003,doubles,T0108,T0009,2,2,T0108,T0009,home,10,105.06,0,Breezy,539
B009058,2024-07-08,V052,triples,T0167,T0095,3,3,T0095,T0167,away,18,41.82,0,Rain,683
B009059,2026-01-15,V051,doubles,T0063,T0126,2,2,T0126,T0063,away,11,59.8,0,Overcast,422
B009060,2024-11-27,V040,doubles,T0153,T0162,2,2,T0162,T0153,away,14,348.18,0,Smog,250
B009061,2026-03-25,V042,doubles,T0172,T0086,2,2,T0086,T0172,away,12,15.65,0,Smog,987
B009062,2024-01-29,V012,doubles,T0080,T0071,2,2,T0071,T0080,away,12,79.06,0,Thunderstorm,802
B009063,2025-09-23,V035,doubles,T0089,T0114,2,2,T0089,T0114,home,13,496.96,0,Hail,344
B009064,2024-10-22,V038,singles,T0134,T0022,1,1,T0134,T0022,home,11,193.49,0,Clear,1028
B009065,2024-07-10,V040,triples,T0126,T0005,3,3,T0126,T0005,home,16,22.93,0,Smog,286
B009066,2025-12-21,V020,doubles,T0049,T0156,2,2,T0049,T0156,home,11,294.71,0,Harsh Sun,1615
B009067,2025-02-06,V019,triples,T0057,T0122,3,3,T0057,T0122,home,18,356.3,0,Harsh Sun,781
B009068,2025-05-22,V005,triples,T0151,T0089,3,2,T0089,T0151,away,14,99.01,0,Moonless,1094
B009069,2026-03-28,V044,triples,T0157,T0093,3,3,T0093,T0157,away,14,2.51,0,Odd Aura,1601
B009070,2026-03-29,V008,triples,T0013,T0131,3,3,T0013,T0131,home,16,361.59,0,High Winds,441
B009071,2025-06-29,V048,singles,T0084,T0145,1,1,T0084,T0145,home,13,200.48,0,Sandstorm,2291
B009072,2024-12-26,V045,singles,T0007,T0059,1,1,T0007,T0059,home,10,40.47,0,Odd Aura,544
B009073,2025-03-30,V029,singles,T0049,T0030,1,1,T0030,T0049,away,10,241.83,0,Sunny,475
B009074,2024-11-26,V018,doubles,T0157,T0109,2,2,T0157,T0109,home,22,293.98,1,Clear,1515
B009075,2025-06-11,V015,triples,T0023,T0160,3,3,T0160,T0023,away,11,253.75,0,Glittering,186
B009076,2024-09-23,V042,doubles,T0117,T0016,2,2,T0016,T0117,away,9,105.3,0,Smog,948
B009077,2025-05-01,V024,singles,T0093,T0132,1,1,T0132,T0093,away,12,76.9,0,Windy,822
B009078,2025-02-27,V035,doubles,T0148,T0168,2,2,T0148,T0168,home,15,122.36,1,Hail,367
B009079,2024-04-11,V013,singles,T0127,T0026,1,1,T0127,T0026,home,14,126.91,0,Glittering,1952
B009080,2024-11-21,V020,triples,T0069,T0077,3,3,T0077,T0069,away,14,193.78,0,Harsh Sun,1949
B009081,2025-10-23,V023,doubles,T0141,T0133,2,2,T0133,T0141,away,11,543.71,0,Windy,1463
B009082,2024-01-03,V023,doubles,T0155,T0051,2,2,T0155,T0051,home,14,95.94,0,Windy,1154
B009083,2024-08-08,V014,triples,T0081,T0090,3,3,T0081,T0090,home,12,82.86,0,Glittering,1535
B009084,2026-01-28,V008,triples,T0013,T0051,3,3,T0013,T0051,home,11,299.63,0,High Winds,240
B009085,2024-12-16,V034,doubles,T0037,T0093,2,2,T0037,T0093,home,8,144.82,0,Hail,1591
B009086,2024-10-24,V030,singles,T0007,T0023,1,1,T0007,T0023,home,6,162.25,0,Sunny,913
B009087,2026-03-06,V025,doubles,T0084,T0075,2,2,T0075,T0084,away,17,268.23,0,Fog,1092
B009088,2024-12-29,V034,doubles,T0064,T0085,2,2,T0085,T0064,away,11,267.11,0,Hail,1300
B009089,2024-02-02,V009,triples,T0168,T0163,3,3,T0163,T0168,away,15,84.95,0,High Winds,1985
B009090,2024-12-29,V047,doubles,T0072,T0097,2,2,T0097,T0072,away,16,139.53,0,Sandstorm,303
B009091,2025-08-11,V041,doubles,T0145,T0122,2,1,T0145,T0122,home,19,887.4,1,Smog,581
B009092,2024-05-25,V051,doubles,T0002,T0008,2,2,T0008,T0002,away,11,153.14,0,Overcast,369
B009093,2025-04-01,V039,singles,T0020,T0042,1,1,T0020,T0042,home,12,161.14,0,Clear,576
B009094,2025-09-17,V018,doubles,T0165,T0093,2,2,T0165,T0093,home,20,47.66,1,Clear,1521
B009095,2024-03-01,V017,singles,T0113,T0007,1,1,T0113,T0007,home,12,9.46,0,Clear,692
B009096,2025-04-14,V049,doubles,T0157,T0033,2,2,T0157,T0033,home,16,521.04,0,Overcast,675
B009097,2024-04-15,V034,singles,T0050,T0052,1,1,T0052,T0050,away,10,31.0,0,Hail,1624
B009098,2024-11-12,V014,doubles,T0098,T0061,2,2,T0098,T0061,home,11,404.56,0,Glittering,1538
B009099,2025-12-20,V003,singles,T0105,T0166,1,1,T0105,T0166,home,10,78.88,0,Breezy,453
B009100,2024-06-15,V011,singles,T0082,T0017,1,1,T0082,T0017,home,7,101.03,0,Thunderstorm,127
B009101,2024-12-07,V006,singles,T0141,T0106,1,1,T0106,T0141,away,4,120.64,0,Moonless,345
B009102,2024-08-18,V001,singles,T0147,T0143,1,1,T0143,T0147,away,10,358.87,0,Breezy,645
B009103,2025-01-11,V031,doubles,T0114,T0161,2,2,T0161,T0114,away,9,142.01,0,Dusty,393
B009104,2024-06-19,V028,doubles,T0111,T0075,2,2,T0075,T0111,away,18,334.58,0,Sunny,1426
B009105,2026-02-27,V002,singles,T0065,T0116,1,1,T0116,T0065,away,11,205.68,0,Breezy,973
B009106,2024-12-06,V015,singles,T0138,T0043,1,1,T0138,T0043,home,8,13.62,0,Glittering,161
B009107,2025-06-05,V040,doubles,T0105,T0070,2,2,T0105,T0070,home,15,186.38,0,Smog,281
B009108,2025-09-06,V043,singles,T0129,T0030,1,1,T0129,T0030,home,10,280.5,0,Odd Aura,917
B009109,2025-08-16,V017,singles,T0110,T0018,1,1,T0110,T0018,home,6,46.11,0,Clear,583
B009110,2024-07-24,V004,singles,T0144,T0015,1,1,T0015,T0144,away,12,129.11,0,Moonless,601
B009111,2024-07-10,V013,doubles,T0133,T0076,2,2,T0133,T0076,home,24,282.32,1,Glittering,1363
B009112,2024-02-14,V003,doubles,T0063,T0164,2,2,T0063,T0164,home,19,525.67,1,Breezy,445
B009113,2025-09-06,V033,singles,T0149,T0032,1,1,T0149,T0032,home,8,124.03,0,Dusty,1787
B009114,2024-12-16,V035,doubles,T0165,T0159,2,2,T0159,T0165,away,9,214.41,0,Hail,419
B009115,2024-06-06,V024,singles,T0073,T0085,1,1,T0073,T0085,home,9,85.27,0,Windy,847
B009116,2025-10-30,V020,singles,T0177,T0068,1,1,T0068,T0177,away,11,80.9,0,Harsh Sun,1549
B009117,2024-10-14,V025,singles,T0109,T0102,1,1,T0102,T0109,away,10,221.45,0,Fog,1214
B009118,2026-01-24,V001,doubles,T0060,T0075,2,2,T0075,T0060,away,18,221.93,0,Breezy,708
B009119,2025-11-11,V012,singles,T0116,T0083,1,1,T0083,T0116,away,9,258.52,0,Thunderstorm,1055
B009120,2024-12-15,V046,triples,T0111,T0142,3,3,T0142,T0111,away,9,114.22,0,Sandstorm,485
B009121,2024-02-19,V033,triples,T0112,T0057,3,3,T0057,T0112,away,14,69.78,0,Dusty,1748
B009122,2024-01-06,V026,singles,T0168,T0162,1,1,T0162,T0168,away,4,86.87,0,Fog,625
B009123,2025-06-08,V052,singles,T0151,T0071,1,1,T0151,T0071,home,8,16.75,0,Rain,768
B009124,2025-05-20,V034,doubles,T0058,T0046,2,2,T0058,T0046,home,12,64.85,0,Hail,1499
B009125,2025-05-08,V033,singles,T0153,T0053,1,1,T0153,T0053,home,5,276.99,0,Dusty,1609
B009126,2024-06-09,V039,doubles,T0152,T0138,2,2,T0152,T0138,home,17,145.8,0,Clear,771
B009127,2025-02-11,V044,singles,T0048,T0025,1,1,T0048,T0025,home,14,232.44,0,Odd Aura,1302
B009128,2024-03-16,V024,singles,T0136,T0040,1,1,T0040,T0136,away,14,72.65,0,Windy,988
B009129,2026-01-11,V014,doubles,T0052,T0050,2,2,T0050,T0052,away,14,242.42,0,Glittering,1484
B009130,2024-02-09,V004,doubles,T0082,T0156,2,2,T0082,T0156,home,10,374.62,0,Moonless,788
B009131,2024-03-19,V003,triples,T0154,T0128,3,3,T0154,T0128,home,14,56.54,0,Breezy,580
B009132,2025-09-04,V050,triples,T0173,T0065,3,3,T0065,T0173,away,14,244.92,0,Overcast,215
B009133,2024-12-01,V003,doubles,T0156,T0105,2,2,T0105,T0156,away,16,61.5,0,Breezy,388
B009134,2024-09-17,V012,triples,T0078,T0174,3,3,T0078,T0174,home,19,22.45,1,Thunderstorm,1036
B009135,2026-02-13,V009,singles,T0163,T0068,1,1,T0068,T0163,away,8,58.23,0,High Winds,1815
B009136,2025-11-21,V015,doubles,T0056,T0112,2,2,T0112,T0056,away,17,410.57,0,Glittering,215
B009137,2024-07-25,V031,doubles,T0154,T0035,2,3,T0035,T0154,away,13,627.2,0,Dusty,414
B009138,2026-02-12,V053,singles,T0104,T0105,1,1,T0105,T0104,away,10,88.55,0,Rain,481
B009139,2025-03-24,V028,doubles,T0131,T0065,2,2,T0131,T0065,home,21,285.6,1,Sunny,1015
B009140,2026-03-30,V019,singles,T0146,T0082,1,1,T0146,T0082,home,10,131.44,0,Harsh Sun,740
B009141,2025-01-21,V049,singles,T0142,T0152,1,1,T0152,T0142,away,4,195.89,0,Overcast,812
B009142,2025-10-16,V005,singles,T0013,T0063,1,1,T0063,T0013,away,10,25.85,0,Moonless,1136
B009143,2026-01-03,V011,doubles,T0095,T0105,2,2,T0095,T0105,home,11,72.05,0,Thunderstorm,170
B009144,2025-11-28,V020,doubles,T0033,T0052,2,2,T0052,T0033,away,24,391.84,1,Harsh Sun,1962
B009145,2024-07-23,V005,doubles,T0004,T0026,2,2,T0004,T0026,home,13,44.91,0,Moonless,964
B009146,2024-08-21,V019,singles,T0116,T0026,1,1,T0116,T0026,home,7,337.26,0,Harsh Sun,1077
B009147,2026-01-13,V032,singles,T0016,T0069,1,1,T0069,T0016,away,12,72.46,0,Dusty,1413
B009148,2026-01-19,V012,triples,T0001,T0092,3,3,T0001,T0092,home,13,243.51,0,Thunderstorm,1046
B009149,2024-08-22,V043,singles,T0032,T0100,1,1,T0032,T0100,home,11,272.13,0,Odd Aura,1157
B009150,2025-07-18,V009,doubles,T0006,T0175,2,2,T0006,T0175,home,12,245.22,0,High Winds,1929
B009151,2025-04-24,V015,doubles,T0053,T0119,2,2,T0053,T0119,home,24,78.92,1,Glittering,144
B009152,2026-01-15,V051,triples,T0114,T0050,3,3,T0114,T0050,home,12,75.69,0,Overcast,367
B009153,2025-04-10,V017,doubles,T0070,T0146,2,2,T0146,T0070,away,11,26.32,0,Clear,587
B009154,2025-04-28,V041,doubles,T0137,T0153,2,2,T0153,T0137,away,15,48.04,0,Smog,563
B009155,2024-04-16,V024,doubles,T0068,T0058,2,2,T0058,T0068,away,19,78.56,1,Windy,764
B009156,2024-04-01,V040,singles,T0079,T0001,1,1,T0001,T0079,away,11,251.56,0,Smog,272
B009157,2025-06-19,V016,singles,T0099,T0050,1,1,T0099,T0050,home,6,61.58,0,Clear,213
B009158,2024-04-05,V007,triples,T0128,T0039,3,3,T0128,T0039,home,9,616.59,0,High Winds,1382
B009159,2025-11-20,V036,doubles,T0149,T0163,2,2,T0149,T0163,home,10,153.85,0,Hail,741
B009160,2025-05-26,V027,doubles,T0011,T0057,2,2,T0057,T0011,away,12,331.85,0,Fog,664
B009161,2024-11-07,V008,doubles,T0125,T0123,2,2,T0125,T0123,home,10,223.43,0,High Winds,297
B009162,2025-03-13,V052,singles,T0001,T0110,1,1,T0001,T0110,home,13,510.95,0,Rain,679
B009163,2025-09-10,V041,triples,T0003,T0178,3,3,T0178,T0003,away,22,317.14,1,Smog,489
B009164,2026-01-28,V050,doubles,T0130,T0135,2,2,T0130,T0135,home,8,284.46,0,Overcast,180
B009165,2024-08-27,V031,singles,T0060,T0012,1,1,T0012,T0060,away,4,206.77,0,Dusty,435
B009166,2025-12-30,V021,singles,T0175,T0157,1,1,T0175,T0157,home,10,71.89,0,Harsh Sun,213
B009167,2024-09-19,V030,singles,T0078,T0139,1,1,T0139,T0078,away,13,25.57,0,Sunny,880
B009168,2025-01-27,V047,singles,T0048,T0092,1,1,T0048,T0092,home,16,95.1,0,Sandstorm,344
B009169,2024-09-11,V010,triples,T0176,T0008,3,3,T0176,T0008,home,12,171.36,0,Thunderstorm,722
B009170,2024-10-27,V031,triples,T0060,T0105,3,3,T0060,T0105,home,4,558.88,0,Dusty,360
B009171,2024-09-23,V049,singles,T0008,T0052,1,1,T0008,T0052,home,6,137.27,0,Overcast,911
B009172,2026-03-02,V041,singles,T0063,T0071,1,2,T0071,T0063,away,5,414.08,0,Smog,605
B009173,2025-09-12,V017,singles,T0064,T0168,1,1,T0168,T0064,away,11,205.32,0,Clear,506
B009174,2024-07-17,V021,triples,T0053,T0179,3,3,T0053,T0179,home,7,246.64,0,Harsh Sun,238
B009175,2025-12-26,V040,triples,T0130,T0005,3,3,T0130,T0005,home,11,469.52,0,Smog,259
B009176,2025-02-24,V013,doubles,T0171,T0029,2,2,T0171,T0029,home,17,384.97,0,Glittering,1659
B009177,2024-10-01,V002,singles,T0179,T0154,1,2,T0154,T0179,away,8,386.79,0,Breezy,1333
B009178,2024-02-28,V053,doubles,T0155,T0039,2,2,T0039,T0155,away,9,35.37,0,Rain,473
B009179,2025-02-20,V027,doubles,T0008,T0157,2,2,T0157,T0008,away,14,241.89,0,Fog,774
B009180,2024-10-29,V003,triples,T0051,T0162,3,3,T0051,T0162,home,11,65.3,0,Breezy,467
B009181,2026-01-18,V010,doubles,T0166,T0055,2,1,T0166,T0055,home,14,345.7,0,Thunderstorm,522
B009182,2025-05-02,V007,singles,T0028,T0031,1,1,T0028,T0031,home,12,284.66,0,High Winds,1513
B009183,2026-03-02,V041,triples,T0099,T0093,3,3,T0093,T0099,away,16,609.6,0,Smog,570
B009184,2024-01-14,V003,singles,T0080,T0093,1,1,T0080,T0093,home,9,5.69,0,Breezy,619
B009185,2025-08-21,V005,singles,T0125,T0121,1,1,T0121,T0125,away,8,84.98,0,Moonless,1131
B009186,2025-05-23,V011,singles,T0095,T0174,1,1,T0174,T0095,away,10,22.92,0,Thunderstorm,177
B009187,2024-11-12,V023,singles,T0139,T0071,1,1,T0139,T0071,home,13,397.74,0,Windy,1318
B009188,2024-02-15,V042,singles,T0084,T0065,1,1,T0065,T0084,away,13,16.94,0,Smog,642
B009189,2025-02-23,V049,singles,T0114,T0132,1,1,T0132,T0114,away,9,380.48,0,Overcast,630
B009190,2026-01-02,V027,triples,T0145,T0004,3,3,T0145,T0004,home,14,612.09,0,Fog,677
B009191,2025-04-10,V053,singles,T0117,T0134,1,1,T0117,T0134,home,12,59.25,0,Rain,530
B009192,2024-05-15,V051,singles,T0071,T0157,1,1,T0071,T0157,home,7,122.27,0,Overcast,263
B009193,2025-04-01,V028,doubles,T0126,T0154,2,2,T0126,T0154,home,14,251.93,0,Sunny,915
B009194,2024-04-17,V035,singles,T0082,T0095,1,1,T0095,T0082,away,13,199.63,0,Hail,408
B009195,2024-08-06,V017,doubles,T0066,T0075,2,2,T0066,T0075,home,10,334.13,0,Clear,684
B009196,2025-03-10,V027,doubles,T0070,T0064,2,2,T0064,T0070,away,16,498.94,0,Fog,684
B009197,2024-09-01,V052,singles,T0179,T0156,1,1,T0179,T0156,home,12,32.38,0,Rain,768
B009198,2024-06-09,V023,doubles,T0077,T0014,2,2,T0077,T0014,home,14,191.04,0,Windy,1470
B009199,2025-08-04,V038,singles,T0117,T0005,1,1,T0117,T0005,home,10,214.34,0,Clear,953
B009200,2024-03-31,V029,doubles,T0005,T0143,2,2,T0005,T0143,home,11,113.28,0,Sunny,376
B009201,2024-07-25,V022,doubles,T0078,T0154,2,2,T0078,T0154,home,11,227.89,0,Windy,836
B009202,2026-01-08,V047,singles,T0069,T0027,1,1,T0069,T0027,home,8,204.89,0,Sandstorm,353
B009203,2025-07-24,V041,doubles,T0019,T0056,2,2,T0019,T0056,home,17,115.98,0,Smog,685
B009204,2024-07-27,V011,doubles,T0095,T0031,2,2,T0095,T0031,home,10,460.53,0,Thunderstorm,146
B009205,2024-10-17,V014,singles,T0133,T0118,1,1,T0133,T0118,home,10,323.0,0,Glittering,1615
B009206,2024-03-03,V044,triples,T0048,T0121,3,3,T0121,T0048,away,21,239.36,1,Odd Aura,1508
B009207,2025-03-01,V048,singles,T0143,T0108,1,1,T0143,T0108,home,9,8.28,0,Sandstorm,2335
B009208,2025-01-31,V043,singles,T0110,T0126,1,1,T0126,T0110,away,7,209.9,0,Odd Aura,991
B009209,2025-07-14,V039,doubles,T0068,T0077,2,3,T0077,T0068,away,20,409.17,1,Clear,715
B009210,2024-04-06,V009,singles,T0019,T0015,1,1,T0019,T0015,home,9,287.35,0,High Winds,1921
B009211,2025-02-09,V022,doubles,T0149,T0059,2,2,T0149,T0059,home,8,9.23,0,Windy,1007
B009212,2024-11-09,V052,singles,T0086,T0127,1,1,T0086,T0127,home,8,352.49,0,Rain,504
B009213,2024-11-19,V002,singles,T0041,T0042,1,1,T0041,T0042,home,10,6.21,0,Breezy,958
B009214,2024-05-24,V054,doubles,T0029,T0131,2,2,T0029,T0131,home,14,149.29,0,Rain,642
B009215,2025-11-30,V024,singles,T0004,T0116,1,1,T0116,T0004,away,14,86.13,0,Windy,996
B009216,2025-08-15,V045,doubles,T0094,T0089,2,2,T0089,T0094,away,9,42.26,0,Odd Aura,521
B009217,2025-09-14,V003,doubles,T0132,T0084,2,2,T0084,T0132,away,10,65.53,0,Breezy,473
B009218,2024-12-09,V040,singles,T0064,T0158,1,1,T0158,T0064,away,10,63.38,0,Smog,236
B009219,2025-11-20,V050,singles,T0104,T0117,1,1,T0117,T0104,away,9,157.72,0,Overcast,209
B009220,2025-11-09,V036,doubles,T0137,T0145,2,2,T0145,T0137,away,14,48.04,0,Hail,800
B009221,2026-01-11,V001,doubles,T0138,T0032,2,2,T0032,T0138,away,11,156.88,0,Breezy,602
B009222,2025-05-23,V027,doubles,T0155,T0178,2,2,T0178,T0155,away,14,228.82,0,Fog,736
B009223,2024-12-09,V023,doubles,T0173,T0019,2,2,T0019,T0173,away,16,134.81,0,Windy,1404
B009224,2024-01-31,V032,triples,T0043,T0166,3,3,T0043,T0166,home,14,266.32,0,Dusty,1358
B009225,2024-06-10,V006,singles,T0067,T0075,1,1,T0075,T0067,away,9,35.39,0,Moonless,464
B009226,2024-02-12,V029,triples,T0165,T0070,3,3,T0165,T0070,home,11,580.15,0,Sunny,470
B009227,2025-02-13,V048,doubles,T0119,T0140,2,2,T0119,T0140,home,7,307.96,0,Sandstorm,2361
B009228,2025-06-21,V037,singles,T0145,T0057,1,1,T0057,T0145,away,9,230.84,0,Clear,1025
B009229,2024-01-30,V021,singles,T0032,T0096,1,1,T0096,T0032,away,10,54.74,0,Harsh Sun,249
B009230,2025-02-02,V021,triples,T0150,T0127,3,3,T0150,T0127,home,12,471.67,0,Harsh Sun,221
B009231,2026-02-13,V010,doubles,T0026,T0022,2,2,T0026,T0022,home,17,107.19,0,Thunderstorm,585
B009232,2025-09-09,V013,triples,T0133,T0171,3,3,T0133,T0171,home,14,93.8,0,Glittering,1479
B009233,2025-08-03,V016,doubles,T0056,T0094,2,2,T0094,T0056,away,9,211.23,0,Clear,168
B009234,2024-11-09,V012,doubles,T0054,T0147,2,2,T0054,T0147,home,8,588.25,0,Thunderstorm,1044
B009235,2024-04-16,V017,doubles,T0152,T0123,2,2,T0123,T0152,away,15,162.57,0,Clear,715
B009236,2025-12-15,V002,singles,T0124,T0033,1,1,T0124,T0033,home,11,113.41,0,Breezy,854
B009237,2025-04-08,V006,doubles,T0106,T0158,2,2,T0158,T0106,away,12,16.69,0,Moonless,359
B009238,2025-02-07,V036,doubles,T0007,T0126,2,2,T0126,T0007,away,10,64.41,0,Hail,762
B009239,2024-06-13,V045,singles,T0173,T0136,1,1,T0136,T0173,away,14,224.73,0,Odd Aura,494
B009240,2025-09-26,V001,singles,T0147,T0042,1,1,T0147,T0042,home,9,17.46,0,Breezy,685
B009241,2025-11-22,V035,doubles,T0096,T0129,2,2,T0129,T0096,away,13,105.36,0,Hail,251
B009242,2025-04-18,V002,triples,T0120,T0010,3,3,T0010,T0120,away,24,267.76,1,Breezy,1164
B009243,2026-02-17,V032,singles,T0093,T0005,1,1,T0005,T0093,away,11,82.41,0,Dusty,1129
B009244,2024-01-23,V044,singles,T0138,T0112,1,1,T0112,T0138,away,8,201.1,0,Odd Aura,1725
B009245,2025-06-25,V032,singles,T0104,T0105,1,1,T0104,T0105,home,11,83.74,0,Dusty,1155
B009246,2024-05-02,V050,triples,T0013,T0114,3,3,T0013,T0114,home,22,248.75,1,Overcast,225
B009247,2024-06-29,V051,doubles,T0062,T0086,2,2,T0062,T0086,home,14,347.62,0,Overcast,400
B009248,2024-07-02,V007,doubles,T0015,T0111,2,2,T0111,T0015,away,10,205.2,0,High Winds,1150
B009249,2025-01-17,V045,triples,T0012,T0083,3,3,T0083,T0012,away,12,38.85,0,Odd Aura,423
B009250,2024-10-28,V001,singles,T0014,T0090,1,1,T0090,T0014,away,11,158.89,0,Breezy,719
B009251,2024-12-26,V044,singles,T0096,T0087,1,1,T0096,T0087,home,4,212.66,0,Odd Aura,1557
B009252,2024-05-09,V022,singles,T0024,T0056,1,1,T0056,T0024,away,10,21.71,0,Windy,873
B009253,2024-12-08,V047,singles,T0006,T0071,1,1,T0006,T0071,home,11,263.53,0,Sandstorm,340
B009254,2024-03-22,V008,doubles,T0089,T0041,2,2,T0041,T0089,away,12,58.14,0,High Winds,351
B009255,2025-02-19,V024,triples,T0098,T0031,3,3,T0098,T0031,home,9,518.9,0,Windy,1073
B009256,2024-04-03,V019,doubles,T0020,T0005,2,2,T0005,T0020,away,11,41.26,0,Harsh Sun,830
B009257,2025-10-26,V024,doubles,T0162,T0020,2,2,T0020,T0162,away,11,35.51,0,Windy,870
B009258,2024-01-30,V016,doubles,T0062,T0119,2,2,T0119,T0062,away,13,241.1,0,Clear,172
B009259,2024-07-21,V018,doubles,T0072,T0132,2,2,T0132,T0072,away,12,1.21,0,Clear,1598
B009260,2025-12-17,V022,singles,T0113,T0008,1,2,T0008,T0113,away,10,387.2,0,Windy,1257
B009261,2025-03-29,V026,triples,T0132,T0020,3,3,T0132,T0020,home,17,201.47,0,Fog,768
B009262,2024-12-24,V009,singles,T0070,T0109,1,2,T0109,T0070,away,6,405.28,0,High Winds,1773
B009263,2024-12-04,V019,doubles,T0005,T0070,2,2,T0070,T0005,away,11,178.21,0,Harsh Sun,1048
B009264,2026-03-23,V006,doubles,T0041,T0092,2,2,T0041,T0092,home,13,303.14,0,Moonless,388
B009265,2024-06-17,V021,doubles,T0178,T0019,2,2,T0178,T0019,home,15,597.86,0,Harsh Sun,248
B009266,2025-09-24,V002,doubles,T0016,T0091,2,2,T0091,T0016,away,6,143.72,0,Breezy,1045
B009267,2024-05-20,V048,triples,T0112,T0013,3,3,T0013,T0112,away,9,137.06,0,Sandstorm,2015
B009268,2025-02-17,V026,singles,T0014,T0116,1,1,T0116,T0014,away,7,158.5,0,Fog,604
B009269,2024-05-22,V021,doubles,T0119,T0107,2,2,T0119,T0107,home,11,267.92,0,Harsh Sun,222
B009270,2024-04-23,V023,triples,T0012,T0085,3,3,T0012,T0085,home,9,379.95,0,Windy,1554
B009271,2025-01-05,V035,singles,T0005,T0033,1,1,T0005,T0033,home,7,236.06,0,Hail,361
B009272,2024-12-01,V007,doubles,T0109,T0111,2,2,T0111,T0109,away,14,170.54,0,High Winds,1316
B009273,2025-06-11,V040,singles,T0125,T0128,1,1,T0128,T0125,away,13,159.08,0,Smog,223
B009274,2024-01-02,V039,doubles,T0083,T0142,2,2,T0083,T0142,home,15,131.23,0,Clear,624
B009275,2025-05-21,V012,doubles,T0003,T0065,2,2,T0065,T0003,away,24,323.41,1,Thunderstorm,888
B009276,2024-10-07,V051,triples,T0094,T0142,3,3,T0142,T0094,away,15,158.8,0,Overcast,547
B009277,2024-06-15,V032,doubles,T0165,T0127,2,2,T0165,T0127,home,11,97.98,0,Dusty,940
B009278,2025-10-30,V048,triples,T0097,T0079,3,3,T0097,T0079,home,13,139.96,0,Sandstorm,1787
B009279,2024-04-29,V022,singles,T0007,T0035,1,1,T0007,T0035,home,12,150.86,0,Windy,957
B009280,2025-08-08,V022,triples,T0089,T0178,3,3,T0089,T0178,home,18,70.82,0,Windy,1137
B009281,2024-12-03,V022,singles,T0144,T0054,1,1,T0054,T0144,away,19,229.8,0,Windy,1100
B009282,2026-02-12,V012,doubles,T0030,T0103,2,2,T0030,T0103,home,18,42.74,1,Thunderstorm,979
B009283,2025-10-16,V022,singles,T0092,T0145,1,1,T0145,T0092,away,11,56.36,0,Windy,959
B009284,2025-03-17,V022,singles,T0157,T0162,1,1,T0162,T0157,away,15,39.25,0,Windy,742
B009285,2025-07-12,V015,doubles,T0014,T0024,2,2,T0024,T0014,away,12,229.34,0,Glittering,130
B009286,2025-03-09,V012,singles,T0057,T0168,1,1,T0168,T0057,away,4,72.18,0,Thunderstorm,888
B009287,2025-05-10,V008,singles,T0142,T0024,1,1,T0142,T0024,home,13,143.17,0,High Winds,426
B009288,2025-11-07,V017,singles,T0171,T0108,1,1,T0108,T0171,away,10,128.09,0,Clear,410
B009289,2025-03-16,V018,doubles,T0167,T0178,2,2,T0167,T0178,home,9,45.15,0,Clear,1433
B009290,2025-02-07,V018,singles,T0025,T0069,1,1,T0025,T0069,home,5,25.89,0,Clear,1180
B009291,2025-08-30,V044,singles,T0152,T0054,1,1,T0054,T0152,away,5,32.34,0,Odd Aura,1414
B009292,2024-05-31,V032,singles,T0018,T0139,1,1,T0018,T0139,home,4,183.01,0,Dusty,1249
B009293,2025-07-22,V053,doubles,T0097,T0017,2,2,T0097,T0017,home,14,35.74,0,Rain,449
B009294,2024-01-05,V004,doubles,T0036,T0177,2,3,T0036,T0177,home,13,9.75,0,Moonless,748
B009295,2024-04-10,V022,doubles,T0164,T0142,2,2,T0142,T0164,away,16,549.65,0,Windy,927
B009296,2025-07-12,V004,doubles,T0149,T0059,2,2,T0149,T0059,home,10,108.05,0,Moonless,898
B009297,2025-06-23,V043,doubles,T0041,T0154,2,2,T0041,T0154,home,11,336.76,0,Odd Aura,936
B009298,2024-01-24,V020,triples,T0171,T0133,3,3,T0171,T0133,home,12,282.22,0,Harsh Sun,1593
B009299,2026-03-29,V004,singles,T0014,T0125,1,1,T0014,T0125,home,7,295.15,0,Moonless,599
B009300,2024-01-12,V051,triples,T0057,T0140,3,3,T0057,T0140,home,15,436.48,0,Overcast,626
B009301,2024-01-19,V009,doubles,T0143,T0018,2,2,T0143,T0018,home,9,182.5,0,High Winds,1964
B009302,2025-08-21,V009,singles,T0121,T0010,1,1,T0121,T0010,home,7,16.76,0,High Winds,1788
B009303,2025-11-07,V027,doubles,T0107,T0140,2,2,T0107,T0140,home,15,33.55,0,Fog,764
B009304,2025-01-30,V046,doubles,T0034,T0084,2,2,T0034,T0084,home,21,205.1,1,Sandstorm,493
B009305,2024-08-17,V047,doubles,T0047,T0090,2,2,T0090,T0047,away,24,51.12,1,Sandstorm,328
B009306,2025-07-28,V040,doubles,T0131,T0108,2,2,T0108,T0131,away,13,118.96,0,Smog,259
B009307,2026-02-23,V004,singles,T0044,T0037,1,1,T0044,T0037,home,7,17.55,0,Moonless,814
B009308,2025-09-30,V043,singles,T0086,T0170,1,1,T0170,T0086,away,9,139.37,0,Odd Aura,958
B009309,2025-03-19,V034,triples,T0147,T0133,3,3,T0133,T0147,away,14,246.33,0,Hail,1419
B009310,2024-12-31,V035,doubles,T0005,T0176,2,3,T0176,T0005,away,14,333.39,0,Hail,370
B009311,2024-07-01,V043,singles,T0102,T0176,1,1,T0102,T0176,home,12,92.3,0,Odd Aura,1114
B009312,2025-05-10,V014,doubles,T0001,T0071,2,2,T0001,T0071,home,24,105.22,1,Glittering,1723
B009313,2025-06-08,V037,triples,T0153,T0137,3,3,T0153,T0137,home,14,76.68,0,Clear,1003
B009314,2024-09-04,V005,triples,T0179,T0170,3,3,T0170,T0179,away,19,96.5,0,Moonless,1150
B009315,2025-03-18,V047,singles,T0102,T0095,1,1,T0095,T0102,away,10,101.92,0,Sandstorm,293
B009316,2024-12-09,V004,singles,T0103,T0066,1,1,T0066,T0103,away,7,197.74,0,Moonless,582
B009317,2025-12-30,V009,singles,T0150,T0064,1,1,T0150,T0064,home,9,344.27,0,High Winds,1803
B009318,2026-02-11,V034,doubles,T0118,T0098,2,2,T0098,T0118,away,18,294.68,0,Hail,1654
B009319,2024-06-09,V030,triples,T0179,T0166,3,3,T0166,T0179,away,12,711.1,0,Sunny,969
B009320,2025-03-11,V011,doubles,T0160,T0054,2,2,T0054,T0160,away,14,373.43,0,Thunderstorm,110
B009321,2024-02-20,V036,singles,T0145,T0064,1,1,T0064,T0145,away,6,16.98,0,Hail,661
B009322,2025-03-19,V038,singles,T0018,T0107,1,1,T0018,T0107,home,10,162.4,0,Clear,949
B009323,2024-04-09,V011,doubles,T0132,T0069,2,2,T0069,T0132,away,13,74.69,0,Thunderstorm,189
B009324,2025-09-26,V023,singles,T0019,T0160,1,1,T0019,T0160,home,4,244.56,0,Windy,1116
B009325,2024-02-28,V022,singles,T0071,T0168,1,1,T0071,T0168,home,12,102.49,0,Windy,999
B009326,2025-01-29,V047,singles,T0076,T0122,1,1,T0076,T0122,home,11,248.39,0,Sandstorm,389
B009327,2026-03-16,V046,triples,T0150,T0098,3,3,T0150,T0098,home,16,131.04,0,Sandstorm,372
B009328,2024-11-27,V008,doubles,T0122,T0145,2,2,T0145,T0122,away,20,83.61,1,High Winds,257
B009329,2026-03-04,V002,doubles,T0097,T0032,2,2,T0032,T0097,away,13,197.62,0,Breezy,987
B009330,2025-02-24,V003,singles,T0178,T0085,1,1,T0178,T0085,home,13,123.13,0,Breezy,624
B009331,2025-08-14,V051,singles,T0018,T0029,1,1,T0018,T0029,home,11,75.31,0,Overcast,324
B009332,2024-02-14,V053,singles,T0040,T0075,1,1,T0040,T0075,home,14,369.05,0,Rain,452
B009333,2025-01-07,V031,doubles,T0025,T0009,2,2,T0025,T0009,home,23,161.6,1,Dusty,437
B009334,2026-02-18,V038,triples,T0109,T0133,3,3,T0133,T0109,away,11,283.72,0,Clear,922
B009335,2025-06-12,V034,doubles,T0085,T0082,2,2,T0082,T0085,away,10,96.15,0,Hail,1435
B009336,2025-09-17,V001,singles,T0149,T0037,1,1,T0037,T0149,away,9,9.99,0,Breezy,726
B009337,2025-09-21,V013,doubles,T0163,T0112,2,2,T0112,T0163,away,16,213.23,0,Glittering,1452
B009338,2026-02-07,V028,doubles,T0126,T0119,2,2,T0126,T0119,home,9,124.9,0,Sunny,791
B009339,2024-10-01,V031,doubles,T0063,T0055,2,2,T0055,T0063,away,11,226.78,0,Dusty,487
B009340,2025-05-31,V051,doubles,T0042,T0076,2,2,T0042,T0076,home,11,227.17,0,Overcast,541
B009341,2024-04-11,V016,singles,T0150,T0178,1,1,T0150,T0178,home,7,37.22,0,Clear,220
B009342,2025-12-17,V053,triples,T0093,T0055,3,2,T0093,T0055,home,11,589.34,0,Rain,483
B009343,2024-04-25,V016,doubles,T0064,T0033,2,2,T0033,T0064,away,16,348.39,0,Clear,150
B009344,2025-08-17,V038,doubles,T0051,T0142,2,2,T0051,T0142,home,11,211.84,0,Clear,872
B009345,2026-01-07,V021,singles,T0070,T0144,1,1,T0144,T0070,away,6,288.48,0,Harsh Sun,273
B009346,2025-08-11,V040,singles,T0048,T0037,1,1,T0048,T0037,home,8,22.16,0,Smog,237
B009347,2024-09-01,V047,doubles,T0076,T0040,2,2,T0040,T0076,away,11,324.25,0,Sandstorm,331
B009348,2025-01-12,V022,triples,T0088,T0016,3,3,T0016,T0088,away,13,223.72,0,Windy,842
B009349,2025-04-21,V011,singles,T0095,T0158,1,1,T0095,T0158,home,9,343.69,0,Thunderstorm,155
B009350,2025-06-11,V052,triples,T0003,T0160,3,3,T0003,T0160,home,16,16.63,0,Rain,685
B009351,2024-11-14,V006,singles,T0002,T0007,1,1,T0002,T0007,home,9,185.94,0,Moonless,418
B009352,2025-09-12,V004,singles,T0036,T0137,1,1,T0036,T0137,home,9,80.11,0,Moonless,680
B009353,2025-03-13,V042,triples,T0123,T0098,3,3,T0098,T0123,away,21,34.59,1,Smog,545
B009354,2024-08-20,V041,doubles,T0168,T0052,2,2,T0168,T0052,home,12,102.07,0,Smog,548
B009355,2026-01-13,V010,doubles,T0176,T0061,2,2,T0061,T0176,away,14,361.66,0,Thunderstorm,414
B009356,2025-02-14,V018,doubles,T0148,T0034,2,2,T0148,T0034,home,10,131.14,0,Clear,1114
B009357,2024-09-25,V004,doubles,T0131,T0134,2,2,T0131,T0134,home,9,390.86,0,Moonless,673
B009358,2025-06-11,V010,doubles,T0147,T0146,2,2,T0147,T0146,home,13,403.37,0,Thunderstorm,516
B009359,2024-02-11,V009,doubles,T0051,T0095,2,2,T0095,T0051,away,16,94.09,0,High Winds,1887
B009360,2025-05-15,V028,doubles,T0075,T0152,2,2,T0075,T0152,home,11,11.07,0,Sunny,908
B009361,2024-10-03,V025,doubles,T0019,T0044,2,2,T0044,T0019,away,19,158.88,1,Fog,1257
B009362,2025-02-03,V007,singles,T0145,T0074,1,1,T0074,T0145,away,9,34.05,0,High Winds,1138
B009363,2024-03-18,V015,triples,T0054,T0159,3,3,T0054,T0159,home,11,172.38,0,Glittering,188
B009364,2025-06-06,V013,singles,T0047,T0058,1,2,T0058,T0047,away,14,695.91,0,Glittering,1845
B009365,2024-01-31,V038,singles,T0027,T0025,1,1,T0025,T0027,away,12,50.52,0,Clear,960
B009366,2024-06-20,V022,singles,T0070,T0089,1,1,T0089,T0070,away,11,113.98,0,Windy,883
B009367,2024-08-13,V018,doubles,T0128,T0015,2,2,T0128,T0015,home,14,348.75,0,Clear,1495
B009368,2024-12-01,V054,singles,T0151,T0025,1,1,T0151,T0025,home,9,308.4,0,Rain,587
B009369,2024-06-24,V034,singles,T0106,T0067,1,1,T0106,T0067,home,11,139.51,0,Hail,1486
B009370,2024-02-10,V027,singles,T0026,T0073,1,1,T0073,T0026,away,8,223.18,0,Fog,754
B009371,2024-08-21,V038,doubles,T0144,T0080,2,2,T0080,T0144,away,21,67.38,1,Clear,923
B009372,2024-04-02,V018,singles,T0169,T0080,1,1,T0169,T0080,home,10,93.02,0,Clear,1599
B009373,2025-03-27,V034,singles,T0102,T0153,1,1,T0153,T0102,away,12,91.94,0,Hail,1369
B009374,2024-08-18,V004,doubles,T0022,T0149,2,2,T0022,T0149,home,21,94.55,1,Moonless,848
B009375,2024-10-14,V028,singles,T0033,T0073,1,1,T0073,T0033,away,7,0.44,0,Sunny,1150
B009376,2025-07-25,V045,singles,T0048,T0076,1,1,T0048,T0076,home,10,198.94,0,Odd Aura,454
B009377,2025-01-11,V016,singles,T0116,T0138,1,1,T0116,T0138,home,8,206.45,0,Clear,204
B009378,2024-04-29,V010,singles,T0062,T0024,1,1,T0024,T0062,away,12,147.71,0,Thunderstorm,571
B009379,2025-08-31,V051,doubles,T0157,T0101,2,1,T0157,T0101,home,16,665.24,0,Overcast,534
B009380,2025-09-06,V011,singles,T0045,T0023,1,1,T0045,T0023,home,12,41.29,0,Thunderstorm,174
B009381,2025-12-26,V034,singles,T0112,T0163,1,1,T0112,T0163,home,9,29.64,0,Hail,1515
B009382,2025-12-16,V052,singles,T0035,T0039,1,1,T0035,T0039,home,8,212.59,0,Rain,742
B009383,2024-08-08,V044,triples,T0026,T0131,3,3,T0131,T0026,away,15,75.63,0,Odd Aura,1474
B009384,2025-11-21,V015,doubles,T0109,T0045,2,2,T0109,T0045,home,14,18.39,0,Glittering,138
B009385,2026-03-26,V034,singles,T0082,T0121,1,1,T0082,T0121,home,9,134.77,0,Hail,1470
B009386,2025-04-06,V038,doubles,T0036,T0066,2,2,T0066,T0036,away,13,223.79,0,Clear,1027
B009387,2025-10-29,V049,triples,T0008,T0077,3,3,T0008,T0077,home,15,118.37,0,Overcast,711
B009388,2024-05-24,V008,singles,T0052,T0094,1,1,T0052,T0094,home,8,234.08,0,High Winds,320
B009389,2025-12-23,V054,singles,T0066,T0157,1,2,T0157,T0066,away,10,645.39,0,Rain,487
B009390,2025-03-28,V006,triples,T0145,T0163,3,3,T0163,T0145,away,12,320.69,0,Moonless,498
B009391,2025-11-23,V005,doubles,T0055,T0082,2,2,T0082,T0055,away,9,322.75,0,Moonless,1111
B009392,2024-09-25,V015,doubles,T0005,T0081,2,2,T0081,T0005,away,11,389.68,0,Glittering,151
B009393,2025-01-24,V047,doubles,T0112,T0010,2,2,T0010,T0112,away,23,225.83,1,Sandstorm,310
B009394,2025-01-18,V010,triples,T0168,T0015,3,3,T0015,T0168,away,24,7.03,1,Thunderstorm,627
B009395,2024-02-03,V023,triples,T0013,T0149,3,3,T0013,T0149,home,17,303.92,0,Windy,1450
B009396,2025-03-16,V045,singles,T0131,T0004,1,1,T0131,T0004,home,9,210.82,0,Odd Aura,462
B009397,2024-03-13,V007,doubles,T0128,T0037,2,2,T0128,T0037,home,13,189.39,0,High Winds,1543
B009398,2025-08-30,V002,singles,T0105,T0121,1,2,T0121,T0105,away,10,662.68,0,Breezy,1243
B009399,2025-11-10,V022,singles,T0113,T0013,1,1,T0113,T0013,home,10,110.68,0,Windy,1066
B009400,2024-06-10,V016,triples,T0153,T0058,3,3,T0058,T0153,away,21,68.53,1,Clear,150
B009401,2025-08-06,V036,doubles,T0092,T0037,2,2,T0037,T0092,away,10,27.31,0,Hail,764
B009402,2026-01-07,V020,triples,T0081,T0089,3,3,T0089,T0081,away,13,454.76,0,Harsh Sun,2034
B009403,2026-01-13,V047,doubles,T0107,T0085,2,2,T0107,T0085,home,10,394.54,0,Sandstorm,258
B009404,2024-07-01,V045,singles,T0009,T0139,1,1,T0009,T0139,home,11,70.14,0,Odd Aura,587
B009405,2024-11-23,V008,singles,T0153,T0112,1,1,T0112,T0153,away,6,75.22,0,High Winds,383
B009406,2025-03-18,V038,doubles,T0068,T0144,2,2,T0144,T0068,away,13,89.9,0,Clear,871
B009407,2025-07-06,V042,doubles,T0051,T0180,2,1,T0051,T0180,home,13,664.84,0,Smog,705
B009408,2024-09-20,V013,doubles,T0031,T0113,2,2,T0113,T0031,away,12,166.72,0,Glittering,1421
B009409,2025-04-01,V006,singles,T0123,T0056,1,1,T0123,T0056,home,14,248.44,0,Moonless,516
B009410,2025-03-11,V022,singles,T0070,T0039,1,1,T0039,T0070,away,10,207.47,0,Windy,1242
B009411,2024-05-05,V031,singles,T0020,T0161,1,1,T0020,T0161,home,14,73.01,0,Dusty,409
B009412,2025-05-28,V004,doubles,T0066,T0161,2,2,T0066,T0161,home,12,186.18,0,Moonless,781
B009413,2024-06-26,V038,doubles,T0109,T0066,2,2,T0066,T0109,away,8,227.28,0,Clear,901
B009414,2025-12-29,V035,singles,T0055,T0126,1,1,T0126,T0055,away,11,16.11,0,Hail,330
B009415,2024-05-06,V046,singles,T0007,T0128,1,1,T0128,T0007,away,9,55.19,0,Sandstorm,424
B009416,2025-10-18,V014,doubles,T0066,T0030,2,2,T0066,T0030,home,11,293.92,0,Glittering,1819
B009417,2024-03-13,V027,doubles,T0163,T0121,2,2,T0121,T0163,away,11,39.65,0,Fog,629
B009418,2025-12-04,V027,doubles,T0164,T0107,2,2,T0107,T0164,away,24,187.97,1,Fog,688
B009419,2024-07-25,V041,doubles,T0168,T0090,2,2,T0168,T0090,home,9,315.75,0,Smog,471
B009420,2025-01-02,V005,doubles,T0055,T0140,2,2,T0140,T0055,away,9,88.4,0,Moonless,1128
B009421,2026-03-27,V001,singles,T0004,T0150,1,1,T0150,T0004,away,7,189.79,0,Breezy,614
B009422,2025-10-21,V045,singles,T0139,T0132,1,1,T0132,T0139,away,14,0.21,0,Odd Aura,451
B009423,2024-05-10,V009,doubles,T0006,T0018,2,2,T0006,T0018,home,9,436.41,0,High Winds,1880
B009424,2024-10-22,V051,doubles,T0135,T0086,2,2,T0086,T0135,away,12,551.89,0,Overcast,374
B009425,2025-03-12,V035,singles,T0025,T0079,1,1,T0079,T0025,away,11,236.03,0,Hail,394
B009426,2024-08-19,V024,doubles,T0155,T0045,2,2,T0045,T0155,away,13,158.74,0,Windy,842
B009427,2025-12-03,V009,doubles,T0006,T0037,2,2,T0006,T0037,home,19,422.28,0,High Winds,1806
B009428,2024-07-24,V035,doubles,T0026,T0007,2,2,T0007,T0026,away,12,114.43,0,Hail,249
B009429,2025-07-13,V020,doubles,T0094,T0122,2,2,T0094,T0122,home,10,266.12,0,Harsh Sun,1728
B009430,2024-07-02,V047,singles,T0011,T0081,1,1,T0011,T0081,home,9,71.22,0,Sandstorm,430
B009431,2025-12-10,V002,triples,T0037,T0058,3,3,T0037,T0058,home,22,107.55,1,Breezy,732
B009432,2025-08-22,V031,triples,T0114,T0006,3,3,T0006,T0114,away,24,580.82,1,Dusty,457
B009433,2025-04-06,V019,triples,T0120,T0008,3,3,T0008,T0120,away,21,246.18,1,Harsh Sun,813
B009434,2025-10-28,V029,doubles,T0149,T0097,2,2,T0097,T0149,away,13,92.32,0,Sunny,445
B009435,2024-10-25,V011,triples,T0095,T0160,3,3,T0095,T0160,home,14,226.11,0,Thunderstorm,191
B009436,2025-10-15,V031,singles,T0018,T0098,1,1,T0098,T0018,away,11,413.97,0,Dusty,387
B009437,2025-07-24,V034,singles,T0019,T0154,1,1,T0154,T0019,away,12,202.48,0,Hail,1426
B009438,2024-02-23,V048,singles,T0093,T0176,1,1,T0176,T0093,away,9,226.99,0,Sandstorm,1978
B009439,2025-12-24,V047,doubles,T0103,T0130,2,2,T0130,T0103,away,9,94.18,0,Sandstorm,340
B009440,2025-06-04,V021,singles,T0164,T0149,1,1,T0149,T0164,away,17,195.49,0,Harsh Sun,287
B009441,2024-07-20,V024,triples,T0155,T0027,3,3,T0155,T0027,home,11,333.66,0,Windy,1409
B009442,2025-04-28,V046,singles,T0019,T0055,1,1,T0055,T0019,away,14,188.09,0,Sandstorm,560
B009443,2024-06-11,V015,singles,T0113,T0018,1,1,T0018,T0113,away,6,107.05,0,Glittering,140
B009444,2024-05-09,V051,doubles,T0117,T0006,2,2,T0006,T0117,away,10,86.9,0,Overcast,563
B009445,2024-11-14,V014,singles,T0151,T0138,1,1,T0138,T0151,away,7,60.52,0,Glittering,1622
B009446,2024-08-13,V025,doubles,T0133,T0168,2,2,T0133,T0168,home,10,198.57,0,Fog,982
B009447,2025-11-15,V038,doubles,T0093,T0010,2,2,T0093,T0010,home,8,152.82,0,Clear,803
B009448,2025-10-12,V052,doubles,T0168,T0167,2,2,T0168,T0167,home,6,215.94,0,Rain,580
B009449,2024-11-28,V014,doubles,T0128,T0065,2,2,T0128,T0065,home,17,106.81,0,Glittering,1418
B009450,2025-09-21,V039,doubles,T0020,T0037,2,2,T0037,T0020,away,12,522.64,0,Clear,826
B009451,2025-04-09,V012,doubles,T0003,T0100,2,2,T0003,T0100,home,16,167.8,0,Thunderstorm,756
B009452,2025-04-14,V009,singles,T0160,T0141,1,1,T0141,T0160,away,9,57.17,0,High Winds,2284
B009453,2025-12-19,V052,singles,T0136,T0043,1,1,T0043,T0136,away,11,127.82,0,Rain,599
B009454,2024-10-23,V020,triples,T0012,T0098,3,3,T0098,T0012,away,9,231.37,0,Harsh Sun,1744
B009455,2026-02-05,V035,doubles,T0159,T0017,2,2,T0017,T0159,away,10,138.2,0,Hail,303
B009456,2025-08-17,V049,triples,T0125,T0012,3,3,T0125,T0012,home,22,19.87,1,Overcast,634
B009457,2025-07-13,V025,singles,T0082,T0090,1,1,T0082,T0090,home,10,146.91,0,Fog,954
B009458,2025-09-16,V006,singles,T0064,T0119,1,1,T0064,T0119,home,13,109.74,0,Moonless,479
B009459,2024-12-29,V053,singles,T0092,T0031,1,1,T0031,T0092,away,15,279.69,0,Rain,456
B009460,2024-11-23,V037,doubles,T0065,T0075,2,2,T0065,T0075,home,17,273.64,0,Clear,1095
B009461,2026-02-28,V006,doubles,T0130,T0044,2,2,T0130,T0044,home,12,249.57,0,Moonless,434
B009462,2025-10-16,V049,doubles,T0105,T0019,2,2,T0105,T0019,home,12,69.1,0,Overcast,756
B009463,2026-02-09,V037,doubles,T0109,T0165,2,2,T0165,T0109,away,20,226.75,0,Clear,1040
B009464,2024-03-07,V038,doubles,T0122,T0078,2,2,T0078,T0122,away,12,241.51,0,Clear,1027
B009465,2024-05-01,V044,singles,T0048,T0105,1,1,T0105,T0048,away,4,72.36,0,Odd Aura,1558
B009466,2024-11-30,V021,doubles,T0153,T0018,2,2,T0018,T0153,away,13,229.0,0,Harsh Sun,268
B009467,2024-11-29,V053,doubles,T0045,T0069,2,2,T0045,T0069,home,15,315.01,0,Rain,487
B009468,2025-09-10,V011,triples,T0101,T0040,3,3,T0040,T0101,away,11,453.69,0,Thunderstorm,164
B009469,2025-10-09,V008,singles,T0022,T0108,1,1,T0022,T0108,home,12,21.64,0,High Winds,216
B009470,2025-04-03,V027,doubles,T0100,T0107,2,2,T0100,T0107,home,12,285.84,0,Fog,702
B009471,2024-04-13,V020,singles,T0130,T0072,1,1,T0130,T0072,home,8,284.77,0,Harsh Sun,1850
B009472,2025-09-17,V050,triples,T0068,T0010,3,3,T0068,T0010,home,17,244.61,0,Overcast,262
B009473,2024-03-20,V052,singles,T0149,T0128,1,1,T0128,T0149,away,12,72.67,0,Rain,525
B009474,2024-04-23,V034,singles,T0118,T0134,1,1,T0118,T0134,home,8,136.94,0,Hail,1368
B009475,2024-12-21,V050,doubles,T0100,T0119,2,2,T0100,T0119,home,9,178.08,0,Overcast,140
B009476,2025-08-06,V005,singles,T0155,T0032,1,1,T0155,T0032,home,10,116.27,0,Moonless,1239
B009477,2025-03-30,V029,triples,T0114,T0155,3,3,T0114,T0155,home,16,144.67,0,Sunny,528
B009478,2025-01-27,V014,doubles,T0028,T0145,2,2,T0028,T0145,home,11,83.51,0,Glittering,1661
B009479,2025-08-18,V033,doubles,T0136,T0158,2,2,T0136,T0158,home,10,210.83,0,Dusty,1606
B009480,2024-12-23,V008,doubles,T0131,T0111,2,2,T0131,T0111,home,12,173.66,0,High Winds,243
B009481,2025-08-22,V051,triples,T0119,T0046,3,3,T0046,T0119,away,24,151.47,1,Overcast,513
B009482,2025-03-25,V052,doubles,T0065,T0005,2,2,T0005,T0065,away,13,233.66,0,Rain,878
B009483,2024-05-22,V013,singles,T0075,T0084,1,1,T0084,T0075,away,13,197.56,0,Glittering,1684
B009484,2024-03-23,V023,doubles,T0146,T0012,2,2,T0012,T0146,away,10,56.6,0,Windy,1453
B009485,2024-08-16,V028,doubles,T0027,T0146,2,2,T0146,T0027,away,13,326.85,0,Sunny,965
B009486,2024-01-07,V001,triples,T0031,T0032,3,3,T0032,T0031,away,12,102.97,0,Breezy,691
B009487,2025-05-16,V042,singles,T0060,T0033,1,1,T0060,T0033,home,5,15.27,0,Smog,979
B009488,2026-02-14,V025,doubles,T0069,T0144,2,2,T0069,T0144,home,12,24.97,0,Fog,1212
B009489,2025-04-11,V002,doubles,T0068,T0047,2,2,T0047,T0068,away,15,133.62,0,Breezy,963
B009490,2025-07-20,V049,singles,T0171,T0175,1,1,T0171,T0175,home,6,292.68,0,Overcast,707
B009491,2024-02-28,V044,doubles,T0032,T0007,2,2,T0032,T0007,home,17,244.91,0,Odd Aura,1489
B009492,2024-11-01,V014,singles,T0171,T0044,1,1,T0044,T0171,away,13,64.1,0,Glittering,1492
B009493,2024-04-22,V022,triples,T0146,T0063,3,3,T0063,T0146,away,16,497.13,0,Windy,895
B009494,2025-01-07,V050,singles,T0100,T0092,1,1,T0092,T0100,away,9,4.87,0,Overcast,179
B009495,2026-03-13,V012,singles,T0006,T0050,1,1,T0006,T0050,home,14,223.73,0,Thunderstorm,1003
B009496,2024-09-13,V052,doubles,T0156,T0121,2,2,T0121,T0156,away,6,280.32,0,Rain,763
B009497,2025-11-25,V016,doubles,T0050,T0143,2,2,T0143,T0050,away,11,282.69,0,Clear,193
B009498,2024-06-11,V045,doubles,T0032,T0128,2,2,T0128,T0032,away,15,97.31,0,Odd Aura,521
B009499,2024-06-08,V015,singles,T0035,T0068,1,1,T0068,T0035,away,5,94.51,0,Glittering,175
B009500,2025-03-22,V052,doubles,T0175,T0005,2,2,T0175,T0005,home,23,153.12,0,Rain,500
B009501,2025-11-25,V030,singles,T0078,T0134,1,1,T0134,T0078,away,11,43.09,0,Sunny,1060
B009502,2024-07-03,V023,triples,T0065,T0159,3,3,T0159,T0065,away,23,417.74,1,Windy,1204
B009503,2024-08-19,V010,singles,T0176,T0169,1,1,T0169,T0176,away,8,170.94,0,Thunderstorm,606
B009504,2024-02-27,V051,doubles,T0105,T0054,2,2,T0054,T0105,away,12,107.06,0,Overcast,505
B009505,2025-07-27,V046,doubles,T0152,T0050,2,2,T0050,T0152,away,13,246.91,0,Sandstorm,581
B009506,2024-03-28,V003,triples,T0166,T0011,3,3,T0166,T0011,home,16,590.01,0,Breezy,592
B009507,2024-12-26,V027,doubles,T0053,T0132,2,2,T0053,T0132,home,8,37.63,0,Fog,689
B009508,2025-12-02,V008,triples,T0151,T0061,3,3,T0151,T0061,home,16,320.09,0,High Winds,299
B009509,2024-04-15,V051,doubles,T0012,T0042,2,2,T0012,T0042,home,13,132.49,0,Overcast,386
B009510,2024-12-17,V020,singles,T0146,T0116,1,1,T0116,T0146,away,12,112.17,0,Harsh Sun,1825
B009511,2024-06-21,V019,doubles,T0029,T0032,2,2,T0032,T0029,away,20,598.22,1,Harsh Sun,753
B009512,2025-09-17,V031,triples,T0109,T0154,3,3,T0154,T0109,away,19,408.9,0,Dusty,411
B009513,2025-03-18,V034,triples,T0156,T0012,3,3,T0012,T0156,away,14,411.84,0,Hail,1314
B009514,2026-01-09,V007,doubles,T0163,T0064,2,2,T0163,T0064,home,7,197.18,0,High Winds,1215
B009515,2026-01-23,V005,triples,T0103,T0065,3,3,T0065,T0103,away,15,136.42,0,Moonless,1030
B009516,2024-12-05,V044,doubles,T0166,T0080,2,2,T0080,T0166,away,13,97.98,0,Odd Aura,1305
B009517,2026-02-05,V049,doubles,T0154,T0123,2,2,T0123,T0154,away,18,61.49,0,Overcast,763
B009518,2024-04-19,V007,singles,T0120,T0039,1,1,T0120,T0039,home,14,178.84,0,High Winds,1488
B009519,2025-09-11,V002,doubles,T0089,T0050,2,2,T0089,T0050,home,8,307.01,0,Breezy,888
B009520,2024-07-12,V015,triples,T0152,T0012,3,3,T0012,T0152,away,24,19.27,1,Glittering,100
B009521,2025-12-04,V024,doubles,T0169,T0073,2,2,T0169,T0073,home,13,1.46,0,Windy,1146
B009522,2024-03-03,V048,triples,T0054,T0142,3,3,T0142,T0054,away,19,235.41,0,Sandstorm,2099
B009523,2024-05-01,V003,singles,T0080,T0150,1,1,T0150,T0080,away,10,241.22,0,Breezy,626
B009524,2024-03-25,V007,singles,T0149,T0085,1,1,T0149,T0085,home,11,16.26,0,High Winds,1379
B009525,2025-06-12,V050,singles,T0027,T0160,1,1,T0027,T0160,home,10,218.03,0,Overcast,177
B009526,2025-09-15,V018,doubles,T0066,T0156,2,2,T0066,T0156,home,9,829.33,0,Clear,1348
B009527,2024-03-05,V035,singles,T0071,T0040,1,1,T0040,T0071,away,12,128.85,0,Hail,355
B009528,2024-10-12,V011,singles,T0097,T0077,1,1,T0077,T0097,away,12,245.04,0,Thunderstorm,181
B009529,2026-02-05,V026,singles,T0149,T0016,1,1,T0149,T0016,home,13,66.06,0,Fog,714
B009530,2025-04-17,V008,doubles,T0025,T0092,2,2,T0025,T0092,home,17,121.78,0,High Winds,346
B009531,2024-01-24,V042,doubles,T0075,T0033,2,2,T0033,T0075,away,10,135.61,0,Smog,633
B009532,2025-05-28,V020,doubles,T0124,T0139,2,2,T0139,T0124,away,12,249.71,0,Harsh Sun,1832
B009533,2025-06-13,V009,triples,T0006,T0150,3,3,T0150,T0006,away,14,4.1,0,High Winds,1939
B009534,2024-03-16,V034,singles,T0162,T0024,1,1,T0162,T0024,home,9,95.68,0,Hail,1518
B009535,2025-07-30,V009,doubles,T0131,T0079,2,2,T0131,T0079,home,12,125.04,0,High Winds,1915
B009536,2025-09-19,V008,triples,T0126,T0084,3,3,T0126,T0084,home,24,531.53,1,High Winds,248
B009537,2025-03-21,V054,singles,T0102,T0076,1,1,T0102,T0076,home,4,161.57,0,Rain,502
B009538,2024-07-10,V014,singles,T0081,T0040,1,1,T0040,T0081,away,11,208.64,0,Glittering,1499
B009539,2024-10-12,V008,triples,T0040,T0003,3,3,T0040,T0003,home,18,55.23,1,High Winds,332
B009540,2025-06-27,V051,doubles,T0048,T0093,2,2,T0048,T0093,home,8,107.52,0,Overcast,514
B009541,2024-04-11,V024,doubles,T0074,T0058,2,2,T0058,T0074,away,16,314.17,0,Windy,1028
B009542,2025-09-03,V038,singles,T0109,T0026,1,1,T0109,T0026,home,9,1.77,0,Clear,904
B009543,2026-03-27,V023,doubles,T0049,T0044,2,2,T0049,T0044,home,16,182.21,0,Windy,1037
B009544,2025-03-17,V032,singles,T0059,T0046,1,1,T0046,T0059,away,13,121.37,0,Dusty,1204
B009545,2025-12-01,V005,triples,T0123,T0112,3,3,T0123,T0112,home,15,48.18,0,Moonless,1006
B009546,2024-09-11,V042,doubles,T0105,T0091,2,2,T0091,T0105,away,15,113.32,1,Smog,804
B009547,2024-07-31,V036,doubles,T0020,T0115,2,2,T0020,T0115,home,14,80.87,0,Hail,501
B009548,2025-09-03,V018,singles,T0070,T0052,1,1,T0070,T0052,home,14,208.58,0,Clear,1410
B009549,2025-05-24,V013,triples,T0033,T0010,3,3,T0033,T0010,home,12,279.27,0,Glittering,1607
B009550,2026-03-06,V007,doubles,T0023,T0170,2,2,T0170,T0023,away,11,47.09,0,High Winds,1530
B009551,2025-12-30,V017,doubles,T0081,T0117,2,2,T0081,T0117,home,13,77.22,0,Clear,696
B009552,2025-04-16,V033,singles,T0025,T0036,1,1,T0036,T0025,away,6,96.96,0,Dusty,1320
B009553,2024-08-01,V017,singles,T0113,T0001,1,1,T0001,T0113,away,14,458.72,0,Clear,816
B009554,2026-03-07,V017,triples,T0162,T0017,3,3,T0017,T0162,away,12,78.2,0,Clear,552
B009555,2025-11-23,V016,singles,T0092,T0165,1,1,T0165,T0092,away,6,146.59,0,Clear,232
B009556,2024-01-07,V049,triples,T0174,T0128,3,3,T0128,T0174,away,10,6.46,0,Overcast,709
B009557,2024-08-23,V052,doubles,T0008,T0004,2,2,T0008,T0004,home,14,437.66,0,Rain,593
B009558,2024-02-24,V052,triples,T0086,T0035,3,3,T0086,T0035,home,13,189.26,0,Rain,708
B009559,2025-08-24,V030,singles,T0078,T0025,1,1,T0025,T0078,away,15,73.78,0,Sunny,851
B009560,2025-08-15,V046,doubles,T0036,T0035,2,2,T0036,T0035,home,13,52.24,0,Sandstorm,431
B009561,2025-03-18,V046,singles,T0020,T0065,1,1,T0065,T0020,away,13,105.1,0,Sandstorm,542
B009562,2025-01-31,V023,triples,T0115,T0126,3,3,T0126,T0115,away,16,163.01,0,Windy,1235
B009563,2024-07-24,V048,doubles,T0108,T0038,2,2,T0038,T0108,away,20,184.69,1,Sandstorm,2402
B009564,2024-12-14,V049,triples,T0124,T0055,3,3,T0124,T0055,home,14,23.69,0,Overcast,667
B009565,2024-03-16,V017,singles,T0118,T0075,1,1,T0075,T0118,away,8,75.93,0,Clear,506
B009566,2025-10-18,V020,doubles,T0166,T0021,2,2,T0166,T0021,home,20,480.8,1,Harsh Sun,1742
B009567,2025-01-19,V054,doubles,T0058,T0046,2,2,T0058,T0046,home,7,109.19,0,Rain,738
B009568,2024-08-05,V009,singles,T0129,T0071,1,1,T0071,T0129,away,16,176.78,0,High Winds,1949
B009569,2026-03-04,V025,singles,T0115,T0128,1,1,T0128,T0115,away,12,75.78,0,Fog,1147
B009570,2025-08-31,V038,singles,T0111,T0025,1,1,T0111,T0025,home,10,14.35,0,Clear,917
B009571,2025-12-22,V003,triples,T0099,T0016,3,3,T0016,T0099,away,19,437.07,0,Breezy,373
B009572,2025-08-31,V044,doubles,T0078,T0024,2,2,T0078,T0024,home,13,208.05,0,Odd Aura,1955
B009573,2026-02-16,V040,singles,T0009,T0138,1,1,T0138,T0009,away,6,149.61,0,Smog,259
B009574,2024-11-24,V048,doubles,T0148,T0062,2,2,T0148,T0062,home,15,139.09,1,Sandstorm,1973
B009575,2025-07-06,V042,doubles,T0082,T0157,2,2,T0157,T0082,away,7,301.04,0,Smog,861
B009576,2024-01-07,V006,doubles,T0004,T0164,2,2,T0004,T0164,home,12,87.49,0,Moonless,386
B009577,2025-09-28,V041,doubles,T0047,T0113,2,3,T0113,T0047,away,14,622.44,0,Smog,408
B009578,2024-10-21,V012,doubles,T0095,T0115,2,2,T0095,T0115,home,6,269.95,0,Thunderstorm,895
B009579,2024-10-15,V030,singles,T0036,T0029,1,1,T0036,T0029,home,7,19.01,0,Sunny,536
B009580,2025-10-09,V014,doubles,T0067,T0052,2,2,T0052,T0067,away,13,64.58,0,Glittering,1636
B009581,2025-12-22,V040,singles,T0032,T0022,1,1,T0032,T0022,home,8,125.35,0,Smog,260
B009582,2026-01-03,V026,singles,T0150,T0163,1,1,T0163,T0150,away,8,42.61,0,Fog,856
B009583,2025-02-07,V051,triples,T0117,T0171,3,3,T0117,T0171,home,13,281.43,0,Overcast,371
B009584,2025-05-08,V024,singles,T0035,T0009,1,1,T0035,T0009,home,8,24.89,0,Windy,1244
B009585,2024-04-25,V024,singles,T0153,T0010,1,1,T0153,T0010,home,6,288.89,0,Windy,1067
B009586,2025-08-29,V038,singles,T0160,T0092,1,1,T0160,T0092,home,11,52.01,0,Clear,927
B009587,2024-09-28,V029,singles,T0051,T0140,1,1,T0051,T0140,home,9,321.1,0,Sunny,392
B009588,2025-09-30,V001,triples,T0068,T0116,3,3,T0116,T0068,away,18,21.84,0,Breezy,711
B009589,2025-05-18,V053,triples,T0129,T0027,3,3,T0129,T0027,home,10,121.63,0,Rain,476
B009590,2025-08-23,V013,singles,T0123,T0036,1,1,T0036,T0123,away,11,109.75,0,Glittering,2005
B009591,2024-09-25,V021,singles,T0113,T0048,1,1,T0113,T0048,home,10,137.6,0,Harsh Sun,245
B009592,2025-06-09,V039,singles,T0129,T0048,1,1,T0048,T0129,away,12,119.8,0,Clear,639
B009593,2024-03-31,V048,doubles,T0030,T0056,2,2,T0030,T0056,home,18,233.13,0,Sandstorm,2500
B009594,2025-11-23,V032,doubles,T0012,T0068,2,2,T0012,T0068,home,9,338.61,0,Dusty,1018
B009595,2024-08-12,V031,doubles,T0060,T0162,2,2,T0060,T0162,home,14,192.21,0,Dusty,434
B009596,2024-03-17,V045,singles,T0042,T0098,1,1,T0098,T0042,away,9,109.33,0,Odd Aura,571
B009597,2025-04-01,V038,doubles,T0086,T0079,2,2,T0086,T0079,home,14,149.2,0,Clear,722
B009598,2026-02-08,V001,triples,T0009,T0114,3,3,T0114,T0009,away,10,33.83,0,Breezy,680
B009599,2025-08-18,V031,singles,T0174,T0021,1,1,T0021,T0174,away,10,31.97,0,Dusty,388
B009600,2024-02-09,V005,doubles,T0011,T0033,2,2,T0033,T0011,away,10,47.69,0,Moonless,1101
B009601,2025-06-04,V002,doubles,T0083,T0037,2,2,T0037,T0083,away,11,1.22,0,Breezy,945
B009602,2026-03-26,V039,singles,T0085,T0060,1,1,T0060,T0085,away,13,431.89,0,Clear,723
B009603,2024-08-09,V029,doubles,T0038,T0072,2,2,T0038,T0072,home,17,427.64,0,Sunny,520
B009604,2024-06-29,V023,doubles,T0047,T0011,2,2,T0047,T0011,home,22,377.34,1,Windy,1329
B009605,2024-11-22,V029,doubles,T0125,T0107,2,2,T0107,T0125,away,13,207.36,0,Sunny,475
B009606,2025-12-19,V002,triples,T0048,T0168,3,3,T0048,T0168,home,13,299.61,0,Breezy,818
B009607,2026-01-02,V041,singles,T0163,T0166,1,1,T0163,T0166,home,7,43.94,0,Smog,784
B009608,2024-04-28,V025,doubles,T0082,T0161,2,2,T0082,T0161,home,15,236.41,0,Fog,979
B009609,2025-02-08,V030,doubles,T0078,T0008,2,2,T0078,T0008,home,13,268.61,0,Sunny,640
B009610,2024-01-03,V025,singles,T0161,T0094,1,1,T0161,T0094,home,10,237.99,0,Fog,994
B009611,2025-04-08,V002,singles,T0083,T0002,1,1,T0083,T0002,home,8,185.64,0,Breezy,867
B009612,2025-10-13,V035,doubles,T0012,T0036,2,2,T0012,T0036,home,11,388.57,0,Hail,365
B009613,2026-03-17,V043,singles,T0088,T0064,1,1,T0088,T0064,home,9,374.18,0,Odd Aura,1087
B009614,2024-08-28,V046,doubles,T0066,T0126,2,2,T0126,T0066,away,15,300.38,0,Sandstorm,617
B009615,2025-11-08,V026,doubles,T0050,T0037,2,2,T0050,T0037,home,6,101.83,0,Fog,720
B009616,2024-10-22,V047,singles,T0015,T0050,1,1,T0050,T0015,away,15,154.18,0,Sandstorm,360
B009617,2025-12-04,V035,singles,T0014,T0122,1,1,T0122,T0014,away,10,15.49,0,Hail,383
B009618,2024-01-17,V048,doubles,T0023,T0118,2,1,T0023,T0118,home,12,778.75,0,Sandstorm,1940
B009619,2025-06-03,V002,doubles,T0097,T0133,2,2,T0097,T0133,home,17,16.58,1,Breezy,982
B009620,2026-01-21,V032,doubles,T0126,T0128,2,2,T0126,T0128,home,21,84.3,1,Dusty,1148
B009621,2025-05-31,V009,triples,T0048,T0126,3,3,T0126,T0048,away,15,6.11,0,High Winds,2258
B009622,2025-01-21,V006,triples,T0004,T0179,3,3,T0004,T0179,home,14,126.38,0,Moonless,407
B009623,2024-05-20,V011,doubles,T0026,T0165,2,2,T0165,T0026,away,13,224.87,0,Thunderstorm,154
B009624,2024-11-02,V052,singles,T0041,T0140,1,1,T0041,T0140,home,10,366.17,0,Rain,780
B009625,2025-06-30,V030,singles,T0022,T0146,1,2,T0146,T0022,away,11,678.67,0,Sunny,1106
B009626,2024-12-15,V032,doubles,T0002,T0070,2,2,T0002,T0070,home,19,61.04,1,Dusty,1096
B009627,2024-04-19,V046,doubles,T0172,T0084,2,2,T0084,T0172,away,11,22.38,0,Sandstorm,540
B009628,2025-09-10,V014,singles,T0123,T0017,1,1,T0017,T0123,away,6,40.56,0,Glittering,1548
B009629,2025-06-28,V044,singles,T0166,T0016,1,1,T0166,T0016,home,13,92.78,0,Odd Aura,1464
B009630,2025-08-15,V007,doubles,T0001,T0122,2,2,T0001,T0122,home,9,71.27,0,High Winds,1055
B009631,2025-05-17,V006,doubles,T0004,T0097,2,2,T0004,T0097,home,13,94.16,0,Moonless,506
B009632,2025-10-15,V029,singles,T0008,T0006,1,1,T0008,T0006,home,7,214.55,0,Sunny,421
B009633,2024-11-13,V023,doubles,T0150,T0055,2,2,T0055,T0150,away,17,302.35,0,Windy,1230
B009634,2026-03-24,V033,doubles,T0060,T0042,2,2,T0042,T0060,away,10,172.89,0,Dusty,1866
B009635,2025-01-30,V001,singles,T0109,T0124,1,1,T0124,T0109,away,11,129.78,0,Breezy,717
B009636,2024-04-23,V050,singles,T0155,T0087,1,1,T0087,T0155,away,8,292.66,0,Overcast,158
B009637,2025-04-08,V012,singles,T0165,T0170,1,1,T0170,T0165,away,12,191.84,0,Thunderstorm,922
B009638,2025-08-27,V027,singles,T0152,T0001,1,1,T0152,T0001,home,7,3.25,0,Fog,769
B009639,2024-12-26,V003,singles,T0080,T0140,1,1,T0080,T0140,home,15,84.67,0,Breezy,553
B009640,2025-05-26,V047,triples,T0121,T0116,3,3,T0121,T0116,home,12,227.52,0,Sandstorm,288
B009641,2025-05-08,V051,triples,T0020,T0146,3,3,T0020,T0146,home,23,318.44,1,Overcast,394
B009642,2024-02-08,V009,triples,T0165,T0166,3,3,T0165,T0166,home,18,228.13,0,High Winds,2100
B009643,2025-09-16,V037,triples,T0165,T0146,3,3,T0165,T0146,home,17,351.96,0,Clear,997
B009644,2026-03-02,V037,doubles,T0132,T0155,2,2,T0155,T0132,away,13,225.78,0,Clear,1092
B009645,2024-12-31,V030,doubles,T0019,T0159,2,2,T0159,T0019,away,12,254.95,0,Sunny,829
B009646,2026-01-05,V020,doubles,T0175,T0034,2,2,T0034,T0175,away,9,606.45,0,Harsh Sun,1762
B009647,2024-07-08,V034,triples,T0021,T0059,3,3,T0059,T0021,away,10,77.63,0,Hail,1499
B009648,2025-04-05,V013,singles,T0130,T0165,1,1,T0130,T0165,home,4,44.55,0,Glittering,1665
B009649,2024-11-09,V035,triples,T0049,T0136,3,3,T0136,T0049,away,16,268.55,0,Hail,435
B009650,2024-10-05,V054,singles,T0151,T0142,1,1,T0142,T0151,away,14,246.38,0,Rain,556
B009651,2024-07-11,V038,singles,T0138,T0027,1,1,T0027,T0138,away,13,204.97,0,Clear,791
B009652,2024-08-31,V023,singles,T0139,T0154,1,1,T0154,T0139,away,11,95.12,0,Windy,1232
B009653,2026-02-15,V031,doubles,T0060,T0133,2,2,T0060,T0133,home,12,45.32,0,Dusty,317
B009654,2025-03-18,V042,singles,T0006,T0116,1,1,T0006,T0116,home,10,547.26,0,Smog,799
B009655,2024-02-13,V044,doubles,T0022,T0037,2,2,T0037,T0022,away,22,89.2,1,Odd Aura,1455
B009656,2025-03-17,V043,singles,T0119,T0085,1,1,T0119,T0085,home,10,8.15,0,Odd Aura,1165
B009657,2025-06-11,V042,triples,T0093,T0059,3,3,T0059,T0093,away,15,147.29,0,Smog,739
B009658,2025-07-02,V039,singles,T0173,T0025,1,1,T0025,T0173,away,14,142.2,0,Clear,579
B009659,2024-06-23,V038,doubles,T0001,T0026,2,2,T0001,T0026,home,11,110.34,0,Clear,824
B009660,2025-06-07,V012,doubles,T0121,T0100,2,2,T0121,T0100,home,21,167.57,1,Thunderstorm,1037
B009661,2024-02-23,V024,singles,T0136,T0044,1,1,T0044,T0136,away,13,64.13,0,Windy,903
B009662,2026-03-19,V033,singles,T0007,T0158,1,1,T0007,T0158,home,10,77.68,0,Dusty,1723
B009663,2024-11-17,V030,singles,T0059,T0100,1,1,T0059,T0100,home,12,8.81,0,Sunny,822
B009664,2026-03-20,V043,doubles,T0110,T0069,2,2,T0069,T0110,away,17,96.06,0,Odd Aura,1158
B009665,2025-08-11,V042,doubles,T0078,T0049,2,2,T0049,T0078,away,12,176.21,0,Smog,740
B009666,2024-01-04,V051,singles,T0108,T0033,1,1,T0108,T0033,home,8,2.87,0,Overcast,390
B009667,2024-11-12,V026,doubles,T0150,T0032,2,2,T0032,T0150,away,17,107.69,0,Fog,809
B009668,2024-10-25,V012,doubles,T0030,T0158,2,2,T0030,T0158,home,14,489.71,0,Thunderstorm,868
B009669,2024-09-27,V016,doubles,T0148,T0055,2,2,T0148,T0055,home,23,221.49,1,Clear,193
B009670,2026-02-10,V003,doubles,T0020,T0005,2,2,T0020,T0005,home,10,64.25,0,Breezy,586
B009671,2025-02-10,V054,triples,T0068,T0083,3,3,T0068,T0083,home,15,128.64,0,Rain,476
B009672,2025-05-22,V038,triples,T0157,T0013,3,3,T0157,T0013,home,19,75.69,0,Clear,927
B009673,2026-03-19,V019,singles,T0076,T0003,1,1,T0003,T0076,away,9,18.96,0,Harsh Sun,1243
B009674,2025-02-13,V036,singles,T0066,T0097,1,1,T0097,T0066,away,7,105.94,0,Hail,575
B009675,2026-03-17,V012,singles,T0070,T0180,1,1,T0180,T0070,away,6,45.68,0,Thunderstorm,938
B009676,2025-07-01,V050,singles,T0170,T0064,1,1,T0170,T0064,home,14,88.21,0,Overcast,290
B009677,2025-05-15,V027,singles,T0175,T0121,1,1,T0121,T0175,away,4,39.41,0,Fog,820
B009678,2024-08-29,V039,doubles,T0060,T0088,2,2,T0088,T0060,away,17,407.88,0,Clear,548
B009679,2024-12-19,V026,doubles,T0057,T0120,2,2,T0120,T0057,away,14,209.61,0,Fog,907
B009680,2024-04-12,V052,triples,T0114,T0032,3,3,T0032,T0114,away,14,37.74,0,Rain,771
B009681,2025-03-11,V052,singles,T0179,T0143,1,2,T0143,T0179,away,4,361.72,0,Rain,676
B009682,2026-03-13,V045,triples,T0007,T0180,3,3,T0007,T0180,home,19,379.06,0,Odd Aura,638
B009683,2024-07-09,V039,singles,T0016,T0170,1,1,T0016,T0170,home,6,49.56,0,Clear,614
B009684,2024-11-26,V002,triples,T0031,T0142,3,2,T0031,T0142,home,9,572.67,0,Breezy,1082
B009685,2024-12-01,V039,doubles,T0024,T0008,2,2,T0024,T0008,home,11,134.45,0,Clear,586
B009686,2024-04-07,V020,singles,T0130,T0072,1,1,T0130,T0072,home,8,83.63,0,Harsh Sun,1601
B009687,2024-05-29,V042,triples,T0015,T0150,3,3,T0150,T0015,away,17,176.54,0,Smog,624
B009688,2024-08-23,V008,triples,T0052,T0060,3,3,T0052,T0060,home,18,99.21,1,High Winds,427
B009689,2025-06-10,V015,triples,T0037,T0108,3,3,T0037,T0108,home,13,103.87,0,Glittering,190
B009690,2026-02-14,V043,triples,T0040,T0072,3,3,T0040,T0072,home,14,590.34,0,Odd Aura,979
B009691,2024-05-19,V042,singles,T0027,T0125,1,1,T0027,T0125,home,13,155.16,0,Smog,956
B009692,2025-08-09,V015,singles,T0132,T0180,1,1,T0180,T0132,away,10,102.32,0,Glittering,156
B009693,2025-11-16,V020,triples,T0020,T0135,3,3,T0020,T0135,home,12,291.96,0,Harsh Sun,1468
B009694,2025-11-14,V010,doubles,T0019,T0129,2,2,T0129,T0019,away,13,393.65,0,Thunderstorm,595
B009695,2026-03-29,V050,triples,T0157,T0087,3,3,T0087,T0157,away,24,60.7,1,Overcast,144
B009696,2024-06-01,V026,singles,T0088,T0067,1,1,T0088,T0067,home,15,86.5,0,Fog,517
B009697,2024-06-08,V051,doubles,T0011,T0036,2,2,T0036,T0011,away,20,143.74,1,Overcast,581
B009698,2025-09-11,V032,doubles,T0177,T0053,2,2,T0053,T0177,away,13,183.76,0,Dusty,1112
B009699,2024-02-10,V007,doubles,T0110,T0169,2,2,T0169,T0110,away,14,53.33,1,High Winds,1308
B009700,2026-02-27,V051,singles,T0057,T0149,1,1,T0149,T0057,away,10,94.6,0,Overcast,509
B009701,2025-06-10,V044,doubles,T0048,T0003,2,2,T0048,T0003,home,15,231.61,0,Odd Aura,1287
B009702,2024-06-27,V026,doubles,T0097,T0016,2,1,T0097,T0016,home,10,631.44,0,Fog,708
B009703,2024-10-27,V016,triples,T0042,T0040,3,3,T0040,T0042,away,11,421.71,0,Clear,203
B009704,2024-01-22,V045,singles,T0063,T0004,1,1,T0063,T0004,home,16,337.19,0,Odd Aura,445
B009705,2024-11-13,V052,triples,T0005,T0034,3,3,T0034,T0005,away,22,336.43,1,Rain,428
B009706,2025-06-01,V017,singles,T0165,T0124,1,1,T0165,T0124,home,8,239.57,0,Clear,559
B009707,2026-02-05,V041,doubles,T0031,T0143,2,2,T0143,T0031,away,16,324.2,0,Smog,499
B009708,2024-07-30,V030,triples,T0085,T0180,3,3,T0085,T0180,home,8,115.86,0,Sunny,1103
B009709,2025-10-24,V039,doubles,T0152,T0131,2,2,T0131,T0152,away,15,118.55,0,Clear,584
B009710,2024-04-12,V006,doubles,T0082,T0026,2,3,T0026,T0082,away,13,245.15,0,Moonless,441
B009711,2026-01-03,V039,singles,T0098,T0149,1,1,T0149,T0098,away,8,4.99,0,Clear,633
B009712,2024-08-06,V030,singles,T0034,T0149,1,1,T0034,T0149,home,5,322.41,0,Sunny,558
B009713,2025-09-16,V026,singles,T0150,T0152,1,1,T0150,T0152,home,4,87.63,0,Fog,606
B009714,2025-05-17,V003,triples,T0170,T0066,3,3,T0170,T0066,home,14,224.54,0,Breezy,646
B009715,2024-01-22,V017,doubles,T0034,T0128,2,2,T0128,T0034,away,13,77.55,0,Clear,431
B009716,2026-03-23,V015,singles,T0032,T0148,1,1,T0032,T0148,home,8,322.98,0,Glittering,118
B009717,2024-04-19,V021,doubles,T0118,T0012,2,2,T0118,T0012,home,8,20.63,0,Harsh Sun,207
B009718,2025-06-22,V004,doubles,T0011,T0001,2,2,T0001,T0011,away,14,227.28,0,Moonless,739
B009719,2024-10-04,V053,triples,T0008,T0128,3,3,T0128,T0008,away,20,290.63,1,Rain,468
B009720,2025-06-23,V054,singles,T0172,T0140,1,1,T0172,T0140,home,11,145.08,0,Rain,487
B009721,2025-12-06,V031,doubles,T0014,T0086,2,2,T0086,T0014,away,10,229.64,0,Dusty,495
B009722,2024-01-07,V046,singles,T0148,T0081,1,1,T0148,T0081,home,11,29.62,0,Sandstorm,458
B009723,2025-10-10,V013,singles,T0126,T0038,1,1,T0126,T0038,home,5,188.03,0,Glittering,1807
B009724,2024-01-19,V042,triples,T0105,T0086,3,3,T0086,T0105,away,17,107.17,0,Smog,670
B009725,2025-04-19,V021,doubles,T0021,T0122,2,2,T0021,T0122,home,8,119.29,0,Harsh Sun,239
B009726,2024-10-12,V043,doubles,T0111,T0160,2,2,T0111,T0160,home,11,255.37,0,Odd Aura,910
B009727,2025-11-20,V020,doubles,T0128,T0001,2,2,T0001,T0128,away,22,178.7,1,Harsh Sun,1730
B009728,2025-08-24,V006,singles,T0099,T0156,1,1,T0099,T0156,home,13,388.76,0,Moonless,496
B009729,2024-03-16,V016,triples,T0077,T0122,3,3,T0077,T0122,home,17,129.74,0,Clear,209
B009730,2026-03-10,V053,triples,T0134,T0054,3,3,T0054,T0134,away,13,291.76,0,Rain,449
B009731,2024-10-14,V031,doubles,T0060,T0138,2,2,T0060,T0138,home,7,332.47,0,Dusty,426
B009732,2025-08-26,V047,doubles,T0077,T0019,2,2,T0077,T0019,home,10,155.66,0,Sandstorm,355
B009733,2025-10-08,V047,singles,T0076,T0042,1,1,T0076,T0042,home,8,312.41,0,Sandstorm,329
B009734,2025-05-08,V035,singles,T0026,T0166,1,1,T0166,T0026,away,12,404.48,0,Hail,386
B009735,2026-02-06,V046,doubles,T0112,T0029,2,2,T0112,T0029,home,17,268.78,0,Sandstorm,458
B009736,2024-01-07,V019,triples,T0032,T0175,3,3,T0032,T0175,home,13,639.53,0,Harsh Sun,1200
B009737,2024-06-06,V001,doubles,T0020,T0067,2,2,T0020,T0067,home,15,220.8,0,Breezy,626
B009738,2026-03-29,V042,singles,T0031,T0043,1,1,T0031,T0043,home,11,147.87,0,Smog,596
B009739,2025-09-06,V010,doubles,T0011,T0130,2,2,T0130,T0011,away,15,101.69,0,Thunderstorm,576
B009740,2025-10-12,V036,singles,T0026,T0168,1,1,T0168,T0026,away,15,1.3,0,Hail,687
B009741,2025-03-29,V035,doubles,T0024,T0058,2,2,T0058,T0024,away,11,88.35,0,Hail,395
B009742,2024-04-29,V019,singles,T0175,T0169,1,1,T0175,T0169,home,13,56.97,0,Harsh Sun,944
B009743,2025-02-04,V043,doubles,T0176,T0044,2,2,T0176,T0044,home,21,289.77,1,Odd Aura,1169
B009744,2025-03-17,V024,singles,T0147,T0106,1,1,T0147,T0106,home,9,207.85,0,Windy,699
B009745,2024-10-17,V016,doubles,T0045,T0023,2,2,T0045,T0023,home,10,297.01,0,Clear,178
B009746,2025-05-08,V049,singles,T0002,T0100,1,1,T0100,T0002,away,13,176.66,0,Overcast,803
B009747,2025-04-15,V027,doubles,T0165,T0051,2,2,T0165,T0051,home,13,86.45,0,Fog,675
B009748,2025-01-03,V042,singles,T0024,T0063,1,1,T0024,T0063,home,12,9.23,0,Smog,599
B009749,2024-06-18,V013,singles,T0019,T0164,1,1,T0164,T0019,away,16,175.09,0,Glittering,1564
B009750,2024-03-16,V053,triples,T0007,T0057,3,3,T0057,T0007,away,14,56.97,0,Rain,519
B009751,2024-01-15,V030,doubles,T0150,T0180,2,2,T0150,T0180,home,15,258.24,0,Sunny,669
B009752,2024-05-14,V051,doubles,T0002,T0100,2,2,T0002,T0100,home,11,27.57,0,Overcast,441
B009753,2026-03-21,V036,doubles,T0012,T0055,2,2,T0012,T0055,home,13,146.97,0,Hail,750
B009754,2024-07-11,V046,singles,T0105,T0101,1,1,T0105,T0101,home,10,83.96,0,Sandstorm,441
B009755,2025-10-10,V005,doubles,T0084,T0055,2,2,T0055,T0084,away,14,291.77,0,Moonless,1048
B009756,2024-10-03,V009,doubles,T0142,T0039,2,2,T0142,T0039,home,15,330.98,0,High Winds,1941
B009757,2025-07-07,V021,doubles,T0036,T0080,2,3,T0080,T0036,away,14,140.2,0,Harsh Sun,221
B009758,2024-05-21,V007,doubles,T0166,T0139,2,2,T0166,T0139,home,23,695.32,1,High Winds,1743
B009759,2025-11-05,V046,doubles,T0044,T0070,2,2,T0044,T0070,home,13,314.88,0,Sandstorm,472
B009760,2024-03-20,V009,singles,T0010,T0019,1,1,T0010,T0019,home,11,15.61,0,High Winds,1604
B009761,2024-05-21,V019,triples,T0027,T0021,3,3,T0021,T0027,away,10,94.63,0,Harsh Sun,892
B009762,2025-03-09,V032,singles,T0079,T0108,1,1,T0079,T0108,home,10,67.76,0,Dusty,1218
B009763,2026-03-12,V052,singles,T0166,T0009,1,1,T0166,T0009,home,10,507.79,0,Rain,656
B009764,2024-11-02,V020,doubles,T0020,T0172,2,2,T0172,T0020,away,13,65.96,0,Harsh Sun,1653
B009765,2025-04-21,V001,doubles,T0094,T0125,2,2,T0094,T0125,home,14,291.44,0,Breezy,686
B009766,2024-07-02,V041,triples,T0004,T0147,3,3,T0147,T0004,away,24,377.55,1,Smog,698
B009767,2025-04-22,V025,triples,T0104,T0028,3,3,T0028,T0104,away,16,140.55,0,Fog,1312
B009768,2026-03-24,V003,singles,T0074,T0157,1,1,T0157,T0074,away,10,145.28,0,Breezy,388
B009769,2026-01-28,V010,triples,T0155,T0025,3,3,T0025,T0155,away,11,439.6,0,Thunderstorm,675
B009770,2025-04-03,V023,doubles,T0108,T0015,2,2,T0108,T0015,home,12,97.76,0,Windy,1201
B009771,2025-12-22,V012,triples,T0030,T0124,3,2,T0030,T0124,home,16,198.16,0,Thunderstorm,862
B009772,2024-02-12,V011,triples,T0095,T0123,3,3,T0095,T0123,home,14,619.36,0,Thunderstorm,175
B009773,2024-12-18,V049,singles,T0079,T0004,1,1,T0079,T0004,home,6,99.64,0,Overcast,694
B009774,2025-07-05,V052,singles,T0029,T0086,1,2,T0086,T0029,away,6,676.22,0,Rain,688
B009775,2026-03-06,V006,doubles,T0029,T0020,2,2,T0020,T0029,away,14,504.43,0,Moonless,456
B009776,2024-04-30,V024,doubles,T0165,T0172,2,2,T0172,T0165,away,10,101.82,0,Windy,715
B009777,2024-09-28,V053,triples,T0168,T0021,3,3,T0168,T0021,home,24,207.94,1,Rain,465
B009778,2026-03-19,V006,doubles,T0013,T0151,2,2,T0013,T0151,home,17,454.39,0,Moonless,389
B009779,2024-09-06,V022,singles,T0162,T0054,1,1,T0162,T0054,home,12,5.26,0,Windy,1111
B009780,2025-07-08,V044,singles,T0152,T0127,1,1,T0127,T0152,away,5,134.29,0,Odd Aura,1195
B009781,2024-03-16,V014,singles,T0142,T0030,1,1,T0030,T0142,away,7,264.4,0,Glittering,1992
B009782,2024-08-11,V020,singles,T0090,T0135,1,1,T0090,T0135,home,12,15.61,0,Harsh Sun,1783
B009783,2025-10-23,V018,triples,T0079,T0017,3,3,T0079,T0017,home,17,221.56,0,Clear,1405
B009784,2026-03-09,V052,doubles,T0053,T0042,2,2,T0053,T0042,home,7,227.69,0,Rain,772
B009785,2025-12-27,V049,doubles,T0025,T0106,2,2,T0106,T0025,away,18,49.16,1,Overcast,715
B009786,2024-08-15,V042,doubles,T0122,T0003,2,2,T0003,T0122,away,10,82.45,0,Smog,437
B009787,2025-12-05,V051,doubles,T0012,T0080,2,2,T0012,T0080,home,12,77.38,0,Overcast,432
B009788,2024-06-06,V024,singles,T0084,T0001,1,1,T0084,T0001,home,13,246.62,0,Windy,1284
B009789,2024-12-09,V038,doubles,T0109,T0095,2,2,T0109,T0095,home,10,17.34,0,Clear,880
B009790,2025-05-05,V040,doubles,T0165,T0006,2,2,T0006,T0165,away,12,344.06,0,Smog,231
B009791,2024-03-08,V008,singles,T0012,T0042,1,1,T0012,T0042,home,14,163.66,0,High Winds,214
B009792,2025-10-16,V035,singles,T0120,T0035,1,1,T0120,T0035,home,11,43.59,0,Hail,398
B009793,2025-09-17,V027,doubles,T0147,T0083,2,2,T0147,T0083,home,15,341.36,0,Fog,715
B009794,2026-02-04,V050,triples,T0100,T0130,3,3,T0130,T0100,away,17,182.85,0,Overcast,225
B009795,2025-01-30,V002,doubles,T0080,T0131,2,2,T0131,T0080,away,8,53.28,0,Breezy,1330
B009796,2024-01-18,V036,singles,T0023,T0044,1,1,T0023,T0044,home,10,51.51,0,Hail,758
B009797,2024-07-25,V013,triples,T0052,T0018,3,3,T0018,T0052,away,12,37.15,0,Glittering,1801
B009798,2025-09-09,V015,doubles,T0043,T0064,2,2,T0043,T0064,home,15,112.88,0,Glittering,184
B009799,2024-02-25,V035,singles,T0105,T0119,1,1,T0119,T0105,away,7,56.46,0,Hail,470
B009800,2025-01-11,V007,singles,T0039,T0113,1,1,T0113,T0039,away,7,352.18,0,High Winds,1327
B009801,2024-12-13,V023,triples,T0139,T0155,3,3,T0155,T0139,away,16,426.67,0,Windy,1249
B009802,2025-09-13,V046,doubles,T0150,T0177,2,2,T0150,T0177,home,23,388.47,1,Sandstorm,427
B009803,2025-12-29,V036,triples,T0132,T0173,3,3,T0173,T0132,away,12,313.19,0,Hail,663
B009804,2025-01-19,V024,singles,T0035,T0103,1,1,T0035,T0103,home,10,159.79,0,Windy,975
B009805,2025-08-17,V003,doubles,T0077,T0051,2,1,T0077,T0051,home,10,568.38,0,Breezy,545
B009806,2024-10-15,V004,singles,T0052,T0114,1,1,T0052,T0114,home,9,64.07,0,Moonless,751
B009807,2025-09-04,V026,singles,T0150,T0076,1,1,T0076,T0150,away,7,16.82,0,Fog,506
B009808,2025-10-09,V009,triples,T0006,T0139,3,3,T0006,T0139,home,19,69.69,0,High Winds,1669
B009809,2025-07-21,V018,triples,T0120,T0039,3,3,T0120,T0039,home,14,425.74,0,Clear,1499
B009810,2025-06-22,V006,singles,T0045,T0149,1,1,T0045,T0149,home,6,166.46,0,Moonless,479
B009811,2024-12-30,V013,singles,T0090,T0109,1,1,T0090,T0109,home,10,63.99,0,Glittering,1714
B009812,2024-03-07,V004,singles,T0053,T0099,1,1,T0099,T0053,away,8,254.32,0,Moonless,904
B009813,2024-05-04,V011,doubles,T0114,T0061,2,2,T0061,T0114,away,13,28.6,0,Thunderstorm,160
B009814,2025-07-13,V051,doubles,T0124,T0153,2,2,T0124,T0153,home,16,164.02,0,Overcast,375
B009815,2026-03-05,V052,singles,T0167,T0045,1,1,T0045,T0167,away,10,10.39,0,Rain,592
B009816,2025-04-24,V053,doubles,T0111,T0097,2,2,T0097,T0111,away,10,316.14,0,Rain,413
B009817,2025-02-15,V033,doubles,T0062,T0157,2,2,T0157,T0062,away,10,57.24,0,Dusty,1466
B009818,2025-12-22,V032,singles,T0050,T0160,1,1,T0050,T0160,home,9,167.72,0,Dusty,1334
B009819,2025-02-23,V013,singles,T0001,T0046,1,1,T0001,T0046,home,8,85.08,0,Glittering,1409
B009820,2026-01-19,V013,singles,T0171,T0149,1,1,T0149,T0171,away,12,165.95,0,Glittering,2383
B009821,2025-05-07,V011,doubles,T0139,T0109,2,2,T0139,T0109,home,10,29.6,0,Thunderstorm,165
B009822,2025-04-13,V018,triples,T0096,T0077,3,3,T0096,T0077,home,9,88.58,0,Clear,1398
B009823,2024-04-26,V024,singles,T0003,T0035,1,1,T0035,T0003,away,10,74.73,0,Windy,811
B009824,2025-10-21,V006,triples,T0178,T0126,3,3,T0126,T0178,away,16,98.78,0,Moonless,400
B009825,2025-09-19,V004,singles,T0056,T0123,1,1,T0123,T0056,away,10,202.81,0,Moonless,691
B009826,2025-12-30,V011,triples,T0061,T0132,3,3,T0061,T0132,home,15,220.53,0,Thunderstorm,123
B009827,2024-04-28,V038,singles,T0024,T0088,1,1,T0088,T0024,away,11,137.57,0,Clear,1004
B009828,2025-08-19,V041,triples,T0105,T0123,3,3,T0105,T0123,home,12,85.03,0,Smog,589
B009829,2024-05-25,V003,doubles,T0054,T0161,2,2,T0054,T0161,home,13,166.47,0,Breezy,494
B009830,2024-10-12,V010,singles,T0096,T0041,1,1,T0041,T0096,away,4,113.96,0,Thunderstorm,515
B009831,2025-12-22,V039,singles,T0123,T0051,1,1,T0051,T0123,away,13,417.91,0,Clear,663
B009832,2024-04-28,V049,doubles,T0170,T0125,2,3,T0125,T0170,away,10,133.73,0,Overcast,776
B009833,2024-08-24,V015,doubles,T0097,T0174,2,2,T0174,T0097,away,14,116.75,0,Glittering,171
B009834,2024-10-20,V042,singles,T0092,T0006,1,1,T0092,T0006,home,9,204.82,0,Smog,762
B009835,2025-03-01,V011,triples,T0176,T0037,3,3,T0176,T0037,home,18,194.34,1,Thunderstorm,156
B009836,2024-04-11,V050,singles,T0058,T0147,1,2,T0147,T0058,away,12,496.21,0,Overcast,216
B009837,2025-06-29,V030,triples,T0117,T0115,3,3,T0117,T0115,home,8,389.19,0,Sunny,855
B009838,2025-09-25,V036,doubles,T0168,T0138,2,2,T0168,T0138,home,20,20.51,1,Hail,773
B009839,2025-05-24,V027,triples,T0101,T0032,3,3,T0032,T0101,away,17,195.84,0,Fog,829
B009840,2025-01-27,V034,singles,T0074,T0022,1,1,T0022,T0074,away,12,93.22,0,Hail,1598
B009841,2024-02-23,V039,doubles,T0173,T0052,2,2,T0052,T0173,away,12,162.75,0,Clear,687
B009842,2024-02-20,V028,singles,T0153,T0168,1,1,T0153,T0168,home,6,64.01,0,Sunny,1013
B009843,2026-03-01,V049,singles,T0045,T0180,1,1,T0180,T0045,away,13,125.27,0,Overcast,641
B009844,2024-09-02,V039,singles,T0007,T0125,1,1,T0007,T0125,home,12,137.85,0,Clear,618
B009845,2024-11-12,V041,singles,T0132,T0086,1,1,T0132,T0086,home,10,187.88,0,Smog,548
B009846,2025-03-04,V012,triples,T0030,T0140,3,3,T0030,T0140,home,13,416.08,0,Thunderstorm,889
B009847,2025-02-17,V030,singles,T0038,T0049,1,1,T0049,T0038,away,12,240.47,0,Sunny,672
B009848,2025-06-01,V008,doubles,T0117,T0052,2,2,T0117,T0052,home,9,349.74,0,High Winds,346
B009849,2024-12-22,V025,triples,T0021,T0098,3,3,T0098,T0021,away,17,34.52,0,Fog,1163
B009850,2024-03-23,V019,triples,T0057,T0075,3,3,T0057,T0075,home,14,454.62,0,Harsh Sun,773
B009851,2026-02-25,V046,doubles,T0049,T0113,2,2,T0049,T0113,home,12,11.98,0,Sandstorm,506
B009852,2024-11-15,V054,doubles,T0035,T0012,2,2,T0012,T0035,away,14,204.18,0,Rain,606
B009853,2025-06-29,V023,triples,T0047,T0170,3,3,T0170,T0047,away,14,224.19,0,Windy,1165
B009854,2026-02-18,V030,triples,T0150,T0152,3,3,T0150,T0152,home,19,225.46,0,Sunny,771
B009855,2024-09-17,V036,doubles,T0077,T0121,2,2,T0077,T0121,home,12,151.44,0,Hail,681
B009856,2026-01-03,V025,doubles,T0145,T0170,2,2,T0145,T0170,home,21,98.89,1,Fog,1170
B009857,2024-06-08,V011,doubles,T0161,T0125,2,2,T0161,T0125,home,14,284.01,0,Thunderstorm,134
B009858,2025-01-16,V027,singles,T0086,T0079,1,1,T0079,T0086,away,12,293.98,0,Fog,738
B009859,2024-05-20,V021,doubles,T0036,T0146,2,2,T0146,T0036,away,12,139.37,0,Harsh Sun,278
B009860,2024-03-18,V043,doubles,T0048,T0108,2,2,T0108,T0048,away,10,427.31,0,Odd Aura,1108
B009861,2025-12-04,V006,doubles,T0120,T0125,2,2,T0120,T0125,home,11,11.95,0,Moonless,410
B009862,2025-11-25,V028,doubles,T0071,T0064,2,2,T0071,T0064,home,5,35.47,0,Sunny,1147
B009863,2024-01-29,V047,doubles,T0133,T0131,2,2,T0131,T0133,away,9,172.2,0,Sandstorm,384
B009864,2025-05-29,V024,doubles,T0058,T0089,2,2,T0058,T0089,home,8,45.3,0,Windy,990
B009865,2024-03-16,V001,doubles,T0156,T0138,2,2,T0138,T0156,away,13,311.1,0,Breezy,552
B009866,2024-06-28,V054,singles,T0142,T0134,1,1,T0142,T0134,home,14,28.46,0,Rain,547
B009867,2025-08-01,V047,doubles,T0132,T0168,2,2,T0132,T0168,home,14,159.34,0,Sandstorm,256
B009868,2024-04-27,V052,doubles,T0144,T0112,2,2,T0112,T0144,away,13,194.37,0,Rain,702
B009869,2024-04-15,V052,doubles,T0086,T0088,2,2,T0086,T0088,home,11,100.27,0,Rain,782
B009870,2025-07-23,V041,singles,T0056,T0102,1,1,T0102,T0056,away,9,208.63,0,Smog,370
B009871,2025-02-02,V034,doubles,T0143,T0146,2,2,T0143,T0146,home,13,85.6,0,Hail,1394
B009872,2026-03-27,V016,singles,T0131,T0029,1,1,T0131,T0029,home,7,338.26,0,Clear,173
B009873,2025-12-10,V009,doubles,T0161,T0043,2,3,T0043,T0161,away,15,560.76,0,High Winds,1610
B009874,2025-02-20,V019,doubles,T0098,T0038,2,2,T0098,T0038,home,11,32.05,0,Harsh Sun,1230
B009875,2025-01-02,V010,doubles,T0146,T0045,2,2,T0045,T0146,away,21,236.27,1,Thunderstorm,685
B009876,2025-06-20,V054,doubles,T0055,T0076,2,2,T0076,T0055,away,18,3.57,1,Rain,521
B009877,2025-12-08,V026,singles,T0057,T0053,1,1,T0053,T0057,away,12,202.41,0,Fog,836
B009878,2024-03-31,V038,doubles,T0150,T0083,2,2,T0150,T0083,home,9,213.34,0,Clear,831
B009879,2025-07-01,V054,doubles,T0172,T0155,2,1,T0172,T0155,home,9,318.38,0,Rain,638
B009880,2025-11-07,V018,singles,T0172,T0051,1,1,T0172,T0051,home,5,132.36,0,Clear,1049
B009881,2024-03-29,V001,triples,T0157,T0162,3,3,T0157,T0162,home,15,372.5,0,Breezy,614
B009882,2025-12-24,V027,singles,T0151,T0077,1,1,T0077,T0151,away,4,94.8,0,Fog,726
B009883,2025-01-06,V032,doubles,T0071,T0011,2,2,T0071,T0011,home,15,214.51,0,Dusty,1119
B009884,2025-10-11,V010,doubles,T0091,T0155,2,2,T0091,T0155,home,15,240.6,0,Thunderstorm,535
B009885,2024-11-29,V042,doubles,T0167,T0110,2,2,T0167,T0110,home,18,232.87,1,Smog,769
B009886,2025-05-02,V036,singles,T0092,T0036,1,1,T0092,T0036,home,13,178.01,0,Hail,694
B009887,2024-01-13,V036,doubles,T0050,T0042,2,2,T0050,T0042,home,13,309.05,0,Hail,618
B009888,2026-02-21,V017,singles,T0136,T0096,1,1,T0096,T0136,away,11,49.39,0,Clear,682
B009889,2024-09-02,V037,doubles,T0113,T0086,2,2,T0086,T0113,away,7,17.22,0,Clear,950
B009890,2024-05-25,V024,doubles,T0136,T0177,2,2,T0136,T0177,home,9,246.6,0,Windy,1318
B009891,2024-08-06,V029,doubles,T0101,T0115,2,2,T0115,T0101,away,15,67.57,0,Sunny,474
B009892,2024-07-23,V011,triples,T0019,T0113,3,3,T0113,T0019,away,15,127.19,0,Thunderstorm,160
B009893,2025-09-12,V037,singles,T0086,T0092,1,1,T0086,T0092,home,7,45.69,0,Clear,994
B009894,2026-01-03,V012,triples,T0158,T0148,3,3,T0148,T0158,away,13,332.9,0,Thunderstorm,986
B009895,2025-04-28,V012,doubles,T0061,T0035,2,2,T0035,T0061,away,9,265.9,0,Thunderstorm,887
B009896,2025-03-13,V052,singles,T0043,T0100,1,1,T0043,T0100,home,7,163.31,0,Rain,568
B009897,2025-09-19,V041,singles,T0157,T0150,1,1,T0157,T0150,home,9,161.73,0,Smog,650
B009898,2025-09-06,V022,triples,T0022,T0173,3,3,T0022,T0173,home,18,529.4,0,Windy,1171
B009899,2024-09-15,V028,singles,T0004,T0072,1,1,T0072,T0004,away,14,11.01,0,Sunny,414
B009900,2026-01-09,V002,singles,T0105,T0010,1,1,T0010,T0105,away,8,17.28,0,Breezy,1045
B009901,2025-09-25,V011,singles,T0030,T0050,1,1,T0050,T0030,away,14,5.77,0,Thunderstorm,155
B009902,2024-10-28,V026,singles,T0125,T0152,1,1,T0152,T0125,away,10,22.11,0,Fog,655
B009903,2026-01-09,V052,singles,T0086,T0033,1,1,T0086,T0033,home,10,262.87,0,Rain,733
B009904,2024-10-06,V039,triples,T0144,T0138,3,3,T0144,T0138,home,17,300.2,1,Clear,783
B009905,2025-01-15,V053,triples,T0165,T0042,3,3,T0165,T0042,home,14,346.87,0,Rain,485
B009906,2025-01-11,V045,singles,T0007,T0112,1,1,T0112,T0007,away,7,303.45,0,Odd Aura,570
B009907,2024-10-05,V019,singles,T0010,T0113,1,1,T0113,T0010,away,11,72.08,0,Harsh Sun,936
B009908,2025-05-31,V043,singles,T0097,T0123,1,1,T0097,T0123,home,10,70.14,0,Odd Aura,1117
B009909,2026-01-01,V052,singles,T0123,T0002,1,1,T0002,T0123,away,13,383.09,0,Rain,529
B009910,2024-07-30,V052,doubles,T0114,T0134,2,2,T0114,T0134,home,7,198.64,0,Rain,636
B009911,2025-08-29,V052,singles,T0008,T0100,1,1,T0008,T0100,home,10,122.57,0,Rain,526
B009912,2025-06-29,V008,doubles,T0052,T0015,2,2,T0015,T0052,away,18,199.74,0,High Winds,305
B009913,2024-11-26,V042,triples,T0133,T0149,3,3,T0133,T0149,home,11,56.3,0,Smog,676
B009914,2024-06-14,V016,triples,T0128,T0173,3,3,T0128,T0173,home,18,522.87,0,Clear,228
B009915,2024-05-09,V011,triples,T0152,T0076,3,3,T0152,T0076,home,12,234.09,0,Thunderstorm,166
B009916,2025-10-30,V004,triples,T0041,T0077,3,3,T0041,T0077,home,11,273.87,0,Moonless,783
B009917,2025-04-18,V004,singles,T0046,T0039,1,1,T0046,T0039,home,11,162.02,0,Moonless,645
B009918,2024-08-19,V040,triples,T0103,T0130,3,3,T0130,T0103,away,12,715.67,0,Smog,273
B009919,2024-03-02,V004,doubles,T0171,T0157,2,2,T0171,T0157,home,12,134.7,0,Moonless,655
B009920,2024-08-15,V023,doubles,T0141,T0136,2,2,T0141,T0136,home,18,447.3,1,Windy,1333
B009921,2024-04-18,V023,singles,T0109,T0133,1,1,T0133,T0109,away,10,294.16,0,Windy,1321
B009922,2025-01-01,V001,singles,T0114,T0161,1,1,T0161,T0114,away,11,151.25,0,Breezy,774
B009923,2025-10-04,V024,singles,T0071,T0097,1,1,T0097,T0071,away,14,180.42,0,Windy,1038
B009924,2024-08-20,V023,doubles,T0139,T0107,2,2,T0107,T0139,away,16,53.25,0,Windy,1171
B009925,2024-04-30,V006,singles,T0117,T0162,1,1,T0162,T0117,away,13,211.75,0,Moonless,535
B009926,2026-01-01,V015,singles,T0161,T0002,1,1,T0161,T0002,home,7,318.33,0,Glittering,156
B009927,2026-03-10,V047,singles,T0156,T0079,1,1,T0079,T0156,away,10,248.03,0,Sandstorm,298
B009928,2025-04-22,V050,singles,T0100,T0059,1,2,T0059,T0100,away,10,449.21,0,Overcast,181
B009929,2024-03-20,V050,singles,T0067,T0115,1,1,T0067,T0115,home,11,57.97,0,Overcast,207
B009930,2024-04-26,V015,singles,T0078,T0110,1,1,T0078,T0110,home,13,30.25,0,Glittering,177
B009931,2024-09-22,V003,singles,T0052,T0008,1,1,T0008,T0052,away,10,38.71,0,Breezy,260
B009932,2025-08-27,V010,triples,T0076,T0115,3,3,T0076,T0115,home,15,111.31,0,Thunderstorm,538
B009933,2025-05-20,V006,triples,T0143,T0025,3,3,T0025,T0143,away,24,518.68,1,Moonless,419
B009934,2024-02-08,V031,doubles,T0054,T0176,2,2,T0176,T0054,away,8,299.03,0,Dusty,402
B009935,2025-08-03,V049,singles,T0013,T0115,1,1,T0013,T0115,home,12,108.24,0,Overcast,733
B009936,2024-06-07,V035,singles,T0168,T0014,1,1,T0168,T0014,home,9,275.76,0,Hail,342
B009937,2024-07-27,V040,triples,T0170,T0159,3,3,T0159,T0170,away,12,592.16,0,Smog,237
B009938,2025-07-14,V032,triples,T0170,T0073,3,3,T0073,T0170,away,24,18.94,1,Dusty,1097
B009939,2024-08-12,V037,doubles,T0117,T0100,2,2,T0117,T0100,home,20,357.97,1,Clear,1342
B009940,2024-10-02,V029,triples,T0053,T0040,3,3,T0040,T0053,away,21,457.86,0,Sunny,476
B009941,2024-05-15,V043,doubles,T0114,T0016,2,2,T0016,T0114,away,12,176.66,1,Odd Aura,1180
B009942,2024-09-26,V001,doubles,T0180,T0048,2,2,T0048,T0180,away,13,291.16,0,Breezy,533
B009943,2024-08-17,V030,singles,T0171,T0028,1,1,T0028,T0171,away,12,62.14,0,Sunny,832
B009944,2025-07-31,V032,singles,T0153,T0120,1,1,T0153,T0120,home,12,116.19,0,Dusty,1163
B009945,2025-07-25,V049,doubles,T0017,T0167,2,2,T0017,T0167,home,13,201.15,0,Overcast,624
B009946,2025-12-18,V014,doubles,T0001,T0052,2,2,T0001,T0052,home,16,40.19,1,Glittering,1648
B009947,2024-08-05,V010,doubles,T0096,T0145,2,2,T0145,T0096,away,8,301.92,0,Thunderstorm,411
B009948,2025-05-05,V031,doubles,T0002,T0082,2,2,T0002,T0082,home,15,90.67,0,Dusty,430
B009949,2025-08-17,V053,triples,T0063,T0054,3,3,T0063,T0054,home,11,117.54,0,Rain,378
B009950,2025-04-12,V003,singles,T0178,T0081,1,1,T0178,T0081,home,11,52.28,0,Breezy,368
B009951,2025-06-10,V028,singles,T0004,T0144,1,1,T0144,T0004,away,15,20.11,0,Sunny,1067
B009952,2025-03-15,V024,doubles,T0136,T0034,2,2,T0034,T0136,away,16,3.09,0,Windy,655
B009953,2024-11-24,V039,doubles,T0068,T0086,2,2,T0086,T0068,away,8,98.95,0,Clear,664
B009954,2024-10-27,V027,singles,T0043,T0110,1,1,T0043,T0110,home,13,162.56,0,Fog,699
B009955,2024-10-09,V010,doubles,T0176,T0124,2,2,T0124,T0176,away,22,11.53,1,Thunderstorm,535
B009956,2025-01-17,V046,triples,T0130,T0071,3,3,T0130,T0071,home,18,241.54,0,Sandstorm,514
B009957,2024-07-16,V032,triples,T0152,T0064,3,3,T0152,T0064,home,13,313.41,0,Dusty,1162
B009958,2024-09-21,V034,singles,T0081,T0174,1,1,T0174,T0081,away,13,44.3,0,Hail,1578
B009959,2024-01-11,V041,singles,T0130,T0132,1,1,T0130,T0132,home,12,79.08,0,Smog,385
B009960,2026-03-12,V013,doubles,T0155,T0134,2,2,T0155,T0134,home,15,237.24,0,Glittering,1627
B009961,2024-04-30,V040,singles,T0066,T0177,1,1,T0066,T0177,home,12,361.1,0,Smog,270
B009962,2024-12-16,V006,singles,T0158,T0035,1,1,T0035,T0158,away,11,197.24,0,Moonless,395
B009963,2025-06-27,V035,doubles,T0174,T0164,2,2,T0174,T0164,home,20,87.05,1,Hail,398
B009964,2024-10-10,V027,doubles,T0043,T0158,2,2,T0158,T0043,away,9,124.24,0,Fog,791
B009965,2024-01-06,V052,doubles,T0179,T0066,2,2,T0066,T0179,away,13,124.08,0,Rain,798
B009966,2025-08-19,V009,doubles,T0036,T0121,2,2,T0121,T0036,away,12,159.14,0,High Winds,1811
B009967,2024-01-02,V022,triples,T0008,T0158,3,3,T0158,T0008,away,15,31.23,0,Windy,615
B009968,2024-08-12,V002,doubles,T0146,T0039,2,2,T0039,T0146,away,11,37.8,0,Breezy,1124
B009969,2026-01-06,V005,singles,T0013,T0131,1,1,T0013,T0131,home,5,436.98,0,Moonless,1166
B009970,2025-05-16,V029,singles,T0092,T0033,1,1,T0033,T0092,away,5,19.79,0,Sunny,536
B009971,2025-11-01,V019,doubles,T0156,T0140,2,2,T0156,T0140,home,9,193.5,0,Harsh Sun,834
B009972,2025-07-02,V003,doubles,T0034,T0155,2,2,T0155,T0034,away,19,42.35,1,Breezy,458
B009973,2025-02-19,V014,doubles,T0128,T0098,2,2,T0098,T0128,away,11,117.08,0,Glittering,1648
B009974,2024-01-25,V035,doubles,T0005,T0108,2,2,T0005,T0108,home,12,105.48,0,Hail,376
B009975,2025-02-25,V036,triples,T0050,T0094,3,3,T0050,T0094,home,24,690.16,1,Hail,710
B009976,2024-08-14,V009,doubles,T0115,T0042,2,2,T0115,T0042,home,11,63.25,0,High Winds,2230
B009977,2025-08-30,V024,singles,T0145,T0149,1,1,T0145,T0149,home,9,84.03,0,Windy,1058
B009978,2024-03-26,V046,triples,T0143,T0119,3,3,T0119,T0143,away,24,52.67,1,Sandstorm,471
B009979,2025-06-20,V016,singles,T0027,T0017,1,1,T0017,T0027,away,7,24.63,0,Clear,207
B009980,2025-04-04,V043,doubles,T0081,T0126,2,2,T0126,T0081,away,6,531.96,0,Odd Aura,1278
B009981,2025-09-25,V043,triples,T0083,T0027,3,3,T0083,T0027,home,17,378.86,0,Odd Aura,937
B009982,2025-02-19,V039,doubles,T0068,T0006,2,2,T0068,T0006,home,15,115.24,0,Clear,676
B009983,2025-03-23,V009,doubles,T0006,T0025,2,2,T0006,T0025,home,8,236.1,0,High Winds,1657
B009984,2024-08-08,V030,doubles,T0078,T0037,2,2,T0037,T0078,away,12,176.11,0,Sunny,523
B009985,2025-04-12,V026,singles,T0097,T0080,1,1,T0080,T0097,away,4,97.47,0,Fog,737
B009986,2025-08-30,V051,singles,T0044,T0175,1,1,T0175,T0044,away,14,73.07,0,Overcast,423
B009987,2024-01-18,V006,doubles,T0129,T0061,2,2,T0129,T0061,home,24,208.39,1,Moonless,619
B009988,2024-11-05,V026,doubles,T0047,T0040,2,2,T0040,T0047,away,17,277.16,0,Fog,591
B009989,2024-06-04,V035,triples,T0055,T0045,3,3,T0055,T0045,home,17,315.33,1,Hail,322
B009990,2024-06-16,V044,doubles,T0153,T0092,2,2,T0153,T0092,home,13,106.16,0,Odd Aura,1680
B009991,2024-10-25,V014,triples,T0027,T0079,3,3,T0027,T0079,home,16,33.81,0,Glittering,1285
B009992,2026-01-17,V046,singles,T0015,T0148,1,1,T0015,T0148,home,7,249.72,0,Sandstorm,432
B009993,2025-11-05,V016,doubles,T0092,T0121,2,2,T0092,T0121,home,14,71.83,0,Clear,181
B009994,2025-05-01,V048,triples,T0167,T0139,3,3,T0139,T0167,away,20,487.65,0,Sandstorm,1638
B009995,2024-12-25,V016,triples,T0131,T0046,3,3,T0131,T0046,home,8,278.63,0,Clear,188
B009996,2025-08-05,V029,singles,T0172,T0144,1,1,T0144,T0172,away,10,53.64,0,Sunny,441
B009997,2024-12-19,V024,doubles,T0168,T0039,2,2,T0039,T0168,away,21,53.04,1,Windy,1102
B009998,2024-01-12,V026,singles,T0068,T0018,1,1,T0068,T0018,home,18,294.15,0,Fog,869
B009999,2024-02-20,V017,singles,T0022,T0091,1,1,T0091,T0022,away,10,1.04,0,Clear,609
B010000,2024-12-15,V054,doubles,T0125,T0112,2,2,T0112,T0125,away,13,143.23,0,Rain,690
